year,country,wave_pgf,wave_lp,wave_gdp
1891,AUS,-0.040665,-0.042692,-0.008448
1892,AUS,-0.034724,-0.036289,-0.008749
1893,AUS,-0.028651,-0.029754,-0.00815
1894,AUS,-0.022541,-0.023167,-0.006697
1895,AUS,-0.016583,-0.016695,-0.004562
1896,AUS,-0.010884,-0.010431,-0.001874
1897,AUS,-0.005664,-0.004583,0.001101
1898,AUS,-0.001001,0.000774,0.004211
1899,AUS,0.002894,0.005428,0.007162
1900,AUS,0.006092,0.009438,0.009924
1901,AUS,0.008625,0.012819,0.012429
1902,AUS,0.010595,0.015648,0.014675
1903,AUS,0.011975,0.017851,0.016555
1904,AUS,0.0127,0.01931,0.017917
1905,AUS,0.012826,0.02006,0.018715
1906,AUS,0.012431,0.020169,0.018969
1907,AUS,0.011574,0.019709,0.018659
1908,AUS,0.010374,0.018817,0.01783
1909,AUS,0.008933,0.017596,0.016541
1910,AUS,0.007311,0.016125,0.014845
1911,AUS,0.005647,0.014564,0.012888
1912,AUS,0.004111,0.013097,0.010877
1913,AUS,0.002844,0.011889,0.008951
1914,AUS,0.001938,0.011031,0.007228
1915,AUS,0.001513,0.010652,0.005828
1916,AUS,0.001577,0.010768,0.004808
1917,AUS,0.002085,0.011365,0.004161
1918,AUS,0.002919,0.012324,0.003864
1919,AUS,0.00388,0.013411,0.003847
1920,AUS,0.004711,0.014332,0.003956
1921,AUS,0.005284,0.014915,0.004078
1922,AUS,0.005537,0.015069,0.004114
1923,AUS,0.005533,0.014865,0.004016
1924,AUS,0.005385,0.014428,0.003792
1925,AUS,0.005202,0.013879,0.003491
1926,AUS,0.005121,0.01336,0.003242
1927,AUS,0.005301,0.013034,0.003217
1928,AUS,0.005865,0.01302,0.003589
1929,AUS,0.006905,0.013406,0.004513
1930,AUS,0.008445,0.014202,0.006105
1931,AUS,0.010438,0.015351,0.008401
1932,AUS,0.012625,0.016599,0.011217
1933,AUS,0.014612,0.017555,0.014198
1934,AUS,0.01618,0.018019,0.017064
1935,AUS,0.017336,0.018064,0.019632
1936,AUS,0.018182,0.017869,0.02177
1937,AUS,0.018813,0.017572,0.023411
1938,AUS,0.019294,0.017268,0.02452
1939,AUS,0.019685,0.017035,0.025097
1940,AUS,0.020012,0.016918,0.025141
1941,AUS,0.020201,0.016865,0.024589
1942,AUS,0.020191,0.016826,0.023437
1943,AUS,0.020059,0.016892,0.021833
1944,AUS,0.020048,0.017319,0.020088
1945,AUS,0.020373,0.018308,0.018524
1946,AUS,0.021065,0.019845,0.017335
1947,AUS,0.022007,0.021753,0.016555
1948,AUS,0.022945,0.02371,0.016092
1949,AUS,0.023636,0.025399,0.015839
1950,AUS,0.024045,0.026781,0.015752
1951,AUS,0.024224,0.02791,0.015829
1952,AUS,0.024239,0.028835,0.016087
1953,AUS,0.024152,0.029596,0.016536
1954,AUS,0.02396,0.030174,0.017131
1955,AUS,0.023645,0.030538,0.017816
1956,AUS,0.023226,0.030696,0.018579
1957,AUS,0.022749,0.030679,0.019432
1958,AUS,0.022237,0.0305,0.020368
1959,AUS,0.021672,0.030141,0.02134
1960,AUS,0.021052,0.029623,0.022312
1961,AUS,0.02042,0.029021,0.023281
1962,AUS,0.019809,0.028394,0.024242
1963,AUS,0.019185,0.027737,0.025094
1964,AUS,0.018529,0.027056,0.025761
1965,AUS,0.017845,0.026367,0.026199
1966,AUS,0.017145,0.025686,0.026397
1967,AUS,0.016436,0.025019,0.026349
1968,AUS,0.015669,0.024313,0.026019
1969,AUS,0.014833,0.023544,0.025421
1970,AUS,0.013929,0.022703,0.024585
1971,AUS,0.01298,0.021802,0.023566
1972,AUS,0.012036,0.020876,0.022462
1973,AUS,0.011145,0.01996,0.021358
1974,AUS,0.010341,0.01909,0.020299
1975,AUS,0.009663,0.018305,0.019348
1976,AUS,0.009091,0.017581,0.018522
1977,AUS,0.008632,0.016928,0.017827
1978,AUS,0.008296,0.016359,0.017285
1979,AUS,0.008072,0.015863,0.016889
1980,AUS,0.007939,0.015428,0.016617
1981,AUS,0.007906,0.015066,0.01648
1982,AUS,0.007957,0.014756,0.016481
1983,AUS,0.008102,0.014509,0.016658
1984,AUS,0.008316,0.014318,0.016976
1985,AUS,0.008576,0.014201,0.017334
1986,AUS,0.008893,0.014193,0.017702
1987,AUS,0.009301,0.014347,0.018092
1988,AUS,0.009774,0.014636,0.018484
1989,AUS,0.010318,0.015069,0.018897
1990,AUS,0.010942,0.015642,0.019369
1991,AUS,0.011624,0.016308,0.019952
1992,AUS,0.012315,0.016995,0.020655
1993,AUS,0.012943,0.017639,0.021398
1994,AUS,0.013468,0.018214,0.022097
1995,AUS,0.013871,0.018715,0.022686
1996,AUS,0.014138,0.019129,0.023134
1997,AUS,0.014219,0.019389,0.023402
1998,AUS,0.014092,0.019464,0.023459
1999,AUS,0.013757,0.019349,0.023289
2000,AUS,0.013253,0.019074,0.022908
2001,AUS,0.012604,0.018656,0.022348
2002,AUS,0.011844,0.018124,0.021638
2003,AUS,0.01101,0.017519,0.020791
2004,AUS,0.010149,0.016883,0.019832
2005,AUS,0.009304,0.016258,0.018784
2006,AUS,0.008513,0.015671,0.017685
2007,AUS,0.007805,0.015142,0.016577
2008,AUS,0.007175,0.01465,0.015486
2009,AUS,0.00662,0.014172,0.014461
2010,AUS,0.006133,0.013683,0.013526
2011,AUS,0.005703,0.013171,0.012675
2012,AUS,0.005296,0.012591,0.011896
2013,AUS,0.004879,0.0119,0.011173
2014,AUS,0.004452,0.011095,0.010511
2015,AUS,0.004016,0.010183,0.009905
2016,AUS,0.00357,0.009181,0.009344
2017,AUS,0.003105,0.008098,0.008818
2018,AUS,0.002618,0.006943,0.008319
2019,AUS,0.002097,0.005712,0.007837
2020,AUS,0.001535,0.004399,0.007371
2021,AUS,0.000967,0.00306,0.006913
2022,AUS,0.000369,0.001695,0.006376
2023,AUS,-0.00023,0.000352,0.005762
2024,AUS,-0.000835,-0.000988,0.00512
1891,AUT,0.023143,0.019168,0.01717
1892,AUT,0.02215,0.020004,0.017361
1893,AUT,0.021168,0.020733,0.017466
1894,AUT,0.020191,0.021311,0.017479
1895,AUT,0.019168,0.021664,0.017351
1896,AUT,0.018107,0.021787,0.017094
1897,AUT,0.017014,0.021682,0.016716
1898,AUT,0.015873,0.021328,0.016202
1899,AUT,0.014663,0.020717,0.015525
1900,AUT,0.013428,0.019907,0.014716
1901,AUT,0.012207,0.018962,0.013798
1902,AUT,0.011015,0.017923,0.012761
1903,AUT,0.009817,0.016784,0.011555
1904,AUT,0.008606,0.015557,0.01016
1905,AUT,0.007343,0.014221,0.008532
1906,AUT,0.005972,0.012732,0.006616
1907,AUT,0.0045,0.011108,0.004431
1908,AUT,0.002969,0.009392,0.002037
1909,AUT,0.001504,0.007714,-0.000412
1910,AUT,0.000201,0.00617,-0.002775
1911,AUT,-0.000887,0.004817,-0.004938
1912,AUT,-0.00171,0.003709,-0.006776
1913,AUT,-0.002149,0.002981,-0.008103
1914,AUT,-0.001979,0.002895,-0.00864
1915,AUT,-0.000979,0.003722,-0.008114
1916,AUT,0.000743,0.005421,-0.006573
1917,AUT,0.003015,0.007818,-0.004206
1918,AUT,0.00568,0.010729,-0.001207
1919,AUT,0.008547,0.013935,0.002208
1920,AUT,0.011393,0.017179,0.005798
1921,AUT,0.013789,0.020035,0.00909
1922,AUT,0.015512,0.022222,0.011732
1923,AUT,0.01647,0.023597,0.013553
1924,AUT,0.01668,0.024149,0.014528
1925,AUT,0.016077,0.023803,0.014581
1926,AUT,0.014794,0.022669,0.013834
1927,AUT,0.013027,0.020942,0.012509
1928,AUT,0.01096,0.018809,0.010825
1929,AUT,0.008801,0.016474,0.009032
1930,AUT,0.006814,0.014195,0.007446
1931,AUT,0.005258,0.01223,0.006385
1932,AUT,0.004308,0.010752,0.006095
1933,AUT,0.003955,0.009756,0.006638
1934,AUT,0.003968,0.009008,0.007857
1935,AUT,0.004048,0.008193,0.009506
1936,AUT,0.004364,0.007674,0.011337
1937,AUT,0.004977,0.007643,0.013123
1938,AUT,0.005875,0.008158,0.014673
1939,AUT,0.00702,0.009203,0.015879
1940,AUT,0.008471,0.010796,0.016857
1941,AUT,0.010421,0.013049,0.017995
1942,AUT,0.012934,0.01598,0.01958
1943,AUT,0.016192,0.019709,0.021993
1944,AUT,0.020218,0.024212,0.025463
1945,AUT,0.025114,0.029538,0.030221
1946,AUT,0.031023,0.035803,0.036484
1947,AUT,0.037042,0.04216,0.043244
1948,AUT,0.042464,0.047937,0.049685
1949,AUT,0.046692,0.052566,0.055121
1950,AUT,0.049572,0.055913,0.059319
1951,AUT,0.051211,0.058096,0.062315
1952,AUT,0.051841,0.059349,0.064281
1953,AUT,0.051688,0.059891,0.065399
1954,AUT,0.050889,0.059873,0.065727
1955,AUT,0.049558,0.059438,0.065278
1956,AUT,0.047859,0.058752,0.064135
1957,AUT,0.045983,0.057983,0.062469
1958,AUT,0.044084,0.057256,0.060461
1959,AUT,0.042287,0.056657,0.058282
1960,AUT,0.040656,0.056219,0.056052
1961,AUT,0.03918,0.055889,0.053821
1962,AUT,0.037864,0.055627,0.051683
1963,AUT,0.036709,0.055393,0.049722
1964,AUT,0.035665,0.05511,0.047961
1965,AUT,0.034668,0.054701,0.046392
1966,AUT,0.033682,0.05412,0.045019
1967,AUT,0.032648,0.053306,0.043812
1968,AUT,0.031522,0.052221,0.042733
1969,AUT,0.030234,0.050815,0.041691
1970,AUT,0.028732,0.049063,0.040585
1971,AUT,0.027001,0.046972,0.039345
1972,AUT,0.02513,0.044668,0.037962
1973,AUT,0.02321,0.042269,0.036445
1974,AUT,0.021335,0.039887,0.034837
1975,AUT,0.019592,0.037628,0.033196
1976,AUT,0.017993,0.035485,0.031584
1977,AUT,0.016532,0.033464,0.029996
1978,AUT,0.01523,0.031592,0.028457
1979,AUT,0.014114,0.02989,0.027027
1980,AUT,0.013175,0.028361,0.025702
1981,AUT,0.012425,0.027016,0.024538
1982,AUT,0.011848,0.02583,0.023584
1983,AUT,0.011426,0.024799,0.022834
1984,AUT,0.011135,0.023914,0.022272
1985,AUT,0.010974,0.023194,0.021894
1986,AUT,0.010913,0.022623,0.021661
1987,AUT,0.010927,0.022181,0.02153
1988,AUT,0.010987,0.021847,0.021465
1989,AUT,0.011072,0.021601,0.021415
1990,AUT,0.011161,0.021422,0.021349
1991,AUT,0.011241,0.021283,0.021261
1992,AUT,0.011309,0.021158,0.021174
1993,AUT,0.011357,0.021012,0.021115
1994,AUT,0.011391,0.020833,0.02109
1995,AUT,0.011389,0.020594,0.021056
1996,AUT,0.011334,0.020276,0.020967
1997,AUT,0.011241,0.019909,0.020787
1998,AUT,0.011101,0.019487,0.020484
1999,AUT,0.010887,0.018985,0.020026
2000,AUT,0.010599,0.018407,0.019409
2001,AUT,0.010244,0.017757,0.018654
2002,AUT,0.009842,0.017053,0.017812
2003,AUT,0.009399,0.0163,0.016909
2004,AUT,0.008915,0.015502,0.01596
2005,AUT,0.008379,0.014654,0.014955
2006,AUT,0.007777,0.013745,0.013891
2007,AUT,0.007117,0.012788,0.012769
2008,AUT,0.006433,0.01182,0.011619
2009,AUT,0.005786,0.010899,0.010516
2010,AUT,0.005216,0.010057,0.009529
2011,AUT,0.004709,0.009296,0.008631
2012,AUT,0.00426,0.008623,0.007808
2013,AUT,0.003874,0.008041,0.00708
2014,AUT,0.003553,0.007553,0.006457
2015,AUT,0.003277,0.007143,0.005918
2016,AUT,0.003015,0.006779,0.005429
2017,AUT,0.002749,0.006448,0.004952
2018,AUT,0.002462,0.006124,0.004453
2019,AUT,0.002151,0.005795,0.003925
2020,AUT,0.001817,0.005439,0.00339
2021,AUT,0.001451,0.005021,0.002885
2022,AUT,0.001031,0.004554,0.002307
2023,AUT,0.000549,0.004039,0.001637
2024,AUT,5.7e-05,0.003521,0.000939
1891,BEL,-0.013415,0.01544,0.010228
1892,BEL,-0.010812,0.01489,0.010062
1893,BEL,-0.008314,0.014405,0.009897
1894,BEL,-0.005982,0.014014,0.00974
1895,BEL,-0.003855,0.01373,0.009587
1896,BEL,-0.001965,0.013551,0.00942
1897,BEL,-0.000318,0.013484,0.009228
1898,BEL,0.001098,0.013531,0.009004
1899,BEL,0.002303,0.013689,0.008742
1900,BEL,0.003315,0.013948,0.008434
1901,BEL,0.004158,0.014298,0.008077
1902,BEL,0.004863,0.014723,0.007693
1903,BEL,0.005439,0.01519,0.007281
1904,BEL,0.005901,0.01567,0.006834
1905,BEL,0.006268,0.016141,0.006351
1906,BEL,0.006576,0.016603,0.00584
1907,BEL,0.006881,0.017085,0.005332
1908,BEL,0.007242,0.017629,0.00486
1909,BEL,0.007708,0.018262,0.004457
1910,BEL,0.008306,0.018993,0.004147
1911,BEL,0.009057,0.019823,0.003962
1912,BEL,0.00999,0.020762,0.003975
1913,BEL,0.011156,0.021857,0.004292
1914,BEL,0.012633,0.023192,0.005036
1915,BEL,0.014502,0.024866,0.006332
1916,BEL,0.01669,0.026845,0.008153
1917,BEL,0.019095,0.029061,0.010425
1918,BEL,0.021739,0.031556,0.013174
1919,BEL,0.024362,0.034069,0.01613
1920,BEL,0.026307,0.035921,0.018621
1921,BEL,0.027282,0.036777,0.020315
1922,BEL,0.027355,0.036696,0.021177
1923,BEL,0.026566,0.035729,0.021183
1924,BEL,0.025088,0.034061,0.020439
1925,BEL,0.023061,0.03183,0.019065
1926,BEL,0.020595,0.029127,0.017187
1927,BEL,0.017773,0.026017,0.014903
1928,BEL,0.014696,0.022584,0.012329
1929,BEL,0.011496,0.018944,0.009609
1930,BEL,0.008384,0.015287,0.006948
1931,BEL,0.00552,0.011761,0.004501
1932,BEL,0.003009,0.008473,0.002379
1933,BEL,0.000922,0.005516,0.000636
1934,BEL,-0.000751,0.002926,-0.000783
1935,BEL,-0.001999,0.000752,-0.001903
1936,BEL,-0.002848,-0.000994,-0.00277
1937,BEL,-0.003227,-0.002207,-0.00331
1938,BEL,-0.00306,-0.002791,-0.003437
1939,BEL,-0.002242,-0.002609,-0.003037
1940,BEL,-0.000705,-0.001557,-0.002042
1941,BEL,0.001739,0.000582,-0.000246
1942,BEL,0.005026,0.00377,0.002331
1943,BEL,0.00898,0.007841,0.005584
1944,BEL,0.013234,0.012427,0.009234
1945,BEL,0.017348,0.017073,0.012947
1946,BEL,0.021029,0.021459,0.016475
1947,BEL,0.024127,0.02539,0.019653
1948,BEL,0.026617,0.028791,0.022394
1949,BEL,0.028511,0.031622,0.024668
1950,BEL,0.029869,0.033899,0.026496
1951,BEL,0.030776,0.035687,0.027917
1952,BEL,0.031331,0.037064,0.02902
1953,BEL,0.031672,0.038162,0.029943
1954,BEL,0.031852,0.039032,0.030736
1955,BEL,0.031924,0.039724,0.031445
1956,BEL,0.031953,0.040302,0.032127
1957,BEL,0.032018,0.040856,0.032857
1958,BEL,0.03218,0.041464,0.033694
1959,BEL,0.032457,0.042154,0.034651
1960,BEL,0.032805,0.042899,0.035659
1961,BEL,0.033187,0.04368,0.036632
1962,BEL,0.033566,0.044462,0.037514
1963,BEL,0.033917,0.045219,0.038267
1964,BEL,0.034218,0.045919,0.038869
1965,BEL,0.03444,0.046527,0.039294
1966,BEL,0.034596,0.047038,0.039559
1967,BEL,0.034675,0.047427,0.039656
1968,BEL,0.034637,0.047645,0.039548
1969,BEL,0.034436,0.047646,0.039184
1970,BEL,0.034022,0.047386,0.038511
1971,BEL,0.033371,0.046837,0.037524
1972,BEL,0.032498,0.046009,0.036261
1973,BEL,0.031402,0.044891,0.034751
1974,BEL,0.030119,0.043516,0.033049
1975,BEL,0.028736,0.041966,0.031255
1976,BEL,0.027343,0.040321,0.029483
1977,BEL,0.025947,0.038591,0.027749
1978,BEL,0.024599,0.03683,0.026123
1979,BEL,0.023314,0.035063,0.024628
1980,BEL,0.022107,0.03332,0.023291
1981,BEL,0.020976,0.031608,0.022133
1982,BEL,0.019965,0.029985,0.021219
1983,BEL,0.019094,0.028504,0.02056
1984,BEL,0.018379,0.027217,0.020136
1985,BEL,0.017809,0.026142,0.019892
1986,BEL,0.017359,0.025263,0.019781
1987,BEL,0.016978,0.02453,0.019749
1988,BEL,0.016621,0.023889,0.019738
1989,BEL,0.016244,0.023287,0.019696
1990,BEL,0.015839,0.022693,0.019616
1991,BEL,0.015405,0.022076,0.019515
1992,BEL,0.014926,0.021386,0.019429
1993,BEL,0.014402,0.020605,0.019382
1994,BEL,0.013838,0.019734,0.019382
1995,BEL,0.013226,0.018783,0.019373
1996,BEL,0.012585,0.017794,0.019317
1997,BEL,0.011919,0.016787,0.01918
1998,BEL,0.01122,0.01577,0.018914
1999,BEL,0.010501,0.014769,0.018502
2000,BEL,0.009764,0.013793,0.017924
2001,BEL,0.009024,0.012864,0.017191
2002,BEL,0.008298,0.01199,0.016344
2003,BEL,0.00758,0.01116,0.015409
2004,BEL,0.006854,0.010351,0.0144
2005,BEL,0.006097,0.009536,0.013315
2006,BEL,0.005326,0.00873,0.012186
2007,BEL,0.004574,0.007961,0.011052
2008,BEL,0.003867,0.00725,0.009966
2009,BEL,0.003259,0.006639,0.009018
2010,BEL,0.002775,0.006141,0.00827
2011,BEL,0.0024,0.005746,0.007712
2012,BEL,0.002132,0.005453,0.007354
2013,BEL,0.001964,0.005241,0.007202
2014,BEL,0.001874,0.005082,0.007241
2015,BEL,0.001836,0.004948,0.007435
2016,BEL,0.001846,0.004836,0.007763
2017,BEL,0.001906,0.00475,0.008205
2018,BEL,0.002011,0.004685,0.00874
2019,BEL,0.002146,0.004622,0.009351
2020,BEL,0.002295,0.004539,0.010034
2021,BEL,0.002452,0.004419,0.010802
2022,BEL,0.002617,0.004311,0.011545
2023,BEL,0.002785,0.004223,0.012248
2024,BEL,0.002953,0.004142,0.012935
1891,CAN,-0.001348,0.014959,0.020859
1892,CAN,0.002074,0.015844,0.0217
1893,CAN,0.005506,0.017035,0.022868
1894,CAN,0.008908,0.018532,0.02437
1895,CAN,0.012183,0.020262,0.026131
1896,CAN,0.015279,0.022182,0.028106
1897,CAN,0.018068,0.024159,0.030154
1898,CAN,0.020314,0.025938,0.032008
1899,CAN,0.021936,0.027406,0.033539
1900,CAN,0.022856,0.028448,0.034609
1901,CAN,0.023102,0.029055,0.035177
1902,CAN,0.022726,0.029244,0.035216
1903,CAN,0.02186,0.029121,0.034758
1904,CAN,0.020684,0.028827,0.033913
1905,CAN,0.019293,0.028412,0.032725
1906,CAN,0.017677,0.027815,0.031136
1907,CAN,0.01591,0.027061,0.029197
1908,CAN,0.014132,0.026236,0.027054
1909,CAN,0.012465,0.025414,0.024811
1910,CAN,0.010819,0.024459,0.02236
1911,CAN,0.009198,0.023336,0.019702
1912,CAN,0.007664,0.02207,0.016902
1913,CAN,0.006294,0.020721,0.01406
1914,CAN,0.00521,0.019419,0.01132
1915,CAN,0.004537,0.018339,0.008828
1916,CAN,0.004179,0.017441,0.00652
1917,CAN,0.004091,0.016738,0.004415
1918,CAN,0.004366,0.016352,0.002717
1919,CAN,0.005135,0.016431,0.001687
1920,CAN,0.006364,0.016938,0.001429
1921,CAN,0.007841,0.017641,0.001856
1922,CAN,0.009474,0.018494,0.002797
1923,CAN,0.010921,0.019185,0.003818
1924,CAN,0.012063,0.019601,0.004739
1925,CAN,0.012838,0.01967,0.005469
1926,CAN,0.013177,0.019311,0.005906
1927,CAN,0.013165,0.018593,0.006123
1928,CAN,0.012913,0.017591,0.00625
1929,CAN,0.01264,0.016481,0.006563
1930,CAN,0.012667,0.015533,0.007459
1931,CAN,0.013251,0.014975,0.00928
1932,CAN,0.014634,0.015078,0.012253
1933,CAN,0.016774,0.01588,0.016252
1934,CAN,0.019555,0.017394,0.020958
1935,CAN,0.022666,0.01943,0.025857
1936,CAN,0.02585,0.0218,0.030584
1937,CAN,0.028929,0.024372,0.034862
1938,CAN,0.031721,0.026991,0.038441
1939,CAN,0.034103,0.029539,0.04117
1940,CAN,0.035963,0.031934,0.042855
1941,CAN,0.037178,0.034066,0.043315
1942,CAN,0.037732,0.035907,0.042538
1943,CAN,0.037699,0.037482,0.040676
1944,CAN,0.037318,0.038953,0.038125
1945,CAN,0.036718,0.040335,0.035262
1946,CAN,0.036017,0.041626,0.032437
1947,CAN,0.03525,0.04277,0.029848
1948,CAN,0.034435,0.043737,0.027571
1949,CAN,0.033629,0.044555,0.025666
1950,CAN,0.032833,0.045204,0.024135
1951,CAN,0.032005,0.045631,0.022924
1952,CAN,0.031159,0.04585,0.021998
1953,CAN,0.030295,0.045857,0.021342
1954,CAN,0.029461,0.045699,0.020975
1955,CAN,0.028701,0.045413,0.020915
1956,CAN,0.027963,0.044954,0.021063
1957,CAN,0.027284,0.044367,0.021411
1958,CAN,0.02671,0.04369,0.022019
1959,CAN,0.026239,0.042925,0.022892
1960,CAN,0.025861,0.042099,0.023976
1961,CAN,0.025532,0.041203,0.025203
1962,CAN,0.025195,0.040228,0.026476
1963,CAN,0.024784,0.039161,0.027664
1964,CAN,0.024268,0.038004,0.028694
1965,CAN,0.023625,0.036761,0.029504
1966,CAN,0.022844,0.035427,0.030067
1967,CAN,0.021916,0.033987,0.030387
1968,CAN,0.020857,0.032441,0.030502
1969,CAN,0.019646,0.03076,0.030416
1970,CAN,0.018305,0.028971,0.030135
1971,CAN,0.016856,0.027097,0.029683
1972,CAN,0.015326,0.025184,0.029047
1973,CAN,0.01375,0.023282,0.028212
1974,CAN,0.012174,0.02145,0.027192
1975,CAN,0.010654,0.019732,0.026049
1976,CAN,0.009195,0.018113,0.024834
1977,CAN,0.007781,0.016561,0.023543
1978,CAN,0.006454,0.015111,0.022217
1979,CAN,0.005268,0.013821,0.020894
1980,CAN,0.00427,0.012736,0.019621
1981,CAN,0.00348,0.011851,0.018459
1982,CAN,0.002886,0.011133,0.017446
1983,CAN,0.002483,0.010551,0.016626
1984,CAN,0.002223,0.010079,0.015924
1985,CAN,0.002077,0.009716,0.01526
1986,CAN,0.002057,0.009494,0.014622
1987,CAN,0.002188,0.009445,0.014042
1988,CAN,0.002468,0.009565,0.013545
1989,CAN,0.002897,0.009839,0.013184
1990,CAN,0.003483,0.010251,0.013044
1991,CAN,0.004218,0.010773,0.013196
1992,CAN,0.005064,0.011354,0.013656
1993,CAN,0.005948,0.011938,0.014351
1994,CAN,0.006803,0.012489,0.015172
1995,CAN,0.007576,0.012986,0.016015
1996,CAN,0.008241,0.013422,0.016809
1997,CAN,0.008773,0.013791,0.017486
1998,CAN,0.009122,0.014054,0.017957
1999,CAN,0.009256,0.01418,0.018162
2000,CAN,0.009155,0.014142,0.018067
2001,CAN,0.008831,0.013942,0.017686
2002,CAN,0.008334,0.013611,0.017081
2003,CAN,0.007715,0.01319,0.016294
2004,CAN,0.007028,0.012724,0.015371
2005,CAN,0.006309,0.012233,0.014342
2006,CAN,0.005593,0.011733,0.013251
2007,CAN,0.004928,0.011255,0.012155
2008,CAN,0.004366,0.010837,0.011121
2009,CAN,0.003937,0.01049,0.010209
2010,CAN,0.003644,0.010203,0.009457
2011,CAN,0.003446,0.009947,0.0088
2012,CAN,0.003308,0.009688,0.008197
2013,CAN,0.003214,0.009403,0.007628
2014,CAN,0.003128,0.009052,0.007072
2015,CAN,0.003024,0.008601,0.006518
2016,CAN,0.002907,0.008054,0.005977
2017,CAN,0.002756,0.007394,0.005444
2018,CAN,0.002545,0.006599,0.004902
2019,CAN,0.002265,0.005659,0.004357
2020,CAN,0.001911,0.004555,0.003834
2021,CAN,0.001474,0.003268,0.003354
2022,CAN,0.001004,0.001918,0.002813
2023,CAN,0.000512,0.000543,0.002204
2024,CAN,2.1e-05,-0.000831,0.001573
1891,CHE,-0.004028,0.029462,0.024692
1892,CHE,-0.001606,0.028177,0.024379
1893,CHE,0.000652,0.027116,0.024198
1894,CHE,0.002681,0.026252,0.024096
1895,CHE,0.004418,0.025526,0.024002
1896,CHE,0.005768,0.024824,0.023792
1897,CHE,0.006711,0.024086,0.023407
1898,CHE,0.007307,0.023321,0.022859
1899,CHE,0.007653,0.022578,0.022205
1900,CHE,0.007848,0.021914,0.021515
1901,CHE,0.007903,0.021311,0.020787
1902,CHE,0.007858,0.020792,0.020064
1903,CHE,0.007642,0.020276,0.01928
1904,CHE,0.007208,0.019714,0.0184
1905,CHE,0.006443,0.018977,0.017305
1906,CHE,0.005341,0.018027,0.015966
1907,CHE,0.003956,0.016883,0.014407
1908,CHE,0.002429,0.015642,0.012732
1909,CHE,0.000828,0.014342,0.010985
1910,CHE,-0.000805,0.013005,0.009195
1911,CHE,-0.002369,0.011723,0.007464
1912,CHE,-0.003733,0.010616,0.005922
1913,CHE,-0.004771,0.009792,0.004685
1914,CHE,-0.005294,0.009422,0.003923
1915,CHE,-0.005142,0.00964,0.003762
1916,CHE,-0.004299,0.010433,0.00418
1917,CHE,-0.002788,0.011755,0.005111
1918,CHE,-0.000485,0.013722,0.006649
1919,CHE,0.002626,0.016376,0.008815
1920,CHE,0.006343,0.019549,0.011435
1921,CHE,0.010322,0.022921,0.014213
1922,CHE,0.01437,0.026319,0.017012
1923,CHE,0.017905,0.02918,0.019296
1924,CHE,0.02073,0.031317,0.020891
1925,CHE,0.02276,0.032654,0.021718
1926,CHE,0.024008,0.033202,0.021794
1927,CHE,0.024486,0.032968,0.021141
1928,CHE,0.024225,0.031971,0.019799
1929,CHE,0.023347,0.03032,0.017906
1930,CHE,0.022007,0.028156,0.015649
1931,CHE,0.020366,0.025634,0.01323
1932,CHE,0.018563,0.022891,0.010831
1933,CHE,0.016756,0.020112,0.008625
1934,CHE,0.015061,0.017446,0.006703
1935,CHE,0.013652,0.015105,0.005191
1936,CHE,0.01268,0.01326,0.004199
1937,CHE,0.012167,0.011951,0.003725
1938,CHE,0.012084,0.01115,0.003718
1939,CHE,0.012538,0.010965,0.00428
1940,CHE,0.013528,0.011397,0.005419
1941,CHE,0.015086,0.012486,0.007184
1942,CHE,0.017232,0.014267,0.009603
1943,CHE,0.019857,0.016644,0.012573
1944,CHE,0.02272,0.019384,0.015866
1945,CHE,0.025534,0.022208,0.019208
1946,CHE,0.028043,0.024859,0.022351
1947,CHE,0.029952,0.027036,0.024996
1948,CHE,0.031387,0.028856,0.027257
1949,CHE,0.032462,0.03042,0.02923
1950,CHE,0.033275,0.031811,0.030982
1951,CHE,0.033823,0.033017,0.032483
1952,CHE,0.03416,0.034081,0.033747
1953,CHE,0.0343,0.034998,0.034781
1954,CHE,0.034213,0.035714,0.035549
1955,CHE,0.033883,0.036202,0.036022
1956,CHE,0.03334,0.036483,0.036211
1957,CHE,0.032654,0.036617,0.03618
1958,CHE,0.031872,0.03664,0.035994
1959,CHE,0.030988,0.036531,0.035669
1960,CHE,0.029949,0.036244,0.035143
1961,CHE,0.028771,0.035809,0.034399
1962,CHE,0.02751,0.035285,0.033461
1963,CHE,0.026232,0.034723,0.032389
1964,CHE,0.02496,0.034122,0.031215
1965,CHE,0.023704,0.03347,0.029961
1966,CHE,0.022475,0.032759,0.028653
1967,CHE,0.021273,0.031988,0.027303
1968,CHE,0.020079,0.031145,0.025898
1969,CHE,0.018858,0.030202,0.024408
1970,CHE,0.017571,0.029123,0.022799
1971,CHE,0.016208,0.027889,0.021073
1972,CHE,0.014802,0.026517,0.019297
1973,CHE,0.013396,0.025027,0.017556
1974,CHE,0.012042,0.023453,0.015946
1975,CHE,0.010803,0.021849,0.014579
1976,CHE,0.00974,0.020278,0.013552
1977,CHE,0.008811,0.018734,0.012815
1978,CHE,0.007968,0.017216,0.012298
1979,CHE,0.007197,0.015753,0.011956
1980,CHE,0.006471,0.014347,0.011726
1981,CHE,0.005778,0.013011,0.011566
1982,CHE,0.005149,0.011784,0.011485
1983,CHE,0.004599,0.010688,0.011487
1984,CHE,0.004097,0.009697,0.011517
1985,CHE,0.003613,0.008791,0.011503
1986,CHE,0.003157,0.007996,0.011405
1987,CHE,0.002767,0.007358,0.011223
1988,CHE,0.002472,0.006912,0.010959
1989,CHE,0.00228,0.006657,0.010611
1990,CHE,0.002205,0.006598,0.010205
1991,CHE,0.002298,0.006772,0.009813
1992,CHE,0.002623,0.007227,0.009542
1993,CHE,0.003132,0.007878,0.009434
1994,CHE,0.003766,0.008641,0.009495
1995,CHE,0.004459,0.009437,0.009695
1996,CHE,0.005143,0.01018,0.009997
1997,CHE,0.005778,0.010828,0.01036
1998,CHE,0.006337,0.01136,0.010723
1999,CHE,0.006821,0.011792,0.011044
2000,CHE,0.007237,0.012136,0.011306
2001,CHE,0.007568,0.01237,0.011491
2002,CHE,0.007829,0.012509,0.011625
2003,CHE,0.00805,0.012586,0.011728
2004,CHE,0.008247,0.012632,0.011793
2005,CHE,0.008394,0.012635,0.011769
2006,CHE,0.008462,0.01257,0.011619
2007,CHE,0.008442,0.012435,0.011328
2008,CHE,0.008358,0.012254,0.010932
2009,CHE,0.008254,0.012068,0.0105
2010,CHE,0.008169,0.011905,0.010109
2011,CHE,0.008075,0.011733,0.009755
2012,CHE,0.008011,0.011606,0.00946
2013,CHE,0.00799,0.011535,0.00924
2014,CHE,0.008006,0.011513,0.00909
2015,CHE,0.008065,0.011551,0.009002
2016,CHE,0.008178,0.011657,0.008974
2017,CHE,0.008325,0.011801,0.008991
2018,CHE,0.008476,0.01194,0.009037
2019,CHE,0.008608,0.012038,0.009087
2020,CHE,0.008722,0.012093,0.00915
2021,CHE,0.008809,0.012088,0.009224
2022,CHE,0.008834,0.012015,0.009231
2023,CHE,0.008819,0.011902,0.009179
2024,CHE,0.008802,0.01179,0.009115
1891,CHL,0.015373,0.0325,0.021375
1892,CHL,0.015879,0.031712,0.020989
1893,CHL,0.016388,0.03071,0.02062
1894,CHL,0.016851,0.029522,0.020263
1895,CHL,0.017239,0.028202,0.019923
1896,CHL,0.017432,0.026706,0.019497
1897,CHL,0.017495,0.02519,0.01906
1898,CHL,0.017481,0.023799,0.018694
1899,CHL,0.017329,0.02253,0.018343
1900,CHL,0.0172,0.021579,0.018161
1901,CHL,0.017159,0.021015,0.018188
1902,CHL,0.017183,0.020816,0.01838
1903,CHL,0.017242,0.020934,0.018674
1904,CHL,0.017379,0.021383,0.019083
1905,CHL,0.017487,0.022011,0.019455
1906,CHL,0.017583,0.022775,0.019759
1907,CHL,0.017551,0.023488,0.01983
1908,CHL,0.017335,0.024026,0.019573
1909,CHL,0.016901,0.024292,0.018935
1910,CHL,0.016263,0.024265,0.017932
1911,CHL,0.015416,0.023902,0.016554
1912,CHL,0.014527,0.023348,0.014973
1913,CHL,0.013726,0.022713,0.013328
1914,CHL,0.013233,0.022225,0.011872
1915,CHL,0.01323,0.022095,0.010845
1916,CHL,0.013548,0.022196,0.010144
1917,CHL,0.013871,0.022257,0.009521
1918,CHL,0.014302,0.022407,0.009119
1919,CHL,0.014948,0.022771,0.009071
1920,CHL,0.015892,0.02345,0.009485
1921,CHL,0.016883,0.024201,0.010122
1922,CHL,0.017869,0.024972,0.010933
1923,CHL,0.018541,0.025448,0.0116
1924,CHL,0.018624,0.025345,0.011833
1925,CHL,0.018198,0.024731,0.011683
1926,CHL,0.017446,0.023769,0.011297
1927,CHL,0.01658,0.022655,0.01085
1928,CHL,0.01571,0.021483,0.01041
1929,CHL,0.014851,0.020255,0.00996
1930,CHL,0.014462,0.019431,0.009927
1931,CHL,0.015002,0.019479,0.010747
1932,CHL,0.016597,0.020564,0.012549
1933,CHL,0.01892,0.022417,0.015046
1934,CHL,0.021128,0.024241,0.017434
1935,CHL,0.022818,0.025652,0.019334
1936,CHL,0.023931,0.026584,0.020691
1937,CHL,0.024487,0.02704,0.021524
1938,CHL,0.024492,0.027009,0.021844
1939,CHL,0.024125,0.026653,0.021838
1940,CHL,0.023511,0.02608,0.021641
1941,CHL,0.022741,0.025371,0.021361
1942,CHL,0.021891,0.024592,0.02109
1943,CHL,0.020967,0.023746,0.020844
1944,CHL,0.019974,0.022838,0.020622
1945,CHL,0.018914,0.02187,0.020404
1946,CHL,0.017768,0.020824,0.020127
1947,CHL,0.016631,0.0198,0.019817
1948,CHL,0.015709,0.019018,0.019596
1949,CHL,0.014937,0.018437,0.019295
1950,CHL,0.014516,0.018301,0.018997
1951,CHL,0.014551,0.01877,0.018671
1952,CHL,0.014886,0.019636,0.018306
1953,CHL,0.015405,0.020737,0.017894
1954,CHL,0.016054,0.021986,0.017476
1955,CHL,0.016863,0.023386,0.017161
1956,CHL,0.017733,0.024818,0.016919
1957,CHL,0.018576,0.026177,0.016719
1958,CHL,0.019263,0.02732,0.016479
1959,CHL,0.019796,0.02824,0.016234
1960,CHL,0.020214,0.028969,0.016044
1961,CHL,0.020377,0.02936,0.01578
1962,CHL,0.020247,0.02936,0.015397
1963,CHL,0.019802,0.028937,0.014859
1964,CHL,0.019042,0.028078,0.014144
1965,CHL,0.018029,0.026839,0.013274
1966,CHL,0.016775,0.025237,0.012238
1967,CHL,0.015211,0.023201,0.010968
1968,CHL,0.013395,0.02078,0.00955
1969,CHL,0.011486,0.018169,0.008067
1970,CHL,0.009588,0.015483,0.006616
1971,CHL,0.007797,0.012816,0.00531
1972,CHL,0.006275,0.01038,0.004252
1973,CHL,0.005208,0.008368,0.003674
1974,CHL,0.004664,0.006847,0.003742
1975,CHL,0.004578,0.005756,0.004473
1976,CHL,0.004941,0.00512,0.00586
1977,CHL,0.00549,0.004728,0.007604
1978,CHL,0.005993,0.004394,0.009433
1979,CHL,0.00636,0.004058,0.011226
1980,CHL,0.006628,0.003774,0.012977
1981,CHL,0.006937,0.003698,0.014794
1982,CHL,0.007479,0.00401,0.016887
1983,CHL,0.008487,0.004928,0.019529
1984,CHL,0.010011,0.006567,0.022656
1985,CHL,0.011964,0.00889,0.026079
1986,CHL,0.01427,0.01185,0.029651
1987,CHL,0.016779,0.015301,0.033178
1988,CHL,0.019321,0.019051,0.036482
1989,CHL,0.021749,0.022921,0.039413
1990,CHL,0.023923,0.026717,0.041857
1991,CHL,0.025768,0.030293,0.043799
1992,CHL,0.027173,0.03348,0.045181
1993,CHL,0.02807,0.03616,0.045963
1994,CHL,0.028469,0.038278,0.046208
1995,CHL,0.028349,0.039736,0.045975
1996,CHL,0.027695,0.040467,0.045293
1997,CHL,0.026591,0.04052,0.044263
1998,CHL,0.025155,0.040003,0.043012
1999,CHL,0.023559,0.039103,0.041697
2000,CHL,0.021902,0.03793,0.040447
2001,CHL,0.020215,0.036557,0.039273
2002,CHL,0.018534,0.035059,0.038178
2003,CHL,0.01688,0.033495,0.037126
2004,CHL,0.015235,0.031877,0.036049
2005,CHL,0.013561,0.030177,0.034871
2006,CHL,0.01185,0.028382,0.03356
2007,CHL,0.010141,0.026532,0.032103
2008,CHL,0.008494,0.024688,0.030523
2009,CHL,0.006992,0.022937,0.02886
2010,CHL,0.005708,0.021369,0.027149
2011,CHL,0.004658,0.020035,0.025325
2012,CHL,0.003773,0.018854,0.02337
2013,CHL,0.003004,0.017745,0.021315
2014,CHL,0.002355,0.016693,0.019245
2015,CHL,0.001816,0.015673,0.01725
2016,CHL,0.001369,0.014664,0.015394
2017,CHL,0.000975,0.013622,0.013732
2018,CHL,0.00059,0.012501,0.012299
2019,CHL,0.000149,0.011224,0.011104
2020,CHL,-0.000389,0.009728,0.010174
2021,CHL,-0.001089,0.007923,0.009486
2022,CHL,-0.001902,0.00596,0.008844
2023,CHL,-0.002716,0.003995,0.008232
2024,CHL,-0.003516,0.002046,0.007645
1891,DEU,0.02505,0.027544,0.018787
1892,DEU,0.024604,0.028143,0.019148
1893,DEU,0.024089,0.028535,0.019358
1894,DEU,0.023448,0.028666,0.019384
1895,DEU,0.02266,0.028514,0.019228
1896,DEU,0.021688,0.028042,0.018883
1897,DEU,0.020526,0.027245,0.018366
1898,DEU,0.019174,0.026125,0.017702
1899,DEU,0.017629,0.024679,0.0169
1900,DEU,0.015909,0.022931,0.01599
1901,DEU,0.014048,0.020921,0.015007
1902,DEU,0.012105,0.018722,0.014007
1903,DEU,0.010034,0.0163,0.012943
1904,DEU,0.00779,0.013613,0.011752
1905,DEU,0.005384,0.01068,0.010427
1906,DEU,0.00286,0.007556,0.008987
1907,DEU,0.000252,0.0043,0.007443
1908,DEU,-0.002382,0.000999,0.00582
1909,DEU,-0.004933,-0.002199,0.004184
1910,DEU,-0.007279,-0.005129,0.0026
1911,DEU,-0.009271,-0.007598,0.001133
1912,DEU,-0.010692,-0.009346,-0.00011
1913,DEU,-0.011265,-0.010049,-0.000989
1914,DEU,-0.010638,-0.009291,-0.001296
1915,DEU,-0.008641,-0.006937,-0.000752
1916,DEU,-0.005453,-0.003226,0.000605
1917,DEU,-0.001347,0.001515,0.002632
1918,DEU,0.00343,0.006979,0.005209
1919,DEU,0.008632,0.012852,0.008223
1920,DEU,0.014002,0.018802,0.011572
1921,DEU,0.018993,0.024244,0.014871
1922,DEU,0.023269,0.028812,0.017874
1923,DEU,0.026735,0.032397,0.020507
1924,DEU,0.029468,0.035084,0.022826
1925,DEU,0.03118,0.03661,0.024496
1926,DEU,0.031877,0.037005,0.025462
1927,DEU,0.031727,0.036462,0.025829
1928,DEU,0.030891,0.035161,0.025694
1929,DEU,0.02966,0.033418,0.025286
1930,DEU,0.028336,0.031558,0.024861
1931,DEU,0.027131,0.029818,0.024603
1932,DEU,0.026158,0.028332,0.02461
1933,DEU,0.025316,0.027014,0.024766
1934,DEU,0.024301,0.025568,0.024751
1935,DEU,0.022887,0.023765,0.024308
1936,DEU,0.020982,0.021499,0.023301
1937,DEU,0.018585,0.018763,0.021681
1938,DEU,0.015815,0.015676,0.019515
1939,DEU,0.012851,0.012438,0.016929
1940,DEU,0.009912,0.009269,0.014143
1941,DEU,0.007264,0.006432,0.011508
1942,DEU,0.005138,0.004166,0.009347
1943,DEU,0.00385,0.002804,0.008072
1944,DEU,0.003717,0.002681,0.008088
1945,DEU,0.005072,0.004145,0.009834
1946,DEU,0.00829,0.007574,0.0138
1947,DEU,0.013323,0.012935,0.019942
1948,DEU,0.01925,0.019398,0.027169
1949,DEU,0.025316,0.026266,0.034546
1950,DEU,0.030985,0.033002,0.041413
1951,DEU,0.035908,0.039223,0.047357
1952,DEU,0.039966,0.044754,0.052244
1953,DEU,0.043114,0.049503,0.056017
1954,DEU,0.045372,0.053448,0.058677
1955,DEU,0.046799,0.056604,0.060268
1956,DEU,0.047462,0.058991,0.060856
1957,DEU,0.047494,0.06069,0.060598
1958,DEU,0.047023,0.06179,0.059657
1959,DEU,0.04615,0.062355,0.058179
1960,DEU,0.044936,0.062425,0.056267
1961,DEU,0.043466,0.062059,0.054036
1962,DEU,0.041853,0.061355,0.051637
1963,DEU,0.040176,0.060383,0.049189
1964,DEU,0.038507,0.059215,0.046783
1965,DEU,0.036873,0.057893,0.044456
1966,DEU,0.035303,0.056451,0.042259
1967,DEU,0.03382,0.054921,0.040243
1968,DEU,0.032413,0.053308,0.038417
1969,DEU,0.031023,0.051588,0.0367
1970,DEU,0.029615,0.049755,0.035037
1971,DEU,0.028213,0.047841,0.033436
1972,DEU,0.026842,0.045875,0.031916
1973,DEU,0.025518,0.043881,0.030479
1974,DEU,0.024266,0.041893,0.029137
1975,DEU,0.023131,0.039971,0.027934
1976,DEU,0.022131,0.038158,0.026869
1977,DEU,0.021256,0.036484,0.025878
1978,DEU,0.020519,0.034988,0.024952
1979,DEU,0.019949,0.03372,0.024098
1980,DEU,0.019578,0.032727,0.023338
1981,DEU,0.019448,0.032053,0.022728
1982,DEU,0.019567,0.031704,0.022301
1983,DEU,0.019908,0.031652,0.02205
1984,DEU,0.020402,0.031827,0.02192
1985,DEU,0.020975,0.032155,0.021847
1986,DEU,0.021562,0.032567,0.021787
1987,DEU,0.022098,0.032987,0.021706
1988,DEU,0.022507,0.033323,0.021568
1989,DEU,0.022695,0.033461,0.021324
1990,DEU,0.022582,0.033289,0.020943
1991,DEU,0.022109,0.032716,0.020416
1992,DEU,0.021288,0.031724,0.019779
1993,DEU,0.02023,0.030421,0.019113
1994,DEU,0.019035,0.0289,0.018486
1995,DEU,0.017762,0.027238,0.017897
1996,DEU,0.016474,0.025509,0.017357
1997,DEU,0.015209,0.023759,0.016866
1998,DEU,0.013987,0.022026,0.016404
1999,DEU,0.012832,0.020345,0.015958
2000,DEU,0.011753,0.018734,0.015521
2001,DEU,0.01075,0.017195,0.015099
2002,DEU,0.009839,0.015741,0.014726
2003,DEU,0.009043,0.014401,0.014433
2004,DEU,0.008364,0.013189,0.014219
2005,DEU,0.00779,0.01211,0.014041
2006,DEU,0.0073,0.011157,0.013856
2007,DEU,0.006881,0.010336,0.013612
2008,DEU,0.006548,0.009666,0.013312
2009,DEU,0.006323,0.009162,0.012992
2010,DEU,0.006213,0.008823,0.012687
2011,DEU,0.006128,0.008568,0.0123
2012,DEU,0.006018,0.008345,0.011798
2013,DEU,0.005871,0.008133,0.011198
2014,DEU,0.005671,0.007911,0.010499
2015,DEU,0.005386,0.00765,0.009681
2016,DEU,0.004999,0.007321,0.008736
2017,DEU,0.004487,0.006897,0.007654
2018,DEU,0.003849,0.006362,0.006436
2019,DEU,0.003105,0.005723,0.005114
2020,DEU,0.002275,0.004985,0.003725
2021,DEU,0.001379,0.004153,0.002311
2022,DEU,0.000408,0.003239,0.000821
2023,DEU,-0.000608,0.00228,-0.00072
2024,DEU,-0.001634,0.001313,-0.002272
1891,DNK,0.018037,0.028058,0.017705
1892,DNK,0.017909,0.028338,0.01826
1893,DNK,0.017774,0.028586,0.018761
1894,DNK,0.017622,0.028814,0.019207
1895,DNK,0.017433,0.029008,0.019585
1896,DNK,0.01717,0.029124,0.019865
1897,DNK,0.016862,0.029169,0.020061
1898,DNK,0.016556,0.029162,0.020197
1899,DNK,0.016279,0.029104,0.020276
1900,DNK,0.016019,0.02896,0.020263
1901,DNK,0.01577,0.028716,0.020142
1902,DNK,0.015516,0.028361,0.019899
1903,DNK,0.01526,0.027906,0.019539
1904,DNK,0.014981,0.02734,0.01905
1905,DNK,0.014716,0.026712,0.018475
1906,DNK,0.014478,0.026049,0.017842
1907,DNK,0.014249,0.025349,0.017154
1908,DNK,0.014016,0.024604,0.016413
1909,DNK,0.013773,0.023824,0.015632
1910,DNK,0.013518,0.023021,0.014834
1911,DNK,0.013271,0.022232,0.014058
1912,DNK,0.013064,0.021499,0.013351
1913,DNK,0.012985,0.020918,0.012811
1914,DNK,0.01307,0.020533,0.012486
1915,DNK,0.013379,0.02041,0.012452
1916,DNK,0.014044,0.020683,0.012863
1917,DNK,0.015003,0.021294,0.013682
1918,DNK,0.016222,0.022197,0.01491
1919,DNK,0.017487,0.023167,0.016377
1920,DNK,0.018466,0.023851,0.017799
1921,DNK,0.019166,0.024294,0.019089
1922,DNK,0.019631,0.024572,0.020192
1923,DNK,0.019719,0.024544,0.020935
1924,DNK,0.019424,0.024194,0.021278
1925,DNK,0.018877,0.023646,0.021331
1926,DNK,0.018148,0.02296,0.021146
1927,DNK,0.01719,0.022086,0.020668
1928,DNK,0.016015,0.021025,0.019898
1929,DNK,0.01462,0.019764,0.018824
1930,DNK,0.013017,0.018308,0.017446
1931,DNK,0.011303,0.016737,0.015849
1932,DNK,0.009633,0.015198,0.014189
1933,DNK,0.008131,0.013807,0.012595
1934,DNK,0.006817,0.012593,0.011098
1935,DNK,0.005736,0.011597,0.009751
1936,DNK,0.004945,0.010882,0.008627
1937,DNK,0.004505,0.010516,0.007806
1938,DNK,0.004484,0.010581,0.00739
1939,DNK,0.004966,0.011174,0.007494
1940,DNK,0.006052,0.012413,0.008255
1941,DNK,0.007907,0.01448,0.009872
1942,DNK,0.0104,0.017271,0.012238
1943,DNK,0.013164,0.020435,0.015013
1944,DNK,0.015852,0.023631,0.017856
1945,DNK,0.018301,0.0267,0.020591
1946,DNK,0.020518,0.029656,0.023189
1947,DNK,0.022226,0.032179,0.025406
1948,DNK,0.023414,0.034215,0.027236
1949,DNK,0.024132,0.03577,0.028708
1950,DNK,0.024415,0.036844,0.029831
1951,DNK,0.024357,0.0375,0.030673
1952,DNK,0.024126,0.037888,0.031382
1953,DNK,0.023811,0.038087,0.032041
1954,DNK,0.023461,0.038155,0.032677
1955,DNK,0.023134,0.038154,0.03335
1956,DNK,0.022839,0.038107,0.034075
1957,DNK,0.02254,0.038003,0.034808
1958,DNK,0.022172,0.037804,0.035448
1959,DNK,0.021754,0.037557,0.035966
1960,DNK,0.021285,0.037289,0.036295
1961,DNK,0.02082,0.037072,0.03643
1962,DNK,0.020382,0.036937,0.036334
1963,DNK,0.020011,0.036926,0.03601
1964,DNK,0.019749,0.037073,0.035487
1965,DNK,0.019546,0.037316,0.034718
1966,DNK,0.019421,0.037646,0.033753
1967,DNK,0.019368,0.038021,0.032647
1968,DNK,0.019319,0.03833,0.031426
1969,DNK,0.019221,0.038486,0.030102
1970,DNK,0.019043,0.038437,0.02869
1971,DNK,0.018809,0.038184,0.027263
1972,DNK,0.018501,0.03769,0.025859
1973,DNK,0.01811,0.036942,0.024502
1974,DNK,0.017675,0.03598,0.023258
1975,DNK,0.017251,0.03487,0.022204
1976,DNK,0.01683,0.033625,0.021342
1977,DNK,0.016406,0.032294,0.020611
1978,DNK,0.016017,0.030943,0.020032
1979,DNK,0.0157,0.029645,0.019609
1980,DNK,0.015473,0.02845,0.019332
1981,DNK,0.015364,0.027415,0.019215
1982,DNK,0.015338,0.026521,0.019223
1983,DNK,0.015342,0.025751,0.019264
1984,DNK,0.015336,0.025079,0.019272
1985,DNK,0.015293,0.024482,0.019194
1986,DNK,0.015218,0.023954,0.019025
1987,DNK,0.015135,0.023496,0.01881
1988,DNK,0.015061,0.02308,0.018624
1989,DNK,0.014991,0.022671,0.018508
1990,DNK,0.014922,0.022253,0.018487
1991,DNK,0.014825,0.021796,0.018553
1992,DNK,0.014667,0.021272,0.018675
1993,DNK,0.014415,0.020663,0.018808
1994,DNK,0.014032,0.019939,0.0189
1995,DNK,0.013466,0.01907,0.018854
1996,DNK,0.012754,0.018113,0.018639
1997,DNK,0.011936,0.017119,0.018237
1998,DNK,0.011066,0.016153,0.017638
1999,DNK,0.010188,0.015254,0.016853
2000,DNK,0.009323,0.014431,0.015892
2001,DNK,0.008488,0.013683,0.014789
2002,DNK,0.00772,0.013027,0.013611
2003,DNK,0.007025,0.012445,0.012407
2004,DNK,0.006393,0.011913,0.011204
2005,DNK,0.005813,0.011413,0.010004
2006,DNK,0.005314,0.010972,0.008839
2007,DNK,0.004929,0.010618,0.007763
2008,DNK,0.00471,0.010386,0.00688
2009,DNK,0.004688,0.010293,0.006291
2010,DNK,0.004846,0.010306,0.006062
2011,DNK,0.005101,0.010351,0.006137
2012,DNK,0.005408,0.010408,0.00647
2013,DNK,0.005723,0.01044,0.007023
2014,DNK,0.006007,0.010428,0.007735
2015,DNK,0.006228,0.01035,0.00855
2016,DNK,0.006363,0.010198,0.009414
2017,DNK,0.006398,0.009961,0.010283
2018,DNK,0.00633,0.009631,0.011139
2019,DNK,0.006181,0.009222,0.01199
2020,DNK,0.005987,0.008769,0.01285
2021,DNK,0.005782,0.008305,0.013737
2022,DNK,0.005593,0.007879,0.014599
2023,DNK,0.005464,0.007536,0.015483
2024,DNK,0.005376,0.007238,0.016393
1891,EA,0.007595,0.020109,0.01381
1892,EA,0.008631,0.02038,0.014367
1893,EA,0.009611,0.020621,0.014894
1894,EA,0.01051,0.020826,0.015385
1895,EA,0.011312,0.020996,0.015831
1896,EA,0.012006,0.021127,0.01623
1897,EA,0.012582,0.021213,0.016575
1898,EA,0.01301,0.021219,0.01684
1899,EA,0.013268,0.021114,0.017002
1900,EA,0.013354,0.020889,0.017053
1901,EA,0.013272,0.020533,0.01699
1902,EA,0.013036,0.020051,0.016825
1903,EA,0.012634,0.019422,0.016538
1904,EA,0.01206,0.018631,0.016111
1905,EA,0.011322,0.017683,0.015534
1906,EA,0.010434,0.016582,0.014805
1907,EA,0.009419,0.015352,0.013926
1908,EA,0.008333,0.014051,0.01293
1909,EA,0.00725,0.01276,0.011867
1910,EA,0.00623,0.011547,0.010778
1911,EA,0.005355,0.010506,0.009715
1912,EA,0.004727,0.009752,0.008742
1913,EA,0.004504,0.00946,0.007965
1914,EA,0.004868,0.009831,0.007519
1915,EA,0.005943,0.010979,0.007574
1916,EA,0.007632,0.012791,0.008104
1917,EA,0.00977,0.015091,0.009016
1918,EA,0.01225,0.017758,0.010284
1919,EA,0.014909,0.020611,0.011841
1920,EA,0.017564,0.023446,0.013571
1921,EA,0.019927,0.025983,0.015232
1922,EA,0.021825,0.028042,0.016671
1923,EA,0.02316,0.029518,0.017769
1924,EA,0.023957,0.030424,0.018521
1925,EA,0.024135,0.03067,0.018805
1926,EA,0.023705,0.03026,0.018597
1927,EA,0.02278,0.029292,0.01798
1928,EA,0.021463,0.027856,0.017032
1929,EA,0.019929,0.02612,0.015906
1930,EA,0.018408,0.024311,0.014805
1931,EA,0.017102,0.022627,0.013923
1932,EA,0.01612,0.021176,0.013363
1933,EA,0.015426,0.019936,0.013069
1934,EA,0.014895,0.01881,0.012895
1935,EA,0.014389,0.017685,0.012685
1936,EA,0.013841,0.01652,0.012347
1937,EA,0.013253,0.015333,0.011866
1938,EA,0.012605,0.014124,0.011214
1939,EA,0.011953,0.012965,0.010442
1940,EA,0.011366,0.011942,0.009642
1941,EA,0.010983,0.011198,0.009013
1942,EA,0.010926,0.010872,0.008729
1943,EA,0.01136,0.011154,0.009015
1944,EA,0.012447,0.012226,0.010094
1945,EA,0.014316,0.01423,0.012161
1946,EA,0.017041,0.017244,0.015353
1947,EA,0.020419,0.021072,0.019463
1948,EA,0.024031,0.025313,0.023983
1949,EA,0.027598,0.029688,0.028543
1950,EA,0.030908,0.033965,0.03286
1951,EA,0.033827,0.037979,0.036737
1952,EA,0.036287,0.041628,0.040078
1953,EA,0.038269,0.044862,0.042845
1954,EA,0.039793,0.047681,0.045043
1955,EA,0.0409,0.050107,0.046699
1956,EA,0.041616,0.052148,0.04784
1957,EA,0.042009,0.053843,0.048544
1958,EA,0.042154,0.055243,0.048902
1959,EA,0.042101,0.056376,0.048985
1960,EA,0.041866,0.057243,0.048824
1961,EA,0.041457,0.057843,0.048441
1962,EA,0.040887,0.058172,0.047864
1963,EA,0.040167,0.058233,0.047123
1964,EA,0.039327,0.058046,0.046249
1965,EA,0.038385,0.05763,0.045256
1966,EA,0.03735,0.056992,0.044163
1967,EA,0.036234,0.056141,0.042982
1968,EA,0.035035,0.055078,0.041711
1969,EA,0.033725,0.053782,0.040319
1970,EA,0.032298,0.052259,0.038788
1971,EA,0.030785,0.050548,0.037146
1972,EA,0.029225,0.048687,0.035435
1973,EA,0.027638,0.0467,0.033672
1974,EA,0.026061,0.044628,0.031893
1975,EA,0.024551,0.042533,0.030174
1976,EA,0.02315,0.040465,0.028576
1977,EA,0.021853,0.038444,0.027083
1978,EA,0.020668,0.036497,0.025718
1979,EA,0.019607,0.034651,0.024499
1980,EA,0.018689,0.032946,0.023448
1981,EA,0.017944,0.031418,0.022606
1982,EA,0.017384,0.030087,0.022004
1983,EA,0.016998,0.028949,0.021638
1984,EA,0.01673,0.027961,0.021446
1985,EA,0.016514,0.027072,0.021355
1986,EA,0.016314,0.026259,0.021305
1987,EA,0.016106,0.025513,0.02125
1988,EA,0.015863,0.02481,0.02115
1989,EA,0.015555,0.024114,0.020971
1990,EA,0.015172,0.023399,0.020717
1991,EA,0.014719,0.022647,0.020419
1992,EA,0.014212,0.021847,0.020113
1993,EA,0.013671,0.021006,0.019831
1994,EA,0.013106,0.020126,0.019577
1995,EA,0.012511,0.019214,0.019301
1996,EA,0.011891,0.018291,0.018971
1997,EA,0.011252,0.017373,0.018558
1998,EA,0.010587,0.016464,0.018025
1999,EA,0.009895,0.015571,0.017347
2000,EA,0.009178,0.014694,0.016516
2001,EA,0.00844,0.013834,0.015545
2002,EA,0.007712,0.013009,0.014484
2003,EA,0.007023,0.012243,0.013388
2004,EA,0.006391,0.011548,0.012288
2005,EA,0.005818,0.010927,0.011195
2006,EA,0.005309,0.010378,0.010128
2007,EA,0.004871,0.009902,0.009108
2008,EA,0.004525,0.009504,0.008192
2009,EA,0.004299,0.009189,0.007466
2010,EA,0.004194,0.008937,0.007
2011,EA,0.004148,0.008688,0.006752
2012,EA,0.00413,0.008414,0.006703
2013,EA,0.004127,0.008104,0.006848
2014,EA,0.00411,0.007742,0.007146
2015,EA,0.004049,0.007314,0.007534
2016,EA,0.003919,0.006806,0.007961
2017,EA,0.003712,0.006214,0.008396
2018,EA,0.003417,0.005524,0.008821
2019,EA,0.003047,0.00474,0.009249
2020,EA,0.002613,0.003858,0.009706
2021,EA,0.002128,0.002877,0.010224
2022,EA,0.001584,0.001829,0.010694
2023,EA,0.001002,0.000749,0.011114
2024,EA,0.000414,-0.000333,0.011522
1891,ESP,0.007186,0.005382,0.002942
1892,ESP,0.006339,0.005188,0.003386
1893,ESP,0.005496,0.005017,0.003841
1894,ESP,0.004806,0.004991,0.004418
1895,ESP,0.004312,0.005131,0.005129
1896,ESP,0.004069,0.005482,0.006002
1897,ESP,0.004085,0.006049,0.007017
1898,ESP,0.004154,0.006621,0.007944
1899,ESP,0.004194,0.007127,0.008665
1900,ESP,0.004222,0.007584,0.009186
1901,ESP,0.004241,0.007984,0.009513
1902,ESP,0.004258,0.00833,0.009672
1903,ESP,0.004411,0.008767,0.009829
1904,ESP,0.004722,0.009324,0.010033
1905,ESP,0.005179,0.009994,0.010304
1906,ESP,0.005718,0.010718,0.010606
1907,ESP,0.006226,0.011383,0.01086
1908,ESP,0.00669,0.011981,0.011069
1909,ESP,0.007122,0.01252,0.011248
1910,ESP,0.007572,0.013052,0.011454
1911,ESP,0.008113,0.013644,0.01176
1912,ESP,0.008695,0.014243,0.012113
1913,ESP,0.009395,0.01493,0.012574
1914,ESP,0.010185,0.015684,0.013105
1915,ESP,0.011104,0.016554,0.013745
1916,ESP,0.01208,0.017479,0.014445
1917,ESP,0.01303,0.018391,0.015151
1918,ESP,0.013915,0.019259,0.015855
1919,ESP,0.014632,0.019984,0.016487
1920,ESP,0.015042,0.020427,0.016907
1921,ESP,0.015008,0.020446,0.016968
1922,ESP,0.014508,0.020004,0.016629
1923,ESP,0.013541,0.019079,0.015863
1924,ESP,0.012139,0.017681,0.014676
1925,ESP,0.01031,0.015793,0.013039
1926,ESP,0.00808,0.013423,0.010939
1927,ESP,0.005563,0.010669,0.008452
1928,ESP,0.002807,0.007568,0.005592
1929,ESP,7e-06,0.004313,0.002528
1930,ESP,-0.00269,0.001058,-0.000607
1931,ESP,-0.00502,-0.00191,-0.003547
1932,ESP,-0.006853,-0.004423,-0.006139
1933,ESP,-0.008137,-0.006378,-0.008282
1934,ESP,-0.008766,-0.007631,-0.009806
1935,ESP,-0.008696,-0.008108,-0.010602
1936,ESP,-0.007817,-0.007675,-0.010474
1937,ESP,-0.00598,-0.00617,-0.009184
1938,ESP,-0.003492,-0.003877,-0.006957
1939,ESP,-0.000771,-0.001206,-0.004158
1940,ESP,0.001792,0.001445,-0.001166
1941,ESP,0.004019,0.003882,0.001802
1942,ESP,0.005937,0.006116,0.004691
1943,ESP,0.007569,0.008154,0.007433
1944,ESP,0.009032,0.010105,0.010058
1945,ESP,0.010502,0.012139,0.012675
1946,ESP,0.012187,0.014466,0.01544
1947,ESP,0.014088,0.017085,0.01832
1948,ESP,0.016235,0.020022,0.021321
1949,ESP,0.018638,0.023278,0.024443
1950,ESP,0.021238,0.026784,0.027636
1951,ESP,0.023892,0.030383,0.030796
1952,ESP,0.026402,0.03387,0.033771
1953,ESP,0.028701,0.037175,0.03653
1954,ESP,0.030834,0.040338,0.039136
1955,ESP,0.032761,0.043313,0.041558
1956,ESP,0.034501,0.046109,0.043812
1957,ESP,0.03604,0.048699,0.045884
1958,ESP,0.037418,0.051116,0.047818
1959,ESP,0.038629,0.053352,0.049616
1960,ESP,0.039679,0.055406,0.051303
1961,ESP,0.040464,0.057177,0.052751
1962,ESP,0.040849,0.058545,0.053766
1963,ESP,0.040811,0.059487,0.054264
1964,ESP,0.040394,0.060045,0.054236
1965,ESP,0.039702,0.06031,0.053737
1966,ESP,0.038825,0.060366,0.052799
1967,ESP,0.037808,0.060228,0.051448
1968,ESP,0.036702,0.059928,0.049728
1969,ESP,0.035502,0.059437,0.047637
1970,ESP,0.034222,0.058764,0.045185
1971,ESP,0.032936,0.057982,0.04244
1972,ESP,0.031667,0.057111,0.039447
1973,ESP,0.030389,0.056108,0.036238
1974,ESP,0.029114,0.054957,0.032909
1975,ESP,0.027866,0.053639,0.02962
1976,ESP,0.026686,0.052155,0.026556
1977,ESP,0.025573,0.0505,0.023834
1978,ESP,0.024527,0.048675,0.021558
1979,ESP,0.023535,0.046672,0.019816
1980,ESP,0.022585,0.044503,0.018662
1981,ESP,0.021639,0.04216,0.018091
1982,ESP,0.020676,0.03967,0.018068
1983,ESP,0.019662,0.037055,0.018502
1984,ESP,0.018558,0.034324,0.019285
1985,ESP,0.01733,0.031489,0.020296
1986,ESP,0.015993,0.028624,0.021401
1987,ESP,0.01458,0.02582,0.022466
1988,ESP,0.013119,0.023138,0.023375
1989,ESP,0.011641,0.020611,0.024068
1990,ESP,0.010187,0.018262,0.02454
1991,ESP,0.008805,0.016112,0.024828
1992,ESP,0.007516,0.014141,0.024993
1993,ESP,0.006318,0.012315,0.025094
1994,ESP,0.005212,0.010621,0.025153
1995,ESP,0.004182,0.009066,0.025117
1996,ESP,0.003236,0.007687,0.024928
1997,ESP,0.002387,0.006522,0.024529
1998,ESP,0.001644,0.00561,0.023856
1999,ESP,0.001014,0.004973,0.02286
2000,ESP,0.000496,0.004608,0.021522
2001,ESP,8.2e-05,0.004492,0.019858
2002,ESP,-0.000222,0.004603,0.017933
2003,ESP,-0.000414,0.004909,0.015842
2004,ESP,-0.000499,0.005372,0.013666
2005,ESP,-0.000483,0.00595,0.011476
2006,ESP,-0.000375,0.006599,0.009345
2007,ESP,-0.000181,0.007267,0.007356
2008,ESP,9.3e-05,0.007902,0.005622
2009,ESP,0.000454,0.008454,0.004272
2010,ESP,0.000883,0.008863,0.003407
2011,ESP,0.001346,0.009095,0.003025
2012,ESP,0.001829,0.009151,0.003116
2013,ESP,0.00232,0.009041,0.003638
2014,ESP,0.002804,0.008798,0.004489
2015,ESP,0.003269,0.008466,0.005536
2016,ESP,0.003709,0.008083,0.006676
2017,ESP,0.004143,0.007688,0.007876
2018,ESP,0.004598,0.007311,0.009148
2019,ESP,0.005115,0.006984,0.010541
2020,ESP,0.00573,0.006721,0.012127
2021,ESP,0.006473,0.006526,0.013976
2022,ESP,0.007286,0.006392,0.01591
2023,ESP,0.008123,0.006288,0.017852
2024,ESP,0.008974,0.006202,0.019804
1891,FIN,0.011924,0.022024,0.017384
1892,FIN,0.013218,0.022781,0.018285
1893,FIN,0.014467,0.023521,0.019172
1894,FIN,0.015517,0.024114,0.019866
1895,FIN,0.016247,0.024463,0.020251
1896,FIN,0.016622,0.024543,0.020253
1897,FIN,0.016625,0.024325,0.019893
1898,FIN,0.016294,0.023817,0.019256
1899,FIN,0.015704,0.023063,0.018455
1900,FIN,0.014969,0.022151,0.017619
1901,FIN,0.014117,0.021094,0.016767
1902,FIN,0.013231,0.019978,0.015959
1903,FIN,0.012344,0.018851,0.015182
1904,FIN,0.011407,0.017682,0.014338
1905,FIN,0.010443,0.01651,0.013416
1906,FIN,0.009498,0.015393,0.012429
1907,FIN,0.008587,0.014351,0.01138
1908,FIN,0.007744,0.013418,0.010302
1909,FIN,0.007011,0.012625,0.009253
1910,FIN,0.006409,0.011985,0.008263
1911,FIN,0.006011,0.011575,0.007405
1912,FIN,0.005888,0.011467,0.006757
1913,FIN,0.006116,0.011721,0.00642
1914,FIN,0.006837,0.012468,0.006564
1915,FIN,0.008246,0.013894,0.007436
1916,FIN,0.010429,0.016087,0.009166
1917,FIN,0.013345,0.019015,0.011747
1918,FIN,0.016936,0.022622,0.01517
1919,FIN,0.020833,0.026554,0.019069
1920,FIN,0.024494,0.030326,0.022784
1921,FIN,0.027609,0.033619,0.026034
1922,FIN,0.030078,0.036334,0.028722
1923,FIN,0.031831,0.038401,0.030738
1924,FIN,0.032896,0.039825,0.032099
1925,FIN,0.033338,0.040627,0.032888
1926,FIN,0.033199,0.040817,0.033155
1927,FIN,0.032572,0.040466,0.032982
1928,FIN,0.031523,0.03961,0.032435
1929,FIN,0.030169,0.038335,0.031655
1930,FIN,0.028649,0.036744,0.030835
1931,FIN,0.027088,0.034979,0.03011
1932,FIN,0.025565,0.033161,0.029518
1933,FIN,0.024088,0.031364,0.028973
1934,FIN,0.022586,0.029569,0.028304
1935,FIN,0.021033,0.027784,0.027403
1936,FIN,0.019494,0.026076,0.026317
1937,FIN,0.018028,0.02449,0.025108
1938,FIN,0.016717,0.023079,0.023906
1939,FIN,0.01563,0.021868,0.022888
1940,FIN,0.014855,0.020904,0.022272
1941,FIN,0.014503,0.020352,0.022128
1942,FIN,0.014555,0.020269,0.022369
1943,FIN,0.014933,0.020637,0.022931
1944,FIN,0.015551,0.021422,0.023706
1945,FIN,0.01648,0.022725,0.024763
1946,FIN,0.017701,0.024515,0.026116
1947,FIN,0.019092,0.026674,0.027604
1948,FIN,0.020552,0.029054,0.029148
1949,FIN,0.021976,0.031511,0.030631
1950,FIN,0.023274,0.033888,0.032009
1951,FIN,0.02442,0.03611,0.033269
1952,FIN,0.025389,0.038117,0.034387
1953,FIN,0.026241,0.039944,0.035424
1954,FIN,0.027015,0.041612,0.036416
1955,FIN,0.027668,0.043069,0.037318
1956,FIN,0.028239,0.044351,0.038163
1957,FIN,0.028782,0.045505,0.038989
1958,FIN,0.029316,0.046543,0.039793
1959,FIN,0.029851,0.047481,0.040569
1960,FIN,0.030316,0.048252,0.041226
1961,FIN,0.030666,0.048818,0.041693
1962,FIN,0.030943,0.049229,0.041982
1963,FIN,0.031209,0.049551,0.042161
1964,FIN,0.031493,0.049827,0.042257
1965,FIN,0.03179,0.050061,0.042264
1966,FIN,0.032083,0.050239,0.042186
1967,FIN,0.032348,0.050327,0.042041
1968,FIN,0.032525,0.050259,0.041802
1969,FIN,0.032536,0.04997,0.04139
1970,FIN,0.032283,0.049379,0.040681
1971,FIN,0.031761,0.04849,0.039659
1972,FIN,0.031002,0.047329,0.038389
1973,FIN,0.030024,0.045919,0.036893
1974,FIN,0.0289,0.044336,0.035257
1975,FIN,0.027736,0.042676,0.033613
1976,FIN,0.026607,0.041009,0.032072
1977,FIN,0.025584,0.039424,0.030692
1978,FIN,0.024678,0.037958,0.029465
1979,FIN,0.023867,0.036623,0.028322
1980,FIN,0.023118,0.035416,0.027183
1981,FIN,0.02246,0.034388,0.026044
1982,FIN,0.021937,0.033577,0.024944
1983,FIN,0.021532,0.032957,0.023885
1984,FIN,0.021225,0.03249,0.022869
1985,FIN,0.021004,0.032148,0.021896
1986,FIN,0.020855,0.031898,0.020972
1987,FIN,0.020763,0.031706,0.020115
1988,FIN,0.020729,0.031554,0.019346
1989,FIN,0.02074,0.031401,0.018714
1990,FIN,0.020821,0.031238,0.018321
1991,FIN,0.021025,0.031073,0.018337
1992,FIN,0.021361,0.03089,0.018884
1993,FIN,0.021754,0.030625,0.019922
1994,FIN,0.022101,0.030225,0.021295
1995,FIN,0.02232,0.029684,0.022783
1996,FIN,0.022363,0.029021,0.024192
1997,FIN,0.022187,0.028233,0.025361
1998,FIN,0.021748,0.027299,0.026147
1999,FIN,0.021029,0.026204,0.026476
2000,FIN,0.020049,0.02496,0.026327
2001,FIN,0.018829,0.02357,0.025708
2002,FIN,0.017425,0.022073,0.024686
2003,FIN,0.015886,0.0205,0.023324
2004,FIN,0.01423,0.018854,0.021664
2005,FIN,0.012474,0.017143,0.019737
2006,FIN,0.010663,0.015401,0.017607
2007,FIN,0.008844,0.013668,0.015343
2008,FIN,0.007088,0.012,0.013055
2009,FIN,0.005511,0.010492,0.010916
2010,FIN,0.004186,0.009191,0.009083
2011,FIN,0.003049,0.008033,0.007519
2012,FIN,0.002086,0.00701,0.006221
2013,FIN,0.0013,0.006124,0.005212
2014,FIN,0.000651,0.005334,0.004463
2015,FIN,8.4e-05,0.004596,0.003903
2016,FIN,-0.000467,0.003858,0.003438
2017,FIN,-0.001064,0.003066,0.002964
2018,FIN,-0.001737,0.002198,0.00242
2019,FIN,-0.002457,0.001288,0.001798
2020,FIN,-0.003213,0.000341,0.001109
2021,FIN,-0.003987,-0.000632,0.000382
2022,FIN,-0.004774,-0.001612,-0.000408
2023,FIN,-0.00555,-0.00257,-0.001236
2024,FIN,-0.006309,-0.003507,-0.002067
1891,FRA,0.01574,0.015988,0.014891
1892,FRA,0.015119,0.016453,0.015163
1893,FRA,0.014493,0.016774,0.015275
1894,FRA,0.013862,0.016952,0.015237
1895,FRA,0.013236,0.017013,0.015058
1896,FRA,0.012649,0.016999,0.014791
1897,FRA,0.012061,0.01688,0.014415
1898,FRA,0.011484,0.016675,0.013969
1899,FRA,0.010876,0.016353,0.01343
1900,FRA,0.010261,0.015943,0.012837
1901,FRA,0.009743,0.015557,0.012313
1902,FRA,0.009376,0.015255,0.011931
1903,FRA,0.009162,0.015046,0.011705
1904,FRA,0.009046,0.014889,0.011588
1905,FRA,0.008996,0.014758,0.011551
1906,FRA,0.008967,0.014614,0.011551
1907,FRA,0.008935,0.014439,0.011559
1908,FRA,0.008887,0.014225,0.011553
1909,FRA,0.008878,0.01403,0.011575
1910,FRA,0.008928,0.013876,0.011628
1911,FRA,0.009117,0.013848,0.011774
1912,FRA,0.009387,0.013893,0.01192
1913,FRA,0.009841,0.01412,0.012145
1914,FRA,0.010721,0.014784,0.012665
1915,FRA,0.012228,0.016107,0.013656
1916,FRA,0.014384,0.018129,0.015125
1917,FRA,0.017161,0.020851,0.01706
1918,FRA,0.020625,0.024362,0.019551
1919,FRA,0.024512,0.02842,0.022374
1920,FRA,0.02812,0.032336,0.024873
1921,FRA,0.031034,0.035676,0.026698
1922,FRA,0.033093,0.03825,0.027741
1923,FRA,0.034029,0.039763,0.027748
1924,FRA,0.033845,0.040176,0.026758
1925,FRA,0.032589,0.039494,0.024834
1926,FRA,0.030497,0.037906,0.022211
1927,FRA,0.027748,0.035557,0.01907
1928,FRA,0.024517,0.03258,0.015586
1929,FRA,0.020908,0.029065,0.011851
1930,FRA,0.017133,0.025205,0.008061
1931,FRA,0.013474,0.02126,0.004511
1932,FRA,0.010133,0.017421,0.001408
1933,FRA,0.007206,0.0138,-0.001184
1934,FRA,0.004671,0.010415,-0.003333
1935,FRA,0.002625,0.007391,-0.004962
1936,FRA,0.001143,0.004833,-0.006013
1937,FRA,0.000248,0.002794,-0.006464
1938,FRA,3.5e-05,0.001393,-0.006208
1939,FRA,0.000762,0.000931,-0.005008
1940,FRA,0.002733,0.001781,-0.002624
1941,FRA,0.006378,0.004436,0.001339
1942,FRA,0.011793,0.009054,0.00697
1943,FRA,0.018688,0.015405,0.01399
1944,FRA,0.026554,0.023021,0.02191
1945,FRA,0.034764,0.031302,0.030131
1946,FRA,0.042339,0.039279,0.037704
1947,FRA,0.048377,0.04602,0.043744
1948,FRA,0.052889,0.051447,0.048289
1949,FRA,0.055986,0.055599,0.051433
1950,FRA,0.057804,0.058551,0.053299
1951,FRA,0.058653,0.06059,0.054159
1952,FRA,0.058783,0.061931,0.054262
1953,FRA,0.058394,0.062741,0.053848
1954,FRA,0.057628,0.063144,0.053092
1955,FRA,0.056599,0.063254,0.052117
1956,FRA,0.055396,0.063151,0.051037
1957,FRA,0.054087,0.062891,0.049949
1958,FRA,0.052727,0.062521,0.04893
1959,FRA,0.051384,0.062101,0.048047
1960,FRA,0.050087,0.061671,0.047299
1961,FRA,0.048813,0.061216,0.046626
1962,FRA,0.047558,0.060731,0.046011
1963,FRA,0.046317,0.060215,0.045416
1964,FRA,0.045094,0.059671,0.04481
1965,FRA,0.043886,0.05909,0.044158
1966,FRA,0.04268,0.058441,0.043444
1967,FRA,0.041456,0.057691,0.042645
1968,FRA,0.040171,0.056778,0.041729
1969,FRA,0.03879,0.055658,0.040666
1970,FRA,0.037286,0.054304,0.039411
1971,FRA,0.035668,0.052731,0.037965
1972,FRA,0.03396,0.050963,0.036356
1973,FRA,0.032197,0.049035,0.03462
1974,FRA,0.030431,0.047013,0.032794
1975,FRA,0.028723,0.044963,0.030952
1976,FRA,0.027147,0.042966,0.029177
1977,FRA,0.025723,0.041077,0.027463
1978,FRA,0.024423,0.03927,0.025822
1979,FRA,0.023231,0.037535,0.024275
1980,FRA,0.022155,0.035887,0.02286
1981,FRA,0.021203,0.034331,0.021632
1982,FRA,0.020353,0.03284,0.020623
1983,FRA,0.019568,0.031377,0.019834
1984,FRA,0.018851,0.029961,0.019262
1985,FRA,0.018194,0.028605,0.01888
1986,FRA,0.017589,0.027319,0.018642
1987,FRA,0.017036,0.026132,0.018488
1988,FRA,0.016524,0.025048,0.018358
1989,FRA,0.016016,0.02403,0.018194
1990,FRA,0.015502,0.023055,0.017988
1991,FRA,0.014989,0.022111,0.017768
1992,FRA,0.014495,0.021197,0.017576
1993,FRA,0.014022,0.020309,0.01743
1994,FRA,0.01359,0.019474,0.017334
1995,FRA,0.0132,0.018716,0.017243
1996,FRA,0.012831,0.018029,0.017118
1997,FRA,0.012462,0.017395,0.016921
1998,FRA,0.012052,0.016783,0.016606
1999,FRA,0.01157,0.016162,0.016131
2000,FRA,0.011002,0.015513,0.015487
2001,FRA,0.010335,0.014809,0.014687
2002,FRA,0.009589,0.014047,0.013785
2003,FRA,0.008782,0.013231,0.012826
2004,FRA,0.007945,0.01239,0.011837
2005,FRA,0.007096,0.011543,0.010822
2006,FRA,0.006256,0.010706,0.009806
2007,FRA,0.005446,0.009893,0.008815
2008,FRA,0.004717,0.009149,0.007895
2009,FRA,0.0041,0.008494,0.007112
2010,FRA,0.003601,0.007915,0.006515
2011,FRA,0.003171,0.007365,0.006071
2012,FRA,0.002775,0.006809,0.005765
2013,FRA,0.002395,0.006221,0.005609
2014,FRA,0.002001,0.005566,0.005597
2015,FRA,0.001577,0.004831,0.00572
2016,FRA,0.001113,0.004008,0.005963
2017,FRA,0.000607,0.003099,0.006316
2018,FRA,4.9e-05,0.002096,0.006765
2019,FRA,-0.000539,0.001021,0.007317
2020,FRA,-0.001132,-0.000101,0.00799
2021,FRA,-0.001695,-0.001242,0.008818
2022,FRA,-0.002244,-0.002366,0.009666
2023,FRA,-0.002778,-0.003464,0.010508
2024,FRA,-0.003307,-0.004553,0.011346
1891,GBR,0.005637,0.009369,0.011147
1892,GBR,0.006135,0.00953,0.011298
1893,GBR,0.006617,0.009732,0.011495
1894,GBR,0.006997,0.009889,0.011663
1895,GBR,0.007176,0.009908,0.011682
1896,GBR,0.00714,0.009772,0.011521
1897,GBR,0.006899,0.009484,0.011168
1898,GBR,0.006495,0.009071,0.010651
1899,GBR,0.005952,0.008542,0.009978
1900,GBR,0.005352,0.007961,0.009212
1901,GBR,0.004791,0.007403,0.008458
1902,GBR,0.004313,0.006891,0.007767
1903,GBR,0.003931,0.006433,0.007152
1904,GBR,0.003681,0.006066,0.006642
1905,GBR,0.003543,0.005778,0.006213
1906,GBR,0.003491,0.00557,0.00582
1907,GBR,0.003517,0.005456,0.005444
1908,GBR,0.003627,0.005462,0.005102
1909,GBR,0.003821,0.005606,0.004821
1910,GBR,0.004035,0.005855,0.004514
1911,GBR,0.004234,0.006202,0.004113
1912,GBR,0.004398,0.006639,0.003581
1913,GBR,0.004519,0.00716,0.002916
1914,GBR,0.004591,0.007751,0.002127
1915,GBR,0.004653,0.008436,0.001283
1916,GBR,0.004711,0.009202,0.000429
1917,GBR,0.004847,0.010088,-0.000268
1918,GBR,0.005138,0.011113,-0.000626
1919,GBR,0.00564,0.012258,-0.000474
1920,GBR,0.006389,0.013461,0.000355
1921,GBR,0.007316,0.014611,0.001791
1922,GBR,0.00822,0.015467,0.003607
1923,GBR,0.008926,0.015915,0.00551
1924,GBR,0.009408,0.015987,0.007376
1925,GBR,0.009681,0.01574,0.009123
1926,GBR,0.009809,0.015279,0.01072
1927,GBR,0.009892,0.014728,0.012211
1928,GBR,0.009937,0.014128,0.013536
1929,GBR,0.009998,0.013527,0.014767
1930,GBR,0.010124,0.012967,0.01596
1931,GBR,0.010374,0.012503,0.0172
1932,GBR,0.010795,0.012195,0.018516
1933,GBR,0.011328,0.012021,0.019791
1934,GBR,0.011891,0.011944,0.020875
1935,GBR,0.012408,0.01192,0.02163
1936,GBR,0.012864,0.011951,0.022
1937,GBR,0.013254,0.012044,0.021953
1938,GBR,0.013577,0.012198,0.021498
1939,GBR,0.013808,0.012382,0.020657
1940,GBR,0.013964,0.012652,0.019426
1941,GBR,0.013954,0.012941,0.017758
1942,GBR,0.013761,0.01324,0.015759
1943,GBR,0.013461,0.013622,0.013678
1944,GBR,0.013114,0.014125,0.011777
1945,GBR,0.012789,0.014796,0.010319
1946,GBR,0.012503,0.015605,0.009453
1947,GBR,0.012268,0.01652,0.009217
1948,GBR,0.012109,0.017525,0.009537
1949,GBR,0.012023,0.018598,0.010283
1950,GBR,0.012049,0.019769,0.011347
1951,GBR,0.012264,0.021114,0.012664
1952,GBR,0.012665,0.022622,0.01414
1953,GBR,0.013236,0.024267,0.015709
1954,GBR,0.013926,0.026002,0.017268
1955,GBR,0.01471,0.027797,0.018756
1956,GBR,0.015569,0.029617,0.020148
1957,GBR,0.016487,0.031425,0.02145
1958,GBR,0.01742,0.033154,0.022652
1959,GBR,0.018312,0.03473,0.02373
1960,GBR,0.019103,0.036091,0.024631
1961,GBR,0.019775,0.037229,0.025331
1962,GBR,0.020348,0.038157,0.025865
1963,GBR,0.020831,0.038884,0.026254
1964,GBR,0.021195,0.039387,0.026468
1965,GBR,0.021434,0.039669,0.026513
1966,GBR,0.021564,0.039738,0.026437
1967,GBR,0.021563,0.039567,0.026267
1968,GBR,0.021399,0.03913,0.025996
1969,GBR,0.021049,0.038417,0.025607
1970,GBR,0.020544,0.037464,0.025133
1971,GBR,0.01989,0.036281,0.024581
1972,GBR,0.019114,0.034908,0.02396
1973,GBR,0.0183,0.033462,0.023288
1974,GBR,0.017528,0.032045,0.022617
1975,GBR,0.016917,0.030782,0.02208
1976,GBR,0.016484,0.029693,0.021711
1977,GBR,0.016185,0.028748,0.021471
1978,GBR,0.015995,0.027937,0.021339
1979,GBR,0.015878,0.02723,0.0213
1980,GBR,0.015821,0.026614,0.021382
1981,GBR,0.015822,0.026074,0.021641
1982,GBR,0.015817,0.025546,0.022047
1983,GBR,0.015751,0.024998,0.022514
1984,GBR,0.015598,0.024429,0.022956
1985,GBR,0.015387,0.023899,0.023322
1986,GBR,0.015112,0.02341,0.023558
1987,GBR,0.014782,0.02297,0.023642
1988,GBR,0.014419,0.022598,0.023558
1989,GBR,0.014075,0.022328,0.02335
1990,GBR,0.013808,0.022181,0.02312
1991,GBR,0.013637,0.022126,0.022965
1992,GBR,0.013544,0.022105,0.02294
1993,GBR,0.013487,0.022071,0.023022
1994,GBR,0.013422,0.021993,0.02314
1995,GBR,0.013324,0.021867,0.023219
1996,GBR,0.013171,0.021684,0.0232
1997,GBR,0.012924,0.021411,0.023022
1998,GBR,0.012542,0.021009,0.022623
1999,GBR,0.012009,0.020455,0.021987
2000,GBR,0.011321,0.019734,0.021113
2001,GBR,0.010471,0.01883,0.020008
2002,GBR,0.009494,0.017775,0.018718
2003,GBR,0.008419,0.016588,0.017292
2004,GBR,0.007269,0.015293,0.015764
2005,GBR,0.006088,0.013935,0.014191
2006,GBR,0.004918,0.012557,0.012632
2007,GBR,0.003806,0.011202,0.01116
2008,GBR,0.002802,0.009919,0.00985
2009,GBR,0.001971,0.008775,0.008799
2010,GBR,0.001343,0.007805,0.008065
2011,GBR,0.000876,0.006992,0.007587
2012,GBR,0.000547,0.006337,0.007312
2013,GBR,0.000334,0.005838,0.007175
2014,GBR,0.0002,0.005469,0.007112
2015,GBR,0.000106,0.005189,0.007068
2016,GBR,2.3e-05,0.004952,0.007019
2017,GBR,-7.2e-05,0.004715,0.006955
2018,GBR,-0.000193,0.004439,0.006881
2019,GBR,-0.000325,0.004118,0.006838
2020,GBR,-0.000454,0.003748,0.006873
2021,GBR,-0.000574,0.003313,0.007034
2022,GBR,-0.000744,0.002808,0.007151
2023,GBR,-0.000967,0.00225,0.007206
2024,GBR,-0.001206,0.001672,0.007246
1891,GRC,-0.012443,0.002413,0.000881
1892,GRC,-0.00829,0.00235,0.000863
1893,GRC,-0.004367,0.002742,0.001275
1894,GRC,-0.000794,0.003432,0.001962
1895,GRC,0.002452,0.004392,0.002892
1896,GRC,0.00544,0.005632,0.004078
1897,GRC,0.008165,0.007082,0.005446
1898,GRC,0.010811,0.008859,0.007115
1899,GRC,0.013245,0.010769,0.008887
1900,GRC,0.01548,0.012762,0.010715
1901,GRC,0.017548,0.014811,0.012572
1902,GRC,0.019242,0.016657,0.014195
1903,GRC,0.020245,0.017934,0.015215
1904,GRC,0.020774,0.018816,0.015796
1905,GRC,0.02096,0.0194,0.016027
1906,GRC,0.021009,0.019862,0.016075
1907,GRC,0.021136,0.020394,0.016125
1908,GRC,0.021492,0.021133,0.016306
1909,GRC,0.022218,0.022209,0.016744
1910,GRC,0.023401,0.023702,0.017518
1911,GRC,0.025126,0.025695,0.018716
1912,GRC,0.027428,0.028224,0.020382
1913,GRC,0.030789,0.031774,0.023019
1914,GRC,0.035572,0.036719,0.027025
1915,GRC,0.041277,0.042571,0.031954
1916,GRC,0.047913,0.049355,0.037853
1917,GRC,0.054948,0.056554,0.044231
1918,GRC,0.061475,0.063276,0.050221
1919,GRC,0.066251,0.068288,0.054613
1920,GRC,0.069331,0.071646,0.057466
1921,GRC,0.070445,0.073078,0.058514
1922,GRC,0.069437,0.07241,0.057626
1923,GRC,0.066766,0.070078,0.055228
1924,GRC,0.062805,0.066424,0.05168
1925,GRC,0.057879,0.061751,0.047255
1926,GRC,0.052277,0.056337,0.042196
1927,GRC,0.046232,0.050403,0.036727
1928,GRC,0.039928,0.044122,0.03103
1929,GRC,0.033514,0.037634,0.025246
1930,GRC,0.02709,0.031036,0.019469
1931,GRC,0.020798,0.024472,0.013839
1932,GRC,0.014663,0.017977,0.008384
1933,GRC,0.008582,0.011457,0.002996
1934,GRC,0.002586,0.00496,-0.002305
1935,GRC,-0.003215,-0.001392,-0.007412
1936,GRC,-0.008687,-0.007456,-0.012195
1937,GRC,-0.013629,-0.013018,-0.016459
1938,GRC,-0.017835,-0.017856,-0.020001
1939,GRC,-0.020808,-0.021451,-0.022333
1940,GRC,-0.022077,-0.023305,-0.022993
1941,GRC,-0.021172,-0.022923,-0.021501
1942,GRC,-0.017893,-0.020075,-0.017648
1943,GRC,-0.012292,-0.014783,-0.011495
1944,GRC,-0.004704,-0.007347,-0.003383
1945,GRC,0.004235,0.00163,0.006051
1946,GRC,0.013571,0.011223,0.015859
1947,GRC,0.022019,0.020163,0.024761
1948,GRC,0.029231,0.028098,0.032403
1949,GRC,0.035343,0.035133,0.038921
1950,GRC,0.040505,0.041379,0.04443
1951,GRC,0.044927,0.047035,0.049045
1952,GRC,0.048639,0.052099,0.052841
1953,GRC,0.051735,0.05664,0.055948
1954,GRC,0.054205,0.06062,0.058382
1955,GRC,0.056189,0.064153,0.060297
1956,GRC,0.057758,0.067278,0.061774
1957,GRC,0.058996,0.070052,0.062902
1958,GRC,0.060007,0.072558,0.063803
1959,GRC,0.060877,0.074866,0.064584
1960,GRC,0.061637,0.076987,0.065297
1961,GRC,0.062242,0.07886,0.065919
1962,GRC,0.062587,0.080355,0.066365
1963,GRC,0.062633,0.081408,0.066621
1964,GRC,0.062237,0.081857,0.066562
1965,GRC,0.061327,0.081619,0.066122
1966,GRC,0.05987,0.08065,0.065259
1967,GRC,0.057886,0.078959,0.063978
1968,GRC,0.055378,0.076541,0.06226
1969,GRC,0.052332,0.073382,0.06004
1970,GRC,0.048746,0.069478,0.057259
1971,GRC,0.044683,0.064899,0.053927
1972,GRC,0.040248,0.059776,0.050093
1973,GRC,0.035571,0.054261,0.045845
1974,GRC,0.030851,0.048577,0.041362
1975,GRC,0.026309,0.042977,0.036881
1976,GRC,0.021928,0.037486,0.032422
1977,GRC,0.017741,0.032166,0.028039
1978,GRC,0.01383,0.027115,0.023829
1979,GRC,0.010258,0.022407,0.01986
1980,GRC,0.007168,0.018197,0.016271
1981,GRC,0.004692,0.014637,0.013201
1982,GRC,0.002909,0.011828,0.01075
1983,GRC,0.001765,0.009713,0.008943
1984,GRC,0.00118,0.008211,0.007748
1985,GRC,0.001025,0.007192,0.007084
1986,GRC,0.00125,0.006624,0.006882
1987,GRC,0.001793,0.006447,0.007103
1988,GRC,0.002597,0.006599,0.007698
1989,GRC,0.003571,0.007004,0.008551
1990,GRC,0.004681,0.007636,0.009609
1991,GRC,0.005919,0.008482,0.010867
1992,GRC,0.007253,0.009508,0.012289
1993,GRC,0.008695,0.010733,0.013857
1994,GRC,0.010207,0.012114,0.015534
1995,GRC,0.011671,0.013522,0.017207
1996,GRC,0.012977,0.014838,0.018766
1997,GRC,0.014029,0.015957,0.020102
1998,GRC,0.014737,0.016785,0.021088
1999,GRC,0.015052,0.017272,0.021617
2000,GRC,0.0149,0.01732,0.021599
2001,GRC,0.014214,0.016847,0.020945
2002,GRC,0.012966,0.01581,0.019597
2003,GRC,0.011176,0.014227,0.017538
2004,GRC,0.008891,0.012133,0.014797
2005,GRC,0.006224,0.00963,0.011479
2006,GRC,0.003334,0.006861,0.007762
2007,GRC,0.000327,0.003902,0.00382
2008,GRC,-0.002603,0.000911,-6.9e-05
2009,GRC,-0.005214,-0.001899,-0.003567
2010,GRC,-0.007291,-0.004341,-0.006342
2011,GRC,-0.008681,-0.00627,-0.008141
2012,GRC,-0.009271,-0.007551,-0.008814
2013,GRC,-0.009087,-0.008174,-0.008393
2014,GRC,-0.008272,-0.008239,-0.007044
2015,GRC,-0.006985,-0.007875,-0.004951
2016,GRC,-0.005359,-0.007197,-0.002255
2017,GRC,-0.003457,-0.006235,0.000925
2018,GRC,-0.001372,-0.005078,0.004479
2019,GRC,0.000847,-0.003766,0.008329
2020,GRC,0.003132,-0.002394,0.012436
2021,GRC,0.005466,-0.001,0.016789
2022,GRC,0.007817,0.000443,0.021173
2023,GRC,0.010153,0.001898,0.025525
2024,GRC,0.012482,0.003357,0.029863
1891,IRL,0.014488,0.018097,0.013142
1892,IRL,0.013958,0.01803,0.012896
1893,IRL,0.013428,0.017946,0.012593
1894,IRL,0.012899,0.017851,0.012246
1895,IRL,0.012372,0.017749,0.011865
1896,IRL,0.011853,0.017647,0.011455
1897,IRL,0.011349,0.01755,0.011023
1898,IRL,0.010869,0.017464,0.010573
1899,IRL,0.010425,0.017397,0.010105
1900,IRL,0.01003,0.017356,0.009613
1901,IRL,0.009699,0.017349,0.009093
1902,IRL,0.009446,0.017387,0.008545
1903,IRL,0.009278,0.017477,0.007974
1904,IRL,0.009202,0.017632,0.007383
1905,IRL,0.009215,0.017859,0.006775
1906,IRL,0.009312,0.018163,0.006153
1907,IRL,0.009482,0.018551,0.005518
1908,IRL,0.00971,0.019024,0.004872
1909,IRL,0.009977,0.019581,0.004218
1910,IRL,0.010261,0.020223,0.003564
1911,IRL,0.010539,0.020938,0.002915
1912,IRL,0.010789,0.021715,0.002283
1913,IRL,0.010995,0.022531,0.001685
1914,IRL,0.011153,0.023374,0.001146
1915,IRL,0.011273,0.024239,0.000707
1916,IRL,0.011368,0.025115,0.000402
1917,IRL,0.011442,0.025986,0.000277
1918,IRL,0.011498,0.026831,0.000369
1919,IRL,0.011527,0.027625,0.000703
1920,IRL,0.011517,0.028339,0.001285
1921,IRL,0.01146,0.028943,0.002076
1922,IRL,0.011354,0.029406,0.003019
1923,IRL,0.011154,0.029656,0.004043
1924,IRL,0.010818,0.029626,0.005124
1925,IRL,0.01031,0.029257,0.006211
1926,IRL,0.009598,0.028499,0.007239
1927,IRL,0.008652,0.02732,0.008132
1928,IRL,0.007443,0.025705,0.0088
1929,IRL,0.005973,0.023671,0.009201
1930,IRL,0.004273,0.02127,0.009336
1931,IRL,0.002417,0.018602,0.009253
1932,IRL,0.000505,0.015797,0.009032
1933,IRL,-0.001324,0.013025,0.008787
1934,IRL,-0.002997,0.010386,0.008555
1935,IRL,-0.004509,0.007909,0.008296
1936,IRL,-0.00581,0.005662,0.008013
1937,IRL,-0.00683,0.003742,0.007749
1938,IRL,-0.007477,0.002269,0.007591
1939,IRL,-0.007762,0.001263,0.007545
1940,IRL,-0.007665,0.000774,0.007669
1941,IRL,-0.007193,0.000819,0.008005
1942,IRL,-0.006357,0.001409,0.00858
1943,IRL,-0.005157,0.002556,0.009403
1944,IRL,-0.003627,0.004229,0.010468
1945,IRL,-0.001828,0.006367,0.01175
1946,IRL,0.000168,0.008882,0.013203
1947,IRL,0.002255,0.011648,0.014734
1948,IRL,0.004332,0.014535,0.016249
1949,IRL,0.006305,0.017408,0.017647
1950,IRL,0.008143,0.020182,0.018887
1951,IRL,0.009872,0.022825,0.019998
1952,IRL,0.011482,0.02527,0.021001
1953,IRL,0.012986,0.027484,0.021931
1954,IRL,0.014412,0.029468,0.022834
1955,IRL,0.015804,0.031253,0.02377
1956,IRL,0.017193,0.032867,0.024781
1957,IRL,0.018625,0.034369,0.025925
1958,IRL,0.020083,0.035769,0.0272
1959,IRL,0.021542,0.037091,0.02856
1960,IRL,0.022902,0.038287,0.029885
1961,IRL,0.024109,0.039339,0.031081
1962,IRL,0.025171,0.040289,0.032116
1963,IRL,0.026139,0.041205,0.033001
1964,IRL,0.027044,0.042116,0.033736
1965,IRL,0.027924,0.043052,0.03434
1966,IRL,0.028805,0.044019,0.034829
1967,IRL,0.029664,0.044979,0.035181
1968,IRL,0.030408,0.045826,0.035316
1969,IRL,0.030981,0.04649,0.035187
1970,IRL,0.03139,0.046964,0.034833
1971,IRL,0.031659,0.047256,0.034327
1972,IRL,0.031781,0.047358,0.03371
1973,IRL,0.031718,0.047226,0.033002
1974,IRL,0.031497,0.046899,0.032254
1975,IRL,0.031131,0.046396,0.031511
1976,IRL,0.030629,0.045732,0.030808
1977,IRL,0.030041,0.044969,0.030191
1978,IRL,0.029382,0.044129,0.029642
1979,IRL,0.028718,0.043268,0.029217
1980,IRL,0.028176,0.042496,0.02903
1981,IRL,0.027802,0.041814,0.029166
1982,IRL,0.027651,0.041259,0.029691
1983,IRL,0.027779,0.040889,0.030655
1984,IRL,0.028213,0.040739,0.032073
1985,IRL,0.0289,0.040785,0.03388
1986,IRL,0.029837,0.041067,0.036019
1987,IRL,0.031004,0.041608,0.03842
1988,IRL,0.032281,0.042317,0.040931
1989,IRL,0.033569,0.043123,0.043418
1990,IRL,0.034789,0.043965,0.045775
1991,IRL,0.035895,0.044809,0.047938
1992,IRL,0.036865,0.04562,0.049924
1993,IRL,0.037653,0.046355,0.051681
1994,IRL,0.03822,0.04699,0.053106
1995,IRL,0.038487,0.047458,0.054039
1996,IRL,0.038347,0.04765,0.054317
1997,IRL,0.037741,0.047485,0.053871
1998,IRL,0.036645,0.046916,0.052654
1999,IRL,0.035136,0.046008,0.050709
2000,IRL,0.033326,0.044855,0.04812
2001,IRL,0.031337,0.043547,0.045057
2002,IRL,0.02932,0.042195,0.041752
2003,IRL,0.027403,0.040894,0.038421
2004,IRL,0.025724,0.03976,0.035279
2005,IRL,0.024385,0.038885,0.03249
2006,IRL,0.023497,0.038363,0.030244
2007,IRL,0.023129,0.038234,0.028739
2008,IRL,0.02331,0.038489,0.028152
2009,IRL,0.024043,0.039094,0.028651
2010,IRL,0.025198,0.039908,0.030217
2011,IRL,0.026626,0.040843,0.03265
2012,IRL,0.028207,0.04186,0.035717
2013,IRL,0.029817,0.042907,0.039145
2014,IRL,0.031266,0.043853,0.04257
2015,IRL,0.032281,0.044448,0.045584
2016,IRL,0.032655,0.044469,0.047869
2017,IRL,0.032537,0.044027,0.049482
2018,IRL,0.031929,0.043065,0.050388
2019,IRL,0.030852,0.041549,0.05062
2020,IRL,0.029308,0.039432,0.050237
2021,IRL,0.02726,0.036617,0.049261
2022,IRL,0.024812,0.033295,0.04773
2023,IRL,0.022164,0.029745,0.045882
2024,IRL,0.019482,0.026153,0.043963
1891,ITA,0.016538,0.013994,0.006849
1892,ITA,0.015639,0.013806,0.007195
1893,ITA,0.014764,0.013532,0.007646
1894,ITA,0.013929,0.013196,0.008173
1895,ITA,0.01318,0.012874,0.008765
1896,ITA,0.01254,0.012617,0.009403
1897,ITA,0.012023,0.012468,0.010071
1898,ITA,0.011634,0.012459,0.010761
1899,ITA,0.011347,0.012576,0.01145
1900,ITA,0.011111,0.012781,0.012083
1901,ITA,0.010868,0.013018,0.012606
1902,ITA,0.010582,0.013246,0.012994
1903,ITA,0.010227,0.013429,0.013227
1904,ITA,0.009811,0.013569,0.013295
1905,ITA,0.009335,0.013662,0.013175
1906,ITA,0.008815,0.01371,0.012858
1907,ITA,0.008282,0.013739,0.012346
1908,ITA,0.007809,0.013815,0.011683
1909,ITA,0.007467,0.014001,0.010925
1910,ITA,0.00731,0.014335,0.010147
1911,ITA,0.007397,0.014865,0.009418
1912,ITA,0.007772,0.015635,0.008788
1913,ITA,0.008473,0.016687,0.008309
1914,ITA,0.0095,0.01803,0.00802
1915,ITA,0.010878,0.019686,0.008037
1916,ITA,0.012481,0.021529,0.008348
1917,ITA,0.014081,0.023328,0.008826
1918,ITA,0.015563,0.024958,0.009494
1919,ITA,0.016764,0.026207,0.01036
1920,ITA,0.017599,0.026998,0.011367
1921,ITA,0.018061,0.02739,0.012353
1922,ITA,0.018127,0.027399,0.013183
1923,ITA,0.017699,0.026955,0.01363
1924,ITA,0.016765,0.026049,0.013584
1925,ITA,0.015442,0.024799,0.013074
1926,ITA,0.013812,0.02328,0.012136
1927,ITA,0.011999,0.021589,0.010899
1928,ITA,0.010077,0.01977,0.009464
1929,ITA,0.008041,0.017783,0.007859
1930,ITA,0.006018,0.015739,0.006201
1931,ITA,0.004172,0.013775,0.004671
1932,ITA,0.002561,0.011931,0.003337
1933,ITA,0.00122,0.010252,0.002213
1934,ITA,0.000233,0.00885,0.001338
1935,ITA,-0.000356,0.007803,0.000706
1936,ITA,-0.00053,0.007157,0.000289
1937,ITA,-0.000234,0.006995,0.000148
1938,ITA,0.000485,0.007297,0.000257
1939,ITA,0.001713,0.008172,0.000774
1940,ITA,0.00351,0.009678,0.001898
1941,ITA,0.006038,0.011967,0.003932
1942,ITA,0.009462,0.015215,0.007119
1943,ITA,0.013958,0.01964,0.011645
1944,ITA,0.01956,0.025316,0.017556
1945,ITA,0.025965,0.031963,0.024561
1946,ITA,0.032451,0.038884,0.031944
1947,ITA,0.038063,0.045125,0.038731
1948,ITA,0.04252,0.05039,0.04457
1949,ITA,0.045826,0.054671,0.049399
1950,ITA,0.048015,0.057983,0.053204
1951,ITA,0.049199,0.060417,0.05603
1952,ITA,0.049545,0.062123,0.057966
1953,ITA,0.049241,0.063268,0.059124
1954,ITA,0.048485,0.064019,0.059639
1955,ITA,0.047467,0.064535,0.059659
1956,ITA,0.046323,0.064915,0.059302
1957,ITA,0.045168,0.065239,0.058668
1958,ITA,0.044057,0.065534,0.057819
1959,ITA,0.043019,0.065801,0.056801
1960,ITA,0.042046,0.066001,0.055646
1961,ITA,0.041109,0.06608,0.054376
1962,ITA,0.040146,0.065944,0.052997
1963,ITA,0.039125,0.065535,0.051556
1964,ITA,0.038044,0.064844,0.050106
1965,ITA,0.036918,0.063892,0.048694
1966,ITA,0.035702,0.06264,0.047304
1967,ITA,0.034371,0.0611,0.045877
1968,ITA,0.032911,0.059292,0.044361
1969,ITA,0.031306,0.057208,0.042745
1970,ITA,0.029566,0.054857,0.041046
1971,ITA,0.027729,0.052277,0.039306
1972,ITA,0.025866,0.049535,0.037601
1973,ITA,0.024019,0.046691,0.035956
1974,ITA,0.022206,0.043791,0.03437
1975,ITA,0.020478,0.040907,0.032885
1976,ITA,0.018898,0.038129,0.031563
1977,ITA,0.017422,0.035441,0.030345
1978,ITA,0.016045,0.032859,0.029233
1979,ITA,0.014768,0.03041,0.028202
1980,ITA,0.013606,0.028131,0.027238
1981,ITA,0.012613,0.026092,0.026374
1982,ITA,0.011836,0.024348,0.025652
1983,ITA,0.011281,0.022915,0.025077
1984,ITA,0.010905,0.021751,0.024609
1985,ITA,0.010632,0.020782,0.024178
1986,ITA,0.010419,0.019968,0.023732
1987,ITA,0.010228,0.019269,0.023225
1988,ITA,0.01002,0.018635,0.02262
1989,ITA,0.009763,0.018022,0.021898
1990,ITA,0.00945,0.0174,0.021077
1991,ITA,0.0091,0.016772,0.020197
1992,ITA,0.008725,0.016131,0.019297
1993,ITA,0.008306,0.015443,0.018403
1994,ITA,0.007816,0.014666,0.017518
1995,ITA,0.007212,0.013767,0.016591
1996,ITA,0.006491,0.012761,0.015577
1997,ITA,0.00568,0.011689,0.014457
1998,ITA,0.004788,0.01057,0.013203
1999,ITA,0.003836,0.009436,0.011794
2000,ITA,0.002835,0.008297,0.010219
2001,ITA,0.001793,0.007158,0.008477
2002,ITA,0.000763,0.006066,0.006624
2003,ITA,-0.000199,0.005067,0.004735
2004,ITA,-0.001061,0.004181,0.002876
2005,ITA,-0.001813,0.003409,0.001094
2006,ITA,-0.002434,0.002759,-0.000558
2007,ITA,-0.002903,0.002243,-0.002023
2008,ITA,-0.003201,0.001865,-0.003215
2009,ITA,-0.003306,0.001617,-0.00403
2010,ITA,-0.003221,0.001481,-0.004389
2011,ITA,-0.003008,0.001392,-0.004325
2012,ITA,-0.002694,0.001329,-0.003839
2013,ITA,-0.002291,0.001278,-0.002918
2014,ITA,-0.00184,0.00121,-0.001609
2015,ITA,-0.00138,0.001111,9e-06
2016,ITA,-0.000945,0.000964,0.001858
2017,ITA,-0.000561,0.000753,0.00388
2018,ITA,-0.000249,0.00045,0.006043
2019,ITA,-1.7e-05,3.7e-05,0.008344
2020,ITA,0.000131,-0.000508,0.010786
2021,ITA,0.000194,-0.001201,0.013372
2022,ITA,0.000159,-0.001989,0.015912
2023,ITA,4.7e-05,-0.002842,0.018382
2024,ITA,-9.4e-05,-0.003715,0.020825
1891,JPN,0.003813,0.018664,0.013648
1892,JPN,0.004719,0.018942,0.014112
1893,JPN,0.005495,0.019183,0.014526
1894,JPN,0.006094,0.01935,0.014854
1895,JPN,0.006438,0.019368,0.015017
1896,JPN,0.006635,0.019335,0.015107
1897,JPN,0.00677,0.019325,0.015192
1898,JPN,0.006787,0.019259,0.015196
1899,JPN,0.006597,0.019028,0.015009
1900,JPN,0.006409,0.018837,0.014837
1901,JPN,0.006276,0.018739,0.014742
1902,JPN,0.00624,0.018774,0.014772
1903,JPN,0.006347,0.018988,0.014984
1904,JPN,0.006481,0.019254,0.015266
1905,JPN,0.006682,0.019603,0.015667
1906,JPN,0.006946,0.020012,0.01618
1907,JPN,0.007186,0.020367,0.016709
1908,JPN,0.007493,0.020734,0.017329
1909,JPN,0.007952,0.021175,0.018107
1910,JPN,0.008613,0.021722,0.019075
1911,JPN,0.009471,0.022353,0.020208
1912,JPN,0.010469,0.023001,0.021428
1913,JPN,0.011574,0.023632,0.022691
1914,JPN,0.012708,0.024194,0.023923
1915,JPN,0.013754,0.024604,0.025017
1916,JPN,0.014499,0.024678,0.025756
1917,JPN,0.014818,0.024328,0.026004
1918,JPN,0.014787,0.023654,0.025829
1919,JPN,0.01451,0.022778,0.02532
1920,JPN,0.014049,0.02178,0.024543
1921,JPN,0.013567,0.02086,0.023675
1922,JPN,0.013018,0.020017,0.022693
1923,JPN,0.012459,0.019373,0.021706
1924,JPN,0.011881,0.018995,0.02078
1925,JPN,0.011218,0.018894,0.019938
1926,JPN,0.010616,0.019074,0.019203
1927,JPN,0.010204,0.019541,0.01862
1928,JPN,0.010013,0.020235,0.018161
1929,JPN,0.010008,0.021059,0.017755
1930,JPN,0.010216,0.022007,0.017418
1931,JPN,0.010675,0.0231,0.017194
1932,JPN,0.011198,0.024141,0.01691
1933,JPN,0.011542,0.024887,0.016351
1934,JPN,0.011558,0.025179,0.015395
1935,JPN,0.011204,0.024966,0.014032
1936,JPN,0.010391,0.024136,0.012204
1937,JPN,0.009031,0.022582,0.009865
1938,JPN,0.007101,0.020271,0.007024
1939,JPN,0.004617,0.01723,0.003719
1940,JPN,0.001676,0.013579,6.3e-05
1941,JPN,-0.001402,0.009677,-0.003585
1942,JPN,-0.004291,0.005909,-0.006829
1943,JPN,-0.00661,0.002723,-0.009226
1944,JPN,-0.007983,0.000569,-0.010338
1945,JPN,-0.008054,-0.000115,-0.009753
1946,JPN,-0.006436,0.001146,-0.007044
1947,JPN,-0.003231,0.004345,-0.002237
1948,JPN,0.001129,0.008988,0.004165
1949,JPN,0.006165,0.014534,0.011618
1950,JPN,0.011497,0.02057,0.019678
1951,JPN,0.016737,0.02669,0.027884
1952,JPN,0.021606,0.032613,0.035874
1953,JPN,0.025996,0.03822,0.043442
1954,JPN,0.029931,0.043526,0.050506
1955,JPN,0.033477,0.048586,0.05702
1956,JPN,0.036669,0.053426,0.062921
1957,JPN,0.039539,0.058057,0.068177
1958,JPN,0.042084,0.062435,0.072762
1959,JPN,0.044266,0.066471,0.076638
1960,JPN,0.046002,0.070032,0.079721
1961,JPN,0.04722,0.072997,0.081933
1962,JPN,0.047914,0.075293,0.083281
1963,JPN,0.048125,0.07691,0.083824
1964,JPN,0.047884,0.07785,0.083609
1965,JPN,0.047217,0.078128,0.082666
1966,JPN,0.046169,0.077791,0.08106
1967,JPN,0.044723,0.076826,0.078781
1968,JPN,0.042869,0.075217,0.075842
1969,JPN,0.040624,0.072961,0.072296
1970,JPN,0.03804,0.070103,0.068261
1971,JPN,0.035246,0.066776,0.06392
1972,JPN,0.032413,0.063167,0.059501
1973,JPN,0.029648,0.059409,0.055167
1974,JPN,0.02708,0.055664,0.051097
1975,JPN,0.024845,0.052103,0.047492
1976,JPN,0.02298,0.048823,0.044401
1977,JPN,0.021506,0.045917,0.041813
1978,JPN,0.020399,0.043413,0.039683
1979,JPN,0.019615,0.041304,0.037952
1980,JPN,0.019116,0.039578,0.036567
1981,JPN,0.018874,0.038223,0.035492
1982,JPN,0.018828,0.03719,0.034658
1983,JPN,0.01892,0.036429,0.033993
1984,JPN,0.019078,0.035875,0.033409
1985,JPN,0.019206,0.035419,0.032797
1986,JPN,0.01921,0.034955,0.032058
1987,JPN,0.019063,0.034435,0.031141
1988,JPN,0.018717,0.033792,0.029976
1989,JPN,0.018133,0.032957,0.028504
1990,JPN,0.017323,0.031911,0.026739
1991,JPN,0.016333,0.030671,0.02474
1992,JPN,0.015247,0.029294,0.022614
1993,JPN,0.01415,0.02785,0.020479
1994,JPN,0.013095,0.026387,0.018416
1995,JPN,0.012117,0.024948,0.016461
1996,JPN,0.011222,0.02355,0.014631
1997,JPN,0.01041,0.022196,0.012949
1998,JPN,0.009699,0.020894,0.011466
1999,JPN,0.009099,0.019648,0.010231
2000,JPN,0.00858,0.018434,0.009226
2001,JPN,0.008114,0.017243,0.008406
2002,JPN,0.007704,0.016091,0.007761
2003,JPN,0.007342,0.014989,0.007266
2004,JPN,0.007021,0.013948,0.006876
2005,JPN,0.006732,0.012981,0.006557
2006,JPN,0.006492,0.012115,0.006303
2007,JPN,0.006325,0.011382,0.006128
2008,JPN,0.006249,0.010797,0.006067
2009,JPN,0.006285,0.010372,0.006173
2010,JPN,0.006425,0.010093,0.006462
2011,JPN,0.006582,0.00989,0.00682
2012,JPN,0.006724,0.009738,0.007203
2013,JPN,0.006809,0.009598,0.007551
2014,JPN,0.006812,0.009439,0.00783
2015,JPN,0.006735,0.009258,0.008031
2016,JPN,0.00658,0.009045,0.008151
2017,JPN,0.006375,0.008821,0.008208
2018,JPN,0.006132,0.008585,0.008222
2019,JPN,0.005869,0.008339,0.00823
2020,JPN,0.005603,0.008083,0.008277
2021,JPN,0.005348,0.00782,0.008386
2022,JPN,0.005059,0.007517,0.008489
2023,JPN,0.004743,0.007185,0.008572
2024,JPN,0.004416,0.006844,0.008642
1891,MEX,0.001014,0.029878,0.024416
1892,MEX,0.001863,0.028992,0.023571
1893,MEX,0.002641,0.028103,0.022725
1894,MEX,0.003278,0.027209,0.021877
1895,MEX,0.003723,0.026306,0.021027
1896,MEX,0.003966,0.025392,0.020176
1897,MEX,0.004042,0.024469,0.019326
1898,MEX,0.004,0.023527,0.018471
1899,MEX,0.003948,0.022621,0.017672
1900,MEX,0.004007,0.021857,0.017037
1901,MEX,0.004121,0.021178,0.016513
1902,MEX,0.004169,0.020489,0.015999
1903,MEX,0.004158,0.019807,0.015509
1904,MEX,0.003921,0.018954,0.014862
1905,MEX,0.003465,0.017928,0.014045
1906,MEX,0.002801,0.01671,0.013033
1907,MEX,0.002106,0.015445,0.011957
1908,MEX,0.001497,0.014211,0.010879
1909,MEX,0.001142,0.013163,0.009933
1910,MEX,0.001151,0.012411,0.009205
1911,MEX,0.001647,0.012087,0.008799
1912,MEX,0.00271,0.012296,0.008796
1913,MEX,0.004284,0.013022,0.00918
1914,MEX,0.006247,0.014195,0.009898
1915,MEX,0.008329,0.015582,0.010763
1916,MEX,0.010235,0.016917,0.011569
1917,MEX,0.011626,0.017863,0.012057
1918,MEX,0.012304,0.018195,0.012104
1919,MEX,0.012221,0.017851,0.011643
1920,MEX,0.011466,0.016921,0.010664
1921,MEX,0.010174,0.015525,0.009212
1922,MEX,0.008542,0.013831,0.007438
1923,MEX,0.006703,0.011952,0.005468
1924,MEX,0.004758,0.009982,0.003427
1925,MEX,0.002859,0.008067,0.001466
1926,MEX,0.001112,0.006316,-0.000334
1927,MEX,-0.000296,0.004923,-0.001807
1928,MEX,-0.001095,0.004164,-0.002694
1929,MEX,-0.001129,0.004211,-0.002856
1930,MEX,-0.00026,0.005213,-0.002165
1931,MEX,0.001539,0.007211,-0.0006
1932,MEX,0.004125,0.010084,0.001709
1933,MEX,0.007385,0.013741,0.004662
1934,MEX,0.010878,0.01776,0.007825
1935,MEX,0.014367,0.021894,0.010945
1936,MEX,0.017706,0.025976,0.013853
1937,MEX,0.02083,0.029917,0.016475
1938,MEX,0.023749,0.033705,0.018832
1939,MEX,0.026451,0.037309,0.020945
1940,MEX,0.028845,0.04063,0.022795
1941,MEX,0.030879,0.043598,0.024392
1942,MEX,0.032462,0.046106,0.025695
1943,MEX,0.033625,0.048168,0.026753
1944,MEX,0.034427,0.049833,0.027622
1945,MEX,0.034926,0.05114,0.028321
1946,MEX,0.035242,0.052183,0.028924
1947,MEX,0.035463,0.053017,0.029457
1948,MEX,0.035666,0.053704,0.029963
1949,MEX,0.035819,0.054202,0.030438
1950,MEX,0.035827,0.054426,0.030848
1951,MEX,0.035634,0.054351,0.031153
1952,MEX,0.035306,0.054052,0.031392
1953,MEX,0.03493,0.053622,0.031638
1954,MEX,0.034532,0.053098,0.031915
1955,MEX,0.034009,0.052392,0.032132
1956,MEX,0.033331,0.051483,0.03227
1957,MEX,0.032514,0.050396,0.032353
1958,MEX,0.031586,0.04916,0.032419
1959,MEX,0.030594,0.047831,0.032529
1960,MEX,0.029565,0.046449,0.032725
1961,MEX,0.02847,0.044993,0.032981
1962,MEX,0.02733,0.043487,0.033308
1963,MEX,0.026115,0.041899,0.033663
1964,MEX,0.024752,0.040155,0.033965
1965,MEX,0.023196,0.038196,0.034147
1966,MEX,0.021479,0.036042,0.034218
1967,MEX,0.019632,0.033718,0.034187
1968,MEX,0.017678,0.031243,0.034051
1969,MEX,0.015634,0.028632,0.033796
1970,MEX,0.013534,0.025926,0.033416
1971,MEX,0.011408,0.023171,0.03289
1972,MEX,0.009297,0.020431,0.032194
1973,MEX,0.00718,0.017703,0.031256
1974,MEX,0.005066,0.015002,0.030054
1975,MEX,0.002997,0.012367,0.028606
1976,MEX,0.001,0.009822,0.026942
1977,MEX,-0.000925,0.007358,0.025088
1978,MEX,-0.002803,0.004946,0.023042
1979,MEX,-0.004689,0.00253,0.02076
1980,MEX,-0.006575,0.00011,0.018258
1981,MEX,-0.008388,-0.00226,0.015631
1982,MEX,-0.010016,-0.004486,0.013041
1983,MEX,-0.011263,-0.006373,0.010733
1984,MEX,-0.012023,-0.007793,0.008877
1985,MEX,-0.012282,-0.008682,0.007505
1986,MEX,-0.012018,-0.00898,0.006655
1987,MEX,-0.011226,-0.008661,0.00635
1988,MEX,-0.010008,-0.007804,0.006499
1989,MEX,-0.008474,-0.006506,0.006993
1990,MEX,-0.006752,-0.004891,0.007694
1991,MEX,-0.004943,-0.003066,0.008492
1992,MEX,-0.003151,-0.00117,0.009324
1993,MEX,-0.001432,0.000713,0.010159
1994,MEX,0.000163,0.002499,0.010982
1995,MEX,0.001579,0.004109,0.011765
1996,MEX,0.002805,0.005521,0.012514
1997,MEX,0.003749,0.006674,0.013061
1998,MEX,0.004358,0.007525,0.013305
1999,MEX,0.004593,0.008007,0.013238
2000,MEX,0.004524,0.008176,0.012921
2001,MEX,0.004183,0.008034,0.012419
2002,MEX,0.003677,0.007683,0.011842
2003,MEX,0.003096,0.007226,0.011245
2004,MEX,0.002438,0.006655,0.010631
2005,MEX,0.001724,0.006005,0.009979
2006,MEX,0.00099,0.005313,0.009288
2007,MEX,0.000244,0.00458,0.008564
2008,MEX,-0.000465,0.003838,0.007864
2009,MEX,-0.001081,0.003129,0.007241
2010,MEX,-0.001555,0.002505,0.00676
2011,MEX,-0.001987,0.001873,0.00632
2012,MEX,-0.002412,0.001205,0.00588
2013,MEX,-0.002836,0.000498,0.005432
2014,MEX,-0.003252,-0.00024,0.004997
2015,MEX,-0.003664,-0.001012,0.004584
2016,MEX,-0.004039,-0.001774,0.00422
2017,MEX,-0.004336,-0.002482,0.003953
2018,MEX,-0.004525,-0.003103,0.00383
2019,MEX,-0.004559,-0.003588,0.003909
2020,MEX,-0.004399,-0.003898,0.004256
2021,MEX,-0.004047,-0.00404,0.004894
2022,MEX,-0.003573,-0.004037,0.005644
2023,MEX,-0.003037,-0.003943,0.006426
2024,MEX,-0.002489,-0.003822,0.007206
1891,NLD,0.003287,0.007125,0.005348
1892,NLD,0.003928,0.006846,0.005223
1893,NLD,0.004537,0.006729,0.005232
1894,NLD,0.005115,0.006756,0.005344
1895,NLD,0.005604,0.006852,0.005477
1896,NLD,0.006028,0.007024,0.005629
1897,NLD,0.006386,0.007253,0.005771
1898,NLD,0.006718,0.007562,0.005922
1899,NLD,0.007075,0.007982,0.006111
1900,NLD,0.007497,0.008537,0.006361
1901,NLD,0.008013,0.009239,0.00668
1902,NLD,0.008592,0.010042,0.007021
1903,NLD,0.009249,0.010944,0.007386
1904,NLD,0.010037,0.01199,0.00782
1905,NLD,0.010967,0.013175,0.00832
1906,NLD,0.012023,0.01448,0.008869
1907,NLD,0.013239,0.01593,0.0095
1908,NLD,0.014638,0.017542,0.010243
1909,NLD,0.016157,0.019251,0.011048
1910,NLD,0.017725,0.020982,0.011853
1911,NLD,0.019323,0.02271,0.012659
1912,NLD,0.020962,0.024446,0.0135
1913,NLD,0.022652,0.026202,0.01443
1914,NLD,0.024386,0.02797,0.015502
1915,NLD,0.026181,0.029768,0.016807
1916,NLD,0.027976,0.03156,0.018319
1917,NLD,0.029728,0.033339,0.020004
1918,NLD,0.031364,0.035049,0.02181
1919,NLD,0.032629,0.036453,0.023477
1920,NLD,0.033098,0.037131,0.02455
1921,NLD,0.032785,0.037092,0.024985
1922,NLD,0.03169,0.036311,0.024741
1923,NLD,0.029902,0.034856,0.023821
1924,NLD,0.027533,0.032833,0.02226
1925,NLD,0.024646,0.030303,0.020056
1926,NLD,0.02134,0.027344,0.017279
1927,NLD,0.017708,0.024023,0.014011
1928,NLD,0.013908,0.020458,0.010433
1929,NLD,0.010107,0.016779,0.006748
1930,NLD,0.006498,0.013132,0.00322
1931,NLD,0.003242,0.009644,8.9e-05
1932,NLD,0.000438,0.006378,-0.002445
1933,NLD,-0.001932,0.003319,-0.004328
1934,NLD,-0.003831,0.000556,-0.005561
1935,NLD,-0.005228,-0.001818,-0.006166
1936,NLD,-0.006172,-0.003806,-0.006217
1937,NLD,-0.006613,-0.005304,-0.005722
1938,NLD,-0.006398,-0.006105,-0.004572
1939,NLD,-0.005316,-0.00597,-0.002552
1940,NLD,-0.003236,-0.004742,0.000494
1941,NLD,2.8e-05,-0.00223,0.004839
1942,NLD,0.004431,0.001553,0.0105
1943,NLD,0.009677,0.006285,0.017356
1944,NLD,0.015327,0.011516,0.025081
1945,NLD,0.021001,0.016906,0.033252
1946,NLD,0.025802,0.021653,0.040727
1947,NLD,0.029341,0.025652,0.046326
1948,NLD,0.031698,0.028927,0.050104
1949,NLD,0.032965,0.031432,0.05229
1950,NLD,0.033321,0.033209,0.05319
1951,NLD,0.03301,0.034404,0.053144
1952,NLD,0.032255,0.03518,0.052427
1953,NLD,0.031206,0.035652,0.051219
1954,NLD,0.029962,0.035905,0.049614
1955,NLD,0.028662,0.036063,0.047753
1956,NLD,0.02743,0.036228,0.045788
1957,NLD,0.026402,0.036515,0.043898
1958,NLD,0.025663,0.036992,0.04222
1959,NLD,0.025238,0.037677,0.040829
1960,NLD,0.025066,0.038522,0.039684
1961,NLD,0.025081,0.039461,0.038732
1962,NLD,0.02527,0.040483,0.037978
1963,NLD,0.025545,0.0415,0.037334
1964,NLD,0.025861,0.042474,0.036739
1965,NLD,0.026156,0.043345,0.036104
1966,NLD,0.02642,0.044096,0.035404
1967,NLD,0.026639,0.044701,0.034615
1968,NLD,0.026743,0.045073,0.033675
1969,NLD,0.02668,0.045145,0.032531
1970,NLD,0.026422,0.044877,0.031171
1971,NLD,0.02595,0.044233,0.029621
1972,NLD,0.025275,0.043215,0.027934
1973,NLD,0.024412,0.041835,0.026162
1974,NLD,0.023359,0.040103,0.024347
1975,NLD,0.022142,0.038053,0.022555
1976,NLD,0.02082,0.03577,0.020865
1977,NLD,0.019426,0.033323,0.019297
1978,NLD,0.018033,0.030819,0.017909
1979,NLD,0.016718,0.028369,0.016761
1980,NLD,0.015558,0.02608,0.015911
1981,NLD,0.014603,0.024025,0.015407
1982,NLD,0.013864,0.022222,0.015284
1983,NLD,0.013307,0.020644,0.015521
1984,NLD,0.012867,0.019241,0.016032
1985,NLD,0.012505,0.017994,0.016726
1986,NLD,0.012206,0.016903,0.017536
1987,NLD,0.011961,0.015968,0.018406
1988,NLD,0.011769,0.015192,0.019294
1989,NLD,0.011619,0.014567,0.020147
1990,NLD,0.011503,0.014083,0.020918
1991,NLD,0.011425,0.013741,0.021597
1992,NLD,0.011401,0.013545,0.022201
1993,NLD,0.011436,0.013492,0.022737
1994,NLD,0.011508,0.013549,0.023185
1995,NLD,0.011585,0.01369,0.023492
1996,NLD,0.011644,0.013894,0.023606
1997,NLD,0.011646,0.014114,0.023476
1998,NLD,0.011543,0.014288,0.023068
1999,NLD,0.011299,0.014358,0.022371
2000,NLD,0.010907,0.014296,0.021411
2001,NLD,0.010389,0.014093,0.020254
2002,NLD,0.009786,0.013768,0.018994
2003,NLD,0.009134,0.013332,0.017715
2004,NLD,0.008441,0.012785,0.016456
2005,NLD,0.007703,0.012122,0.015212
2006,NLD,0.006931,0.011365,0.01398
2007,NLD,0.006154,0.010553,0.01276
2008,NLD,0.005411,0.009729,0.011593
2009,NLD,0.004751,0.00893,0.010568
2010,NLD,0.00422,0.00819,0.009784
2011,NLD,0.003784,0.007481,0.009238
2012,NLD,0.003428,0.0068,0.00892
2013,NLD,0.003146,0.006151,0.008831
2014,NLD,0.002907,0.005519,0.008924
2015,NLD,0.002675,0.004886,0.009131
2016,NLD,0.002429,0.004249,0.009389
2017,NLD,0.002167,0.003615,0.009651
2018,NLD,0.001885,0.00299,0.009888
2019,NLD,0.001588,0.002374,0.010096
2020,NLD,0.001272,0.001752,0.010284
2021,NLD,0.000935,0.001105,0.010475
2022,NLD,0.000535,0.000407,0.010581
2023,NLD,8.9e-05,-0.00032,0.010608
2024,NLD,-0.000357,-0.00104,0.010623
1891,NOR,0.015993,0.026181,0.014624
1892,NOR,0.015995,0.025832,0.015098
1893,NOR,0.015973,0.025422,0.01552
1894,NOR,0.015853,0.024901,0.015822
1895,NOR,0.015569,0.024222,0.015958
1896,NOR,0.015102,0.023379,0.015929
1897,NOR,0.014488,0.022415,0.015787
1898,NOR,0.01377,0.021376,0.015583
1899,NOR,0.013042,0.02036,0.015412
1900,NOR,0.01241,0.019474,0.015367
1901,NOR,0.011939,0.018788,0.015497
1902,NOR,0.011638,0.018312,0.015824
1903,NOR,0.011507,0.018046,0.016351
1904,NOR,0.011526,0.017973,0.01705
1905,NOR,0.011668,0.018076,0.017872
1906,NOR,0.011898,0.018332,0.018732
1907,NOR,0.012174,0.018716,0.019531
1908,NOR,0.012518,0.019252,0.020238
1909,NOR,0.012921,0.019935,0.020807
1910,NOR,0.013367,0.020738,0.021191
1911,NOR,0.013805,0.021605,0.02132
1912,NOR,0.014242,0.022529,0.021182
1913,NOR,0.014688,0.023503,0.020786
1914,NOR,0.015137,0.024496,0.020151
1915,NOR,0.015702,0.025597,0.019434
1916,NOR,0.016419,0.026831,0.018716
1917,NOR,0.017298,0.028186,0.018073
1918,NOR,0.018451,0.029741,0.017722
1919,NOR,0.01975,0.031349,0.017629
1920,NOR,0.02091,0.032702,0.017602
1921,NOR,0.021834,0.033654,0.017703
1922,NOR,0.022593,0.034293,0.018017
1923,NOR,0.023062,0.034547,0.018375
1924,NOR,0.023224,0.034429,0.018737
1925,NOR,0.023147,0.034014,0.019158
1926,NOR,0.022838,0.033318,0.019622
1927,NOR,0.022251,0.0323,0.020049
1928,NOR,0.021347,0.030945,0.02033
1929,NOR,0.020168,0.029317,0.020418
1930,NOR,0.018786,0.027496,0.020322
1931,NOR,0.017343,0.025627,0.020144
1932,NOR,0.015999,0.023882,0.020014
1933,NOR,0.014745,0.022289,0.019856
1934,NOR,0.013594,0.020883,0.019638
1935,NOR,0.012555,0.019686,0.01933
1936,NOR,0.011647,0.018715,0.01892
1937,NOR,0.010918,0.018,0.018447
1938,NOR,0.01046,0.017603,0.018035
1939,NOR,0.010374,0.01759,0.01785
1940,NOR,0.010732,0.018,0.018056
1941,NOR,0.011689,0.018985,0.018863
1942,NOR,0.013241,0.020574,0.020265
1943,NOR,0.015343,0.022737,0.022254
1944,NOR,0.017832,0.025333,0.024693
1945,NOR,0.020476,0.028151,0.027345
1946,NOR,0.022908,0.030846,0.029801
1947,NOR,0.024967,0.033279,0.031818
1948,NOR,0.026547,0.035332,0.033271
1949,NOR,0.027715,0.037046,0.034213
1950,NOR,0.028584,0.038509,0.03475
1951,NOR,0.029211,0.039754,0.034947
1952,NOR,0.029624,0.040776,0.034882
1953,NOR,0.029881,0.041605,0.034647
1954,NOR,0.030033,0.042269,0.03432
1955,NOR,0.03013,0.042798,0.033962
1956,NOR,0.030235,0.043247,0.033653
1957,NOR,0.030366,0.043639,0.033424
1958,NOR,0.030565,0.044022,0.033327
1959,NOR,0.030851,0.044431,0.03339
1960,NOR,0.031181,0.04484,0.033555
1961,NOR,0.031513,0.045233,0.033765
1962,NOR,0.031824,0.04561,0.033992
1963,NOR,0.032123,0.045984,0.034248
1964,NOR,0.032383,0.046333,0.034518
1965,NOR,0.032569,0.046619,0.034777
1966,NOR,0.032645,0.046793,0.035018
1967,NOR,0.032612,0.046849,0.035252
1968,NOR,0.032452,0.046756,0.035479
1969,NOR,0.032183,0.046517,0.035735
1970,NOR,0.031805,0.046126,0.036014
1971,NOR,0.031343,0.045612,0.03631
1972,NOR,0.030778,0.04495,0.036571
1973,NOR,0.0301,0.044125,0.036753
1974,NOR,0.02932,0.043146,0.036821
1975,NOR,0.028445,0.042022,0.036739
1976,NOR,0.027496,0.040774,0.036485
1977,NOR,0.026482,0.039408,0.036037
1978,NOR,0.025454,0.037978,0.035427
1979,NOR,0.024439,0.036517,0.034675
1980,NOR,0.023484,0.03509,0.033823
1981,NOR,0.022647,0.033774,0.032919
1982,NOR,0.021974,0.032618,0.032032
1983,NOR,0.021466,0.031621,0.031188
1984,NOR,0.021073,0.030736,0.030349
1985,NOR,0.020766,0.029943,0.029485
1986,NOR,0.020566,0.029276,0.028621
1987,NOR,0.020507,0.028767,0.027829
1988,NOR,0.0206,0.028414,0.027197
1989,NOR,0.020826,0.028184,0.026782
1990,NOR,0.021103,0.027989,0.02657
1991,NOR,0.021355,0.027767,0.026505
1992,NOR,0.02151,0.027469,0.026511
1993,NOR,0.021518,0.027071,0.026505
1994,NOR,0.021341,0.026556,0.026412
1995,NOR,0.020941,0.025898,0.026149
1996,NOR,0.020309,0.025093,0.025667
1997,NOR,0.019453,0.024148,0.024939
1998,NOR,0.018403,0.023082,0.023976
1999,NOR,0.017203,0.021913,0.022827
2000,NOR,0.015867,0.020619,0.021537
2001,NOR,0.014388,0.019157,0.020136
2002,NOR,0.01279,0.017528,0.018664
2003,NOR,0.011117,0.015769,0.017156
2004,NOR,0.00941,0.013925,0.015626
2005,NOR,0.007727,0.012081,0.014065
2006,NOR,0.006147,0.010337,0.012507
2007,NOR,0.004754,0.0088,0.011002
2008,NOR,0.003615,0.007551,0.009618
2009,NOR,0.002772,0.006624,0.008445
2010,NOR,0.002205,0.005989,0.007548
2011,NOR,0.00187,0.005604,0.006916
2012,NOR,0.001723,0.005433,0.006519
2013,NOR,0.001705,0.005419,0.006316
2014,NOR,0.001778,0.005513,0.00628
2015,NOR,0.001907,0.005675,0.006374
2016,NOR,0.002069,0.005868,0.006568
2017,NOR,0.002255,0.006075,0.006837
2018,NOR,0.002457,0.006283,0.007154
2019,NOR,0.002695,0.006513,0.007514
2020,NOR,0.002965,0.006763,0.007907
2021,NOR,0.003252,0.007015,0.008322
2022,NOR,0.003525,0.007258,0.008697
2023,NOR,0.003784,0.007498,0.009023
2024,NOR,0.004048,0.007749,0.009341
1891,NZL,-0.015411,0.000634,0.005646
1892,NZL,-0.011536,0.002711,0.007413
1893,NZL,-0.007682,0.005024,0.009282
1894,NZL,-0.003853,0.007568,0.011254
1895,NZL,-6.8e-05,0.01032,0.013308
1896,NZL,0.003529,0.013114,0.01529
1897,NZL,0.006794,0.015777,0.017051
1898,NZL,0.009729,0.018273,0.018604
1899,NZL,0.012305,0.020532,0.019911
1900,NZL,0.014469,0.022478,0.02091
1901,NZL,0.016164,0.024037,0.021531
1902,NZL,0.017418,0.025225,0.021786
1903,NZL,0.018191,0.025998,0.021613
1904,NZL,0.018493,0.026355,0.021004
1905,NZL,0.018416,0.026378,0.020042
1906,NZL,0.017938,0.026033,0.0187
1907,NZL,0.017115,0.02536,0.017031
1908,NZL,0.016084,0.024479,0.015182
1909,NZL,0.015004,0.023533,0.013334
1910,NZL,0.013805,0.022439,0.011448
1911,NZL,0.012369,0.021047,0.009433
1912,NZL,0.010763,0.01939,0.007404
1913,NZL,0.009073,0.017523,0.005522
1914,NZL,0.007319,0.01545,0.003831
1915,NZL,0.005544,0.013228,0.002343
1916,NZL,0.003855,0.010996,0.001075
1917,NZL,0.002381,0.00894,3.4e-05
1918,NZL,0.001251,0.007272,-0.000795
1919,NZL,0.000466,0.006052,-0.001473
1920,NZL,-7.9e-05,0.005209,-0.002096
1921,NZL,-0.000344,0.004792,-0.002606
1922,NZL,-0.000167,0.00496,-0.002807
1923,NZL,0.000412,0.005653,-0.002677
1924,NZL,0.001265,0.006715,-0.002302
1925,NZL,0.002396,0.008129,-0.001638
1926,NZL,0.003814,0.009884,-0.000635
1927,NZL,0.005603,0.012043,0.000817
1928,NZL,0.007705,0.014533,0.002683
1929,NZL,0.009985,0.017199,0.004836
1930,NZL,0.0125,0.020081,0.00734
1931,NZL,0.015339,0.023256,0.010296
1932,NZL,0.018461,0.026685,0.013674
1933,NZL,0.021625,0.030118,0.01723
1934,NZL,0.024496,0.03321,0.020627
1935,NZL,0.02683,0.035702,0.023605
1936,NZL,0.028424,0.037374,0.02595
1937,NZL,0.029109,0.03804,0.02748
1938,NZL,0.029021,0.037821,0.028317
1939,NZL,0.028339,0.036897,0.028615
1940,NZL,0.027323,0.03554,0.028594
1941,NZL,0.026177,0.033973,0.028412
1942,NZL,0.024994,0.032304,0.028122
1943,NZL,0.023725,0.030506,0.027666
1944,NZL,0.02247,0.028703,0.027136
1945,NZL,0.021297,0.026996,0.026618
1946,NZL,0.020215,0.02543,0.026125
1947,NZL,0.019227,0.024054,0.025638
1948,NZL,0.018372,0.022933,0.025148
1949,NZL,0.017796,0.022241,0.02479
1950,NZL,0.017342,0.021834,0.024413
1951,NZL,0.016968,0.021656,0.023988
1952,NZL,0.016809,0.021812,0.023685
1953,NZL,0.016751,0.022149,0.023438
1954,NZL,0.016679,0.02252,0.023168
1955,NZL,0.016466,0.022767,0.022767
1956,NZL,0.016168,0.022922,0.022305
1957,NZL,0.015796,0.022973,0.021804
1958,NZL,0.015373,0.02293,0.021304
1959,NZL,0.014894,0.02278,0.02081
1960,NZL,0.014348,0.022504,0.020316
1961,NZL,0.013779,0.022143,0.019871
1962,NZL,0.013153,0.021661,0.019452
1963,NZL,0.012445,0.02103,0.019028
1964,NZL,0.011602,0.020201,0.018536
1965,NZL,0.010622,0.019177,0.01796
1966,NZL,0.009525,0.017985,0.0173
1967,NZL,0.008393,0.016713,0.016614
1968,NZL,0.007359,0.015498,0.016007
1969,NZL,0.006389,0.014318,0.015424
1970,NZL,0.005397,0.013098,0.014765
1971,NZL,0.004411,0.011874,0.014051
1972,NZL,0.003423,0.010642,0.01326
1973,NZL,0.002433,0.009397,0.012384
1974,NZL,0.001506,0.008205,0.01145
1975,NZL,0.000804,0.007234,0.010574
1976,NZL,0.000505,0.006657,0.009921
1977,NZL,0.000687,0.006554,0.009563
1978,NZL,0.0014,0.006993,0.009552
1979,NZL,0.002587,0.007939,0.009834
1980,NZL,0.004086,0.009224,0.010326
1981,NZL,0.005717,0.010662,0.010915
1982,NZL,0.007301,0.012071,0.011481
1983,NZL,0.008746,0.013366,0.011942
1984,NZL,0.01,0.014498,0.012259
1985,NZL,0.011004,0.01539,0.012399
1986,NZL,0.011827,0.016098,0.012452
1987,NZL,0.012497,0.016619,0.012508
1988,NZL,0.013007,0.016919,0.012636
1989,NZL,0.013321,0.016932,0.012879
1990,NZL,0.013468,0.016689,0.013303
1991,NZL,0.013524,0.016295,0.013965
1992,NZL,0.01354,0.015837,0.014889
1993,NZL,0.013521,0.015375,0.015958
1994,NZL,0.013451,0.014943,0.017026
1995,NZL,0.013308,0.014541,0.017987
1996,NZL,0.01312,0.014201,0.018814
1997,NZL,0.012896,0.01392,0.019493
1998,NZL,0.012637,0.013679,0.020015
1999,NZL,0.01237,0.0135,0.020371
2000,NZL,0.012062,0.013342,0.020514
2001,NZL,0.011679,0.013152,0.020439
2002,NZL,0.011236,0.012941,0.020164
2003,NZL,0.010727,0.012698,0.019697
2004,NZL,0.010172,0.012431,0.01907
2005,NZL,0.009605,0.012156,0.018326
2006,NZL,0.009062,0.011885,0.017536
2007,NZL,0.008541,0.011584,0.016758
2008,NZL,0.008036,0.011224,0.016039
2009,NZL,0.007583,0.01083,0.015454
2010,NZL,0.007155,0.01037,0.015021
2011,NZL,0.006745,0.009859,0.014713
2012,NZL,0.006334,0.009301,0.014498
2013,NZL,0.005899,0.008697,0.014329
2014,NZL,0.005461,0.008106,0.014173
2015,NZL,0.004999,0.007529,0.013993
2016,NZL,0.004476,0.00694,0.013746
2017,NZL,0.003885,0.006342,0.013406
2018,NZL,0.003204,0.005711,0.012951
2019,NZL,0.00241,0.005004,0.012373
2020,NZL,0.001506,0.004209,0.011682
2021,NZL,0.000494,0.003309,0.010896
2022,NZL,-0.000639,0.002294,0.009963
2023,NZL,-0.001844,0.001218,0.008917
2024,NZL,-0.003075,0.000123,0.007828
1891,PRT,0.005751,0.013894,0.007441
1892,PRT,0.004465,0.012393,0.006115
1893,PRT,0.003244,0.010972,0.00473
1894,PRT,0.0021,0.009654,0.003356
1895,PRT,0.001044,0.008455,0.002055
1896,PRT,0.000106,0.00741,0.000893
1897,PRT,-0.00066,0.006574,-5.3e-05
1898,PRT,-0.001259,0.00594,-0.000779
1899,PRT,-0.00168,0.005516,-0.001278
1900,PRT,-0.001877,0.005349,-0.001513
1901,PRT,-0.001841,0.005451,-0.001488
1902,PRT,-0.00157,0.005826,-0.001219
1903,PRT,-0.001024,0.006514,-0.000685
1904,PRT,-0.00014,0.007575,0.00016
1905,PRT,0.001159,0.009078,0.00138
1906,PRT,0.002866,0.010988,0.003015
1907,PRT,0.005023,0.013342,0.005097
1908,PRT,0.007606,0.016109,0.007592
1909,PRT,0.010573,0.019245,0.010452
1910,PRT,0.013814,0.022641,0.013564
1911,PRT,0.01709,0.026051,0.016676
1912,PRT,0.020155,0.029219,0.019538
1913,PRT,0.022817,0.031949,0.021944
1914,PRT,0.02494,0.034106,0.023753
1915,PRT,0.026582,0.035749,0.025022
1916,PRT,0.027817,0.036953,0.025846
1917,PRT,0.028585,0.037653,0.026187
1918,PRT,0.028851,0.03781,0.026049
1919,PRT,0.02851,0.037309,0.025364
1920,PRT,0.027791,0.036387,0.024362
1921,PRT,0.026685,0.035039,0.023024
1922,PRT,0.025334,0.033425,0.0215
1923,PRT,0.023792,0.031609,0.019853
1924,PRT,0.022152,0.02969,0.018183
1925,PRT,0.020484,0.027742,0.016561
1926,PRT,0.018932,0.025913,0.015134
1927,PRT,0.017663,0.024374,0.014072
1928,PRT,0.016685,0.023137,0.013389
1929,PRT,0.015808,0.022012,0.012893
1930,PRT,0.01513,0.021097,0.012675
1931,PRT,0.014713,0.02046,0.012788
1932,PRT,0.01459,0.020149,0.013262
1933,PRT,0.014612,0.020022,0.013947
1934,PRT,0.014762,0.020064,0.014828
1935,PRT,0.014961,0.020189,0.015811
1936,PRT,0.015207,0.020395,0.016879
1937,PRT,0.01557,0.020748,0.018071
1938,PRT,0.015979,0.021176,0.019295
1939,PRT,0.016452,0.021703,0.02055
1940,PRT,0.017109,0.022457,0.021938
1941,PRT,0.017992,0.023492,0.02349
1942,PRT,0.019109,0.02483,0.025194
1943,PRT,0.020455,0.026479,0.02703
1944,PRT,0.02204,0.028461,0.028995
1945,PRT,0.0238,0.030715,0.03102
1946,PRT,0.025731,0.033243,0.033095
1947,PRT,0.027838,0.036043,0.035229
1948,PRT,0.030119,0.039102,0.037426
1949,PRT,0.032553,0.042393,0.03969
1950,PRT,0.0351,0.04587,0.042018
1951,PRT,0.037647,0.0494,0.044339
1952,PRT,0.040072,0.052833,0.046576
1953,PRT,0.042297,0.056069,0.048687
1954,PRT,0.04426,0.059026,0.050634
1955,PRT,0.045931,0.06166,0.052404
1956,PRT,0.047304,0.063963,0.053986
1957,PRT,0.048393,0.065941,0.055384
1958,PRT,0.049227,0.06761,0.056625
1959,PRT,0.049792,0.068944,0.057692
1960,PRT,0.050097,0.069935,0.05859
1961,PRT,0.050199,0.070627,0.059368
1962,PRT,0.050059,0.070965,0.059984
1963,PRT,0.049631,0.070886,0.060388
1964,PRT,0.048875,0.070342,0.060544
1965,PRT,0.047751,0.06929,0.060402
1966,PRT,0.046234,0.067702,0.05991
1967,PRT,0.044321,0.065561,0.059046
1968,PRT,0.041968,0.062799,0.057753
1969,PRT,0.039177,0.059409,0.056007
1970,PRT,0.036028,0.055482,0.053844
1971,PRT,0.032542,0.051045,0.051236
1972,PRT,0.028826,0.046234,0.04824
1973,PRT,0.025015,0.041211,0.044958
1974,PRT,0.021284,0.036188,0.041558
1975,PRT,0.01792,0.031506,0.038344
1976,PRT,0.01504,0.027324,0.03553
1977,PRT,0.012554,0.023583,0.033103
1978,PRT,0.010452,0.020313,0.031058
1979,PRT,0.008768,0.017578,0.029415
1980,PRT,0.007489,0.015378,0.028162
1981,PRT,0.006647,0.013749,0.027322
1982,PRT,0.006248,0.012679,0.026929
1983,PRT,0.006297,0.012169,0.026978
1984,PRT,0.006775,0.012195,0.027441
1985,PRT,0.007581,0.01265,0.028223
1986,PRT,0.008521,0.013335,0.02913
1987,PRT,0.009448,0.014115,0.029963
1988,PRT,0.010237,0.014868,0.030548
1989,PRT,0.010797,0.015482,0.030775
1990,PRT,0.011114,0.015919,0.030633
1991,PRT,0.011189,0.016147,0.030166
1992,PRT,0.011055,0.016169,0.02946
1993,PRT,0.010775,0.016042,0.028596
1994,PRT,0.010409,0.015829,0.027633
1995,PRT,0.009966,0.01556,0.026546
1996,PRT,0.009463,0.015275,0.025296
1997,PRT,0.008885,0.014965,0.023846
1998,PRT,0.008233,0.014628,0.02217
1999,PRT,0.007522,0.014268,0.020272
2000,PRT,0.00678,0.013886,0.018198
2001,PRT,0.006045,0.013496,0.016021
2002,PRT,0.005357,0.013108,0.013838
2003,PRT,0.004746,0.012725,0.011739
2004,PRT,0.004222,0.012339,0.00979
2005,PRT,0.003767,0.011926,0.008008
2006,PRT,0.003378,0.011479,0.006423
2007,PRT,0.003052,0.01099,0.005057
2008,PRT,0.002798,0.010467,0.003952
2009,PRT,0.002645,0.009926,0.003183
2010,PRT,0.002613,0.009376,0.002823
2011,PRT,0.002678,0.008796,0.002873
2012,PRT,0.002856,0.008208,0.003362
2013,PRT,0.003162,0.00765,0.004279
2014,PRT,0.003591,0.007168,0.005533
2015,PRT,0.004147,0.006819,0.007017
2016,PRT,0.004815,0.006624,0.008636
2017,PRT,0.005576,0.006582,0.010322
2018,PRT,0.006414,0.006679,0.012034
2019,PRT,0.007327,0.006899,0.013779
2020,PRT,0.008314,0.007211,0.015602
2021,PRT,0.009394,0.007605,0.01757
2022,PRT,0.010514,0.008056,0.01955
2023,PRT,0.011642,0.008542,0.02148
2024,PRT,0.012773,0.009044,0.023386
1891,SWE,0.028759,0.025076,0.017047
1892,SWE,0.027735,0.026049,0.018219
1893,SWE,0.026779,0.026922,0.019356
1894,SWE,0.025875,0.027671,0.020416
1895,SWE,0.025005,0.02828,0.021365
1896,SWE,0.024121,0.028705,0.022139
1897,SWE,0.023206,0.028923,0.022726
1898,SWE,0.022281,0.028965,0.023126
1899,SWE,0.021378,0.028866,0.023367
1900,SWE,0.020556,0.028696,0.023504
1901,SWE,0.01987,0.028519,0.023591
1902,SWE,0.019333,0.028357,0.023645
1903,SWE,0.01897,0.028257,0.023687
1904,SWE,0.018733,0.028189,0.023664
1905,SWE,0.018604,0.028137,0.023582
1906,SWE,0.018547,0.028072,0.023432
1907,SWE,0.018439,0.027877,0.023131
1908,SWE,0.018277,0.027561,0.022707
1909,SWE,0.018174,0.027264,0.022276
1910,SWE,0.018143,0.027033,0.021846
1911,SWE,0.018171,0.02688,0.021392
1912,SWE,0.018248,0.026812,0.020881
1913,SWE,0.018354,0.02681,0.020288
1914,SWE,0.018495,0.026879,0.019621
1915,SWE,0.018725,0.027064,0.018974
1916,SWE,0.019098,0.027408,0.018442
1917,SWE,0.019678,0.027971,0.018153
1918,SWE,0.020603,0.028876,0.018309
1919,SWE,0.021862,0.0301,0.018955
1920,SWE,0.02322,0.031373,0.019945
1921,SWE,0.024393,0.032363,0.021128
1922,SWE,0.025339,0.033043,0.022439
1923,SWE,0.02593,0.033327,0.023669
1924,SWE,0.026138,0.033211,0.024707
1925,SWE,0.025929,0.03268,0.025458
1926,SWE,0.025362,0.031811,0.025915
1927,SWE,0.024478,0.03066,0.026064
1928,SWE,0.023353,0.029312,0.025938
1929,SWE,0.022074,0.027861,0.025582
1930,SWE,0.020715,0.026382,0.025048
1931,SWE,0.019409,0.025006,0.024454
1932,SWE,0.018275,0.023831,0.023954
1933,SWE,0.017363,0.022905,0.023603
1934,SWE,0.01664,0.022212,0.02333
1935,SWE,0.016083,0.021756,0.023048
1936,SWE,0.015716,0.02156,0.022755
1937,SWE,0.015572,0.021646,0.022493
1938,SWE,0.015676,0.022012,0.022326
1939,SWE,0.016038,0.022648,0.022322
1940,SWE,0.016659,0.023531,0.022564
1941,SWE,0.017676,0.024796,0.023237
1942,SWE,0.019054,0.02643,0.024326
1943,SWE,0.020687,0.028358,0.025714
1944,SWE,0.022416,0.030426,0.027244
1945,SWE,0.024078,0.032466,0.028771
1946,SWE,0.025528,0.03433,0.030144
1947,SWE,0.026616,0.03586,0.031212
1948,SWE,0.027323,0.037028,0.031957
1949,SWE,0.027712,0.037879,0.032455
1950,SWE,0.027808,0.038437,0.032744
1951,SWE,0.027645,0.038735,0.032856
1952,SWE,0.027321,0.038871,0.032882
1953,SWE,0.026929,0.038936,0.032909
1954,SWE,0.026527,0.038986,0.032969
1955,SWE,0.026171,0.039082,0.033074
1956,SWE,0.025902,0.039263,0.033241
1957,SWE,0.025732,0.03954,0.033465
1958,SWE,0.025665,0.039916,0.033734
1959,SWE,0.025715,0.040403,0.034049
1960,SWE,0.025839,0.040959,0.034336
1961,SWE,0.025978,0.041527,0.034507
1962,SWE,0.026059,0.042018,0.034502
1963,SWE,0.026025,0.042359,0.034293
1964,SWE,0.025823,0.042477,0.033858
1965,SWE,0.02542,0.042317,0.033198
1966,SWE,0.024839,0.041882,0.032372
1967,SWE,0.024092,0.041163,0.031425
1968,SWE,0.023158,0.040125,0.030362
1969,SWE,0.022038,0.038773,0.029176
1970,SWE,0.020746,0.037135,0.027861
1971,SWE,0.019309,0.035248,0.026437
1972,SWE,0.017781,0.033172,0.024985
1973,SWE,0.016188,0.030947,0.023529
1974,SWE,0.014572,0.028641,0.022087
1975,SWE,0.013004,0.026353,0.020709
1976,SWE,0.011555,0.024175,0.01946
1977,SWE,0.010292,0.02219,0.018409
1978,SWE,0.00923,0.020415,0.017587
1979,SWE,0.008333,0.018829,0.016948
1980,SWE,0.0076,0.017451,0.01645
1981,SWE,0.007066,0.016326,0.016088
1982,SWE,0.006749,0.015471,0.015852
1983,SWE,0.006634,0.014875,0.015693
1984,SWE,0.006691,0.014505,0.015552
1985,SWE,0.00688,0.014318,0.015378
1986,SWE,0.007205,0.01431,0.015172
1987,SWE,0.007661,0.014464,0.014944
1988,SWE,0.008257,0.014784,0.014727
1989,SWE,0.009017,0.015279,0.014583
1990,SWE,0.009944,0.01593,0.01459
1991,SWE,0.011039,0.016713,0.014834
1992,SWE,0.012276,0.017581,0.01538
1993,SWE,0.0136,0.018477,0.016228
1994,SWE,0.014941,0.019354,0.017312
1995,SWE,0.0162,0.020158,0.018482
1996,SWE,0.017306,0.020844,0.019619
1997,SWE,0.018207,0.02137,0.020637
1998,SWE,0.018846,0.02169,0.021443
1999,SWE,0.019201,0.021793,0.021962
2000,SWE,0.019272,0.021681,0.022162
2001,SWE,0.019057,0.021339,0.022047
2002,SWE,0.018585,0.020774,0.021668
2003,SWE,0.017855,0.019965,0.021051
2004,SWE,0.01689,0.018925,0.020221
2005,SWE,0.015723,0.017692,0.019188
2006,SWE,0.014419,0.016331,0.017999
2007,SWE,0.013057,0.014929,0.01671
2008,SWE,0.011749,0.013597,0.015422
2009,SWE,0.010587,0.012419,0.014251
2010,SWE,0.009591,0.011405,0.013252
2011,SWE,0.008703,0.010515,0.012346
2012,SWE,0.007916,0.009752,0.011528
2013,SWE,0.007229,0.009112,0.010813
2014,SWE,0.00661,0.008568,0.010172
2015,SWE,0.006018,0.008087,0.00956
2016,SWE,0.005415,0.007633,0.008936
2017,SWE,0.004809,0.007213,0.008306
2018,SWE,0.004188,0.006801,0.007678
2019,SWE,0.003531,0.006365,0.007051
2020,SWE,0.002813,0.005859,0.006419
2021,SWE,0.002042,0.005286,0.005797
2022,SWE,0.001217,0.004663,0.005131
2023,SWE,0.000388,0.004045,0.004448
2024,SWE,-0.000429,0.003446,0.003771
1891,USA,0.012816,0.009221,0.015213
1892,USA,0.012503,0.009612,0.015869
1893,USA,0.01221,0.010035,0.016686
1894,USA,0.012053,0.010563,0.017756
1895,USA,0.012007,0.011155,0.019004
1896,USA,0.01196,0.011711,0.020223
1897,USA,0.011909,0.012226,0.021368
1898,USA,0.011795,0.01266,0.022279
1899,USA,0.011635,0.013046,0.022902
1900,USA,0.011421,0.0134,0.023145
1901,USA,0.011136,0.01369,0.023014
1902,USA,0.010738,0.013859,0.022487
1903,USA,0.010308,0.013971,0.02168
1904,USA,0.009868,0.014034,0.020644
1905,USA,0.009457,0.01408,0.019444
1906,USA,0.009031,0.014079,0.018043
1907,USA,0.008597,0.014044,0.016472
1908,USA,0.008275,0.014085,0.014912
1909,USA,0.008159,0.014288,0.013506
1910,USA,0.008125,0.014523,0.012172
1911,USA,0.008242,0.014869,0.010984
1912,USA,0.00853,0.015355,0.009957
1913,USA,0.009008,0.016018,0.009107
1914,USA,0.009698,0.016888,0.008477
1915,USA,0.010618,0.017993,0.008121
1916,USA,0.011618,0.019207,0.007873
1917,USA,0.012564,0.020427,0.007568
1918,USA,0.013496,0.021691,0.007256
1919,USA,0.014343,0.022931,0.006881
1920,USA,0.015093,0.02409,0.006518
1921,USA,0.015747,0.025139,0.006225
1922,USA,0.016294,0.026053,0.005988
1923,USA,0.016713,0.026836,0.005687
1924,USA,0.016966,0.027439,0.00526
1925,USA,0.017131,0.027894,0.004846
1926,USA,0.017317,0.02827,0.004582
1927,USA,0.017578,0.028569,0.004601
1928,USA,0.018028,0.028848,0.005115
1929,USA,0.018766,0.02916,0.006307
1930,USA,0.019867,0.029546,0.008337
1931,USA,0.021461,0.030099,0.011439
1932,USA,0.023538,0.030813,0.01564
1933,USA,0.026026,0.031678,0.020801
1934,USA,0.028675,0.03256,0.026483
1935,USA,0.031194,0.033289,0.032168
1936,USA,0.033405,0.033783,0.037489
1937,USA,0.035239,0.034056,0.042176
1938,USA,0.036722,0.034184,0.046129
1939,USA,0.037828,0.034166,0.04925
1940,USA,0.038431,0.033939,0.051272
1941,USA,0.03842,0.033444,0.051971
1942,USA,0.037706,0.03263,0.051176
1943,USA,0.03633,0.031541,0.048948
1944,USA,0.034449,0.030287,0.045594
1945,USA,0.032317,0.029028,0.041635
1946,USA,0.030226,0.027949,0.03763
1947,USA,0.0284,0.02718,0.034017
1948,USA,0.02689,0.026738,0.030907
1949,USA,0.025648,0.026543,0.028281
1950,USA,0.024618,0.026513,0.026108
1951,USA,0.023728,0.026587,0.024253
1952,USA,0.022932,0.026703,0.022668
1953,USA,0.022227,0.026832,0.021379
1954,USA,0.021604,0.026938,0.020416
1955,USA,0.0211,0.027046,0.019824
1956,USA,0.020707,0.027154,0.019562
1957,USA,0.020426,0.027252,0.019652
1958,USA,0.020238,0.027315,0.020087
1959,USA,0.02013,0.027341,0.020823
1960,USA,0.020041,0.027304,0.02173
1961,USA,0.019943,0.027189,0.02274
1962,USA,0.019795,0.026975,0.023759
1963,USA,0.019542,0.026631,0.024666
1964,USA,0.019174,0.026163,0.025384
1965,USA,0.018682,0.025583,0.025841
1966,USA,0.018073,0.024897,0.026003
1967,USA,0.017363,0.024115,0.025886
1968,USA,0.016593,0.023255,0.025563
1969,USA,0.015783,0.022327,0.025087
1970,USA,0.01497,0.021353,0.024537
1971,USA,0.014167,0.020336,0.023985
1972,USA,0.013383,0.019294,0.023434
1973,USA,0.012632,0.01826,0.022879
1974,USA,0.011934,0.017257,0.02235
1975,USA,0.011333,0.016327,0.021926
1976,USA,0.010832,0.015488,0.021611
1977,USA,0.010415,0.014755,0.021342
1978,USA,0.010095,0.01416,0.021099
1979,USA,0.009879,0.013707,0.020894
1980,USA,0.009784,0.013395,0.020782
1981,USA,0.00982,0.013217,0.020819
1982,USA,0.009966,0.013148,0.02099
1983,USA,0.01021,0.013184,0.021269
1984,USA,0.010503,0.013308,0.021534
1985,USA,0.010794,0.013483,0.021693
1986,USA,0.011078,0.013698,0.021737
1987,USA,0.011365,0.013959,0.021678
1988,USA,0.011675,0.014287,0.021535
1989,USA,0.01201,0.01468,0.021335
1990,USA,0.012369,0.015127,0.021127
1991,USA,0.012754,0.015615,0.020971
1992,USA,0.01316,0.016135,0.020897
1993,USA,0.013562,0.016676,0.02087
1994,USA,0.013968,0.017267,0.020851
1995,USA,0.01436,0.017901,0.020791
1996,USA,0.014721,0.018558,0.020653
1997,USA,0.015008,0.019188,0.020389
1998,USA,0.015196,0.019753,0.019961
1999,USA,0.015258,0.020206,0.019355
2000,USA,0.015181,0.020507,0.01858
2001,USA,0.014972,0.020633,0.017681
2002,USA,0.01465,0.020576,0.016724
2003,USA,0.014224,0.020329,0.015738
2004,USA,0.013701,0.019903,0.014734
2005,USA,0.013105,0.019325,0.013728
2006,USA,0.012475,0.018639,0.012766
2007,USA,0.011855,0.017888,0.011914
2008,USA,0.011279,0.017099,0.011254
2009,USA,0.01077,0.016293,0.01086
2010,USA,0.010332,0.015478,0.010769
2011,USA,0.009964,0.014699,0.010927
2012,USA,0.009691,0.014018,0.011296
2013,USA,0.009521,0.013473,0.011832
2014,USA,0.009456,0.013079,0.012495
2015,USA,0.009492,0.012841,0.013254
2016,USA,0.009619,0.012746,0.014082
2017,USA,0.009829,0.012776,0.014971
2018,USA,0.010098,0.012892,0.015906
2019,USA,0.010402,0.013055,0.016875
2020,USA,0.010722,0.013225,0.017884
2021,USA,0.011039,0.013362,0.018944
2022,USA,0.011351,0.013495,0.019983
2023,USA,0.011682,0.013654,0.021008
2024,USA,0.01202,0.013825,0.022025
