nuts2_code,period,nouveaute_count,influence_count,rupture_count,total_patents,region_name
NL41,1980-1989,31.833333333333336,10.666666666666668,118.91666666666667,3719.2960317460315,Noord-Brabant
ITC4,1980-1989,30.333333333333336,9.333333333333334,33.91666666666667,3912.231415806416,Lombardia
UKJ1,1980-1989,28.241666666666667,5.083333333333334,30.101190476190478,1807.5524956038114,"Berkshire, Bucks and Oxon"
SE11,1980-1989,26.666666666666668,30.642857142857142,21.2,1812.7971055088701,Stockholm
FR10,1980-1989,23.916666666666668,87.16666666666667,41.25,12027.42012987013,Ile-de-France
UKJ2,1980-1989,20.941666666666666,5.0,30.017857142857146,1470.8416666666667,"Surrey, E/W Sussex"
ITH5,1980-1989,20.333333333333332,4.333333333333334,10.0,1132.571031746032,Emilia-Romagna
NL36,1980-1989,19.25,3.0,16.333333333333336,1174.1679653679653,NL36
UKH3,1980-1989,17.166666666666668,3.3333333333333335,10.516666666666667,799.754761904762,Essex
ITC1,1980-1989,16.916666666666668,3.0,20.833333333333336,1688.7111111111112,Piemonte
UKI1,1980-1989,16.0,2.0,6.166666666666668,422.8709457209457,Inner London - West
DK01,1980-1989,15.0,17.333333333333336,4.5,846.9779220779221,Hovedstaden
SE22,1980-1989,13.5,13.5,7.75,1015.7781746031746,Sydsverige
UKH6,1980-1989,13.5,1.0,12.5,464.20238095238096,UKH6
UKH2,1980-1989,13.333333333333334,3.5,10.76666666666667,850.7790043290042,Bedfordshire and Hertfordshire
UKJ3,1980-1989,12.416666666666668,6.25,15.291666666666668,728.1349567099567,Hampshire and Isle of Wight
SE23,1980-1989,10.916666666666668,29.166666666666668,7.0,1183.4992063492064,Vastsverige
NL22,1980-1989,10.75,0.7,11.666666666666668,611.2075757575758,Gelderland
UKI3,1980-1989,10.583333333333334,3.0,4.666666666666667,361.0254329004329,Inner London
NL32,1980-1989,10.5,1.0,3.5,1078.2016233766235,Noord-Holland
UKF1,1980-1989,9.916666666666668,1.25,5.5,550.2202380952381,Derbyshire and Nottinghamshire
DE11,1980-1989,9.533333333333333,203.54365079365078,3.25,5413.894804378628,Stuttgart
UKD3,1980-1989,9.416666666666668,3.65,7.25,745.8404761904762,Greater Manchester
CH01,1980-1989,9.0,15.16666666666667,2.3333333333333335,1429.209523809524,Region lemanique
CH02,1980-1989,9.0,23.116666666666667,1.0,1677.2825396825397,Espace Mittelland
UKE3,1980-1989,8.833333333333334,1.5,2.0,468.07261904761907,South Yorkshire
UKI7,1980-1989,7.5,3.0,7.833333333333334,577.2334776334776,Outer London
ES51,1980-1989,7.0,3.5,1.0,427.25952380952384,Cataluna
ITI4,1980-1989,7.0,3.0,2.5,608.7738095238095,Lazio
NL35,1980-1989,7.0,1.3333333333333335,9.5,373.90808080808085,NL35
UKF2,1980-1989,6.25,1.0,1.6666666666666667,475.81428571428575,Leicestershire
UKK7,1980-1989,6.166666666666667,7.0,12.93452380952381,767.7886363636364,UKK7
IE06,1980-1989,6.023809523809525,0.0,3.1904761904761907,152.875,Eastern and Midland
UKE4,1980-1989,6.0,1.0,6.416666666666667,336.197619047619,West Yorkshire
ITH3,1980-1989,5.833333333333334,4.0,6.5,949.5429292929293,Veneto
FRK2,1980-1989,5.7,26.0,2.8666666666666667,3932.6318986568986,Rhone-Alpes
UKK6,1980-1989,5.666666666666667,3.5,11.119047619047619,533.0685606060606,UKK6
BE21,1980-1989,5.5,2.333333333333333,10.25,557.7174603174603,Antwerpen
FRL0,1980-1989,5.5,7.833333333333334,12.416666666666668,1284.5858225108225,Provence-Alpes-Cote d'Azur
UKI6,1980-1989,5.366666666666667,1.0,9.0,372.7369047619048,Outer London - West
NL42,1980-1989,5.166666666666667,2.5833333333333335,8.583333333333332,555.5789682539682,Limburg (NL)
FI1B,1980-1989,5.166666666666666,8.85,2.6,575.6515873015874,Helsinki-Uusimaa
UKG1,1980-1989,5.033333333333333,6.5,6.5,587.966341991342,Herefordshire
UKK4,1980-1989,4.916666666666666,2.5,3.5,215.23253968253968,Devon
UKK5,1980-1989,4.791666666666667,1.5,3.4583333333333335,242.05357142857144,UKK5
DE12,1980-1989,4.75,112.33773448773448,3.5,3669.7307048343814,Karlsruhe
NL21,1980-1989,4.5,2.0,4.5,389.48333333333335,Overijssel
UKJ4,1980-1989,4.5,1.0,2.0,471.7714285714286,Kent
UKD7,1980-1989,4.333333333333334,1.75,4.033333333333333,419.4849206349206,Merseyside
BE33,1980-1989,4.0,6.0,1.25,324.72023809523813,Liege
CH03,1980-1989,4.0,47.733333333333334,0.9333333333333335,2653.5587662337666,Nordwestschweiz
FRE1,1980-1989,4.0,1.3333333333333335,2.0,679.4905483405483,Nord-Pas-de-Calais
ITH4,1980-1989,4.0,0.0,7.5,427.4428571428572,Friuli-Venezia Giulia
NLZZ,1980-1989,4.0,0.0,0.33333333333333337,203.65952380952382,NLZZ
UKI5,1980-1989,3.8333333333333335,0.0,6.2,241.70714285714286,Outer London - South
DK04,1980-1989,3.5,3.666666666666667,3.0,241.07857142857142,Midtjylland
IE05,1980-1989,3.4761904761904763,0.0,0.14285714285714285,69.85833333333333,Southern
UKG2,1980-1989,3.416666666666667,1.25,3.7857142857142856,389.6107142857143,Shropshire and Staffordshire
UKD4,1980-1989,3.3333333333333335,2.0,5.833333333333334,327.32738095238096,Lancashire
UKG3,1980-1989,3.25,3.5,5.30952380952381,594.277380952381,West Midlands
UKH4,1980-1989,3.125,2.8333333333333335,8.783333333333333,656.2607142857144,UKH4
BE24,1980-1989,3.0833333333333335,3.0,2.0,433.02586580086574,Vlaams-Brabant
CH06,1980-1989,3.0,10.866666666666667,1.0,675.9416666666666,Zentralschweiz
DE21,1980-1989,3.0,239.42916666666667,11.833333333333334,8039.01593961594,Oberbayern
DEF0,1980-1989,3.0,27.116666666666667,0.0,1267.2031024531025,Schleswig-Holstein
ES30,1980-1989,3.0,0.0,0.0,231.06706349206348,Madrid
FI19,1980-1989,3.0,4.4,1.0,327.0119047619047,Lansi-Suomi
NL12,1980-1989,3.0,0.0,1.0,94.57499999999999,Friesland
NO02,1980-1989,3.0,0.0,1.5,27.833333333333336,Hedmark og Oppland
UKC4,1980-1989,3.0,2.0,3.5,310.48333333333335,UKC4
UKD6,1980-1989,3.0,2.0,3.583333333333334,620.5571428571428,Cheshire
DE25,1980-1989,2.9333333333333336,90.0250742721331,6.333333333333333,2608.320746460282,Mittelfranken
SE12,1980-1989,2.8333333333333335,23.357142857142858,5.266666666666667,1046.7120299635005,Ostra Mellansverige
ITI1,1980-1989,2.75,0.0,1.0,532.3027777777777,Toscana
UKM3,1980-1989,2.666666666666667,0.0,4.25,194.56111111111113,South Western Scotland
FRJ1,1980-1989,2.5,1.3333333333333335,1.0,396.2106060606061,Languedoc-Roussillon
UKC3,1980-1989,2.5,0.0,1.3333333333333335,233.86785714285716,UKC3
UKE2,1980-1989,2.5,0.0,3.3333333333333335,193.10000000000002,North Yorkshire
DEA1,1980-1989,2.4523809523809526,91.73287545787547,1.6666666666666665,6471.445661283162,Dusseldorf
DE30,1980-1989,2.3333333333333335,55.59166666666667,2.0,1768.5724617487776,Berlin
FRC1,1980-1989,2.3333333333333335,9.25,1.0,542.0749999999999,Bourgogne
DE71,1980-1989,2.297619047619048,145.81825396825394,1.5,6483.776469363969,Darmstadt
UKI4,1980-1989,2.25,0.0,1.3333333333333335,136.9364468864469,Outer London - East
BE23,1980-1989,2.0,0.0,3.166666666666667,317.39722222222224,Oost-Vlaanderen
DE60,1980-1989,2.0,17.849999999999998,0.0,825.4325036075036,Hamburg
DK02,1980-1989,2.0,7.333333333333334,0.0,189.29285714285714,Sjaelland
DK03,1980-1989,2.0,6.0,2.0,212.51666666666665,Syddanmark
NL11,1980-1989,2.0,0.0,1.0,110.87142857142857,Groningen
NL13,1980-1989,2.0,2.0,0.5,103.58333333333333,Drenthe
NO0A,1980-1989,2.0,3.0,0.0,148.8722222222222,NO0A
SE31,1980-1989,2.0,8.5,1.0,418.4270923520923,Norra Mellansverige
UKE1,1980-1989,2.0,1.5,1.0,173.53710039960038,East Yorkshire and Northern Lincolnshire
UKM1,1980-1989,1.8333333333333335,2.0,6.0,136.73333333333332,UKM1
FRF3,1980-1989,1.75,5.0,1.0,562.109126984127,Lorraine
ITC3,1980-1989,1.75,0.0,1.0,242.3095238095238,Liguria
FRH0,1980-1989,1.6666666666666667,3.0,3.0,522.5686813186813,Bretagne
DE14,1980-1989,1.5,49.09285714285715,1.0,1767.8482170607172,Tubingen
ITZZ,1980-1989,1.5,0.33333333333333337,0.0,60.1718253968254,ITZZ
UKL5,1980-1989,1.5,0.0,0.0,195.71666666666667,UKL5
FRI3,1980-1989,1.3333333333333335,3.5,0.0,254.73333333333332,Poitou-Charentes
HU11,1980-1989,1.3333333333333333,7.0,1.0,535.7347582156406,Budapest
UKH5,1980-1989,1.25,0.0,1.25,132.03015873015875,UKH5
UKM2,1980-1989,1.1666666666666667,2.0,0.5,86.35,Eastern Scotland
AT31,1980-1989,1.0,24.866666666666667,0.0,788.6676587301588,Oberosterreich
AT33,1980-1989,1.0,4.0,0.0,247.96666666666667,Tirol
BE25,1980-1989,1.0,2.25,2.5,386.7984126984127,West-Vlaanderen
CH04,1980-1989,1.0,75.18333333333334,3.7333333333333334,2529.5325396825397,Zurich
CH07,1980-1989,1.0,6.866666666666667,0.0,279.05,Ticino
DEA5,1980-1989,1.0,51.017765567765565,0.0,2280.7033438783437,Arnsberg
FI1C,1980-1989,1.0,4.25,1.4,328.4944444444444,Etela-Suomi
FRB0,1980-1989,1.0,6.583333333333333,1.0,624.5790043290044,Centre-Val de Loire
FRE2,1980-1989,1.0,6.333333333333334,0.16666666666666666,574.702380952381,Picardie
FRF2,1980-1989,1.0,1.0,1.4285714285714286,287.7285714285714,Champagne-Ardenne
FRG0,1980-1989,1.0,4.0,1.5,506.02777777777777,Pays de la Loire
IE04,1980-1989,1.0,0.0,1.0,12.333333333333332,Northern and Western
IS01,1980-1989,1.0,0.0,0.0,7.2,IS01
ITF4,1980-1989,1.0,1.0,1.0,62.116666666666674,Puglia
ITI2,1980-1989,1.0,1.0,0.0,85.10952380952381,Umbria
ITI3,1980-1989,1.0,0.0,0.0,158.33333333333331,Marche
LIZZ,1980-1989,1.0,5.866666666666667,0.0,121.36904761904762,LIZZ
NL34,1980-1989,1.0,0.0,1.5,86.88333333333334,NL34
NO06,1980-1989,1.0,1.0,0.0,68.6984126984127,Trondelag
NO09,1980-1989,1.0,2.3333333333333335,0.0,125.50952380952381,NO09
PL91,1980-1989,1.0,0.6666666666666667,3.0,65.39087301587301,Warszawski stoleczny
PT15,1980-1989,1.0,0.0,0.0,3.0,Algarve
SEZZ,1980-1989,1.0,0.0,0.0,23.80952380952381,SEZZ
UKD1,1980-1989,1.0,0.0,0.0,69.16666666666667,Cumbria
UKK1,1980-1989,1.0,0.0,0.33333333333333337,90.99285714285713,"Gloucestershire, Wiltshire"
UKK2,1980-1989,1.0,0.0,0.0,6.333333333333334,Dorset and Somerset
UKL4,1980-1989,1.0,3.5,0.0,83.36666666666667,UKL4
BE10,1980-1989,0.8333333333333334,0.0,1.25,321.24682539682544,Bruxelles
AT13,1980-1989,0.75,17.75,0.0,873.0703546453547,Wien
DE92,1980-1989,0.6666666666666667,23.566666666666666,2.0,1421.604797979798,Hannover
FRD1,1980-1989,0.6666666666666667,0.5,0.0,197.26190476190476,Basse-Normandie
FRD2,1980-1989,0.6666666666666667,4.0,4.0,476.44404761904764,Haute-Normandie
ME19,1980-1989,0.6666666666666667,0.0,0.6666666666666667,13.083333333333334,ME19
UKM5,1980-1989,0.6666666666666667,2.0,1.0,116.84206349206349,North Eastern Scotland
DE13,1980-1989,0.5,67.66962481962483,0.7,2382.570843045843,Freiburg
DE27,1980-1989,0.5,38.833333333333336,0.0,1434.7301587301586,Schwaben
DEB1,1980-1989,0.5,18.976190476190478,0.0,669.2246905871906,Koblenz
FI1D,1980-1989,0.5,7.5,1.0,137.25714285714287,Pohjois- ja Ita-Suomi
FRK1,1980-1989,0.5,0.5,0.0,239.95873015873016,Auvergne
HU12,1980-1989,0.5,0.0,0.0,53.10217225584873,Pest
NO08,1980-1989,0.5,5.0,2.5,377.3666666666667,NO08
SE21,1980-1989,0.5,8.5,0.5333333333333334,394.06853408029883,Smaland med oarna
UKN0,1980-1989,0.5,1.5,1.5,160.0504329004329,Northern Ireland
BEZZ,1980-1989,0.33333333333333337,1.25,0.0,62.3202380952381,BEZZ
DE91,1980-1989,0.33333333333333337,22.0,0.0,771.55825008325,Braunschweig
DE93,1980-1989,0.33333333333333337,8.25,1.0,685.9147907647907,Luneburg
ITF3,1980-1989,0.33333333333333337,0.0,0.16666666666666666,89.85,Campania
AT12,1980-1989,0.25,13.983333333333334,0.0,503.95831945831947,Niederosterreich
ATZZ,1980-1989,0.25,0.0,0.0,10.9,ATZZ
DED2,1980-1989,0.2,7.406409685086156,0.0,241.23292526273178,Dresden
DE72,1980-1989,0.16666666666666666,15.433333333333334,0.16666666666666666,815.8438852813854,Giessen
HU33,1980-1989,0.16666666666666666,1.0,0.0,38.06845793095793,Del-Alfold
DEZZ,1980-1989,0.125,8.25,1.5,333.6971361971362,DEZZ
AT11,1980-1989,0.0,2.2,0.0,37.31111111111111,Burgenland
AT21,1980-1989,0.0,4.5,0.0,166.8,Karnten
AT22,1980-1989,0.0,10.2,0.0,699.5642857142858,Steiermark
AT32,1980-1989,0.0,0.2,0.0,198.8345238095238,Salzburg
AT34,1980-1989,0.0,6.500000000000001,0.0,185.98333333333335,Vorarlberg
BE22,1980-1989,0.0,0.0,0.0,86.66666666666666,Limburg (BE)
BE31,1980-1989,0.0,0.5,0.25,211.0075396825397,Brabant wallon
BE32,1980-1989,0.0,0.75,1.0,169.76190476190476,Hainaut
BE34,1980-1989,0.0,0.0,0.0,41.726190476190474,Luxembourg (BE)
BE35,1980-1989,0.0,0.5,0.0,67.10952380952384,Namur
BG31,1980-1989,0.0,0.0,0.0,1.6,BG31
BG32,1980-1989,0.0,0.0,0.0,1.651010101010101,BG32
BG33,1980-1989,0.0,1.0,0.0,3.5637426900584797,BG33
BG34,1980-1989,0.0,0.0,0.0,0.75,BG34
BG41,1980-1989,0.0,2.0,0.0,99.02813662945242,BG41
BG42,1980-1989,0.0,0.0,0.0,3.913011695906433,BG42
BGZZ,1980-1989,0.0,0.0,0.0,9.898484848484848,BGZZ
CH05,1980-1989,0.0,35.1,1.0,1226.9694444444444,Ostschweiz
CHZZ,1980-1989,0.0,0.0,0.0,28.016666666666666,CHZZ
CY00,1980-1989,0.0,0.0,0.0,3.0,CY00
DE22,1980-1989,0.0,8.772727272727273,0.7999999999999999,352.00287906537903,Niederbayern
DE23,1980-1989,0.0,11.631409685086156,2.0,610.9907549330615,Oberpfalz
DE24,1980-1989,0.0,18.371323529411768,0.0,733.4413256033612,Oberfranken
DE26,1980-1989,0.0,22.666666666666664,0.5,1040.3501845376845,Unterfranken
DE40,1980-1989,0.0,1.0,0.0,146.15837634587635,Brandenburg
DE50,1980-1989,0.0,5.5,0.0,161.6484126984127,Bremen
DE73,1980-1989,0.0,6.666666666666667,0.0,505.4801587301587,Kassel
DE80,1980-1989,0.0,2.033333333333333,0.0,142.05955988455992,Mecklenburg-Vorpommern
DE94,1980-1989,0.0,16.583333333333336,0.0,736.3154761904761,Weser-Ems
DEA2,1980-1989,0.0,105.10595238095237,4.0,5620.174073149074,Koln
DEA3,1980-1989,0.0,24.86840659340659,0.0,1439.929107004107,Munster
DEA4,1980-1989,0.0,30.666666666666668,0.0,988.9369047619049,Detmold
DEB2,1980-1989,0.0,0.0,1.0,128.38809523809522,Trier
DEB3,1980-1989,0.0,46.880266955266954,0.33333333333333337,3129.6526473526474,Rheinhessen-Pfalz
DEC0,1980-1989,0.0,4.033333333333333,0.0,160.67063492063494,Saarland
DED4,1980-1989,0.0,2.7666666666666666,0.25,98.59960317460317,Chemnitz
DED5,1980-1989,0.0,1.9595238095238094,0.0,62.350885225885236,Leipzig
DEE0,1980-1989,0.0,1.7869047619047618,0.0,117.98571428571428,Sachsen-Anhalt
DEG0,1980-1989,0.0,18.103643578643577,0.0,641.9444458319458,Thuringen
DK05,1980-1989,0.0,0.0,0.0,64.64285714285714,Nordjylland
DKZZ,1980-1989,0.0,0.0,0.0,13.183333333333334,DKZZ
EL30,1980-1989,0.0,0.0,1.0,61.56666666666668,EL30
EL43,1980-1989,0.0,0.0,0.0,1.0476190476190477,EL43
EL51,1980-1989,0.0,0.0,0.0,2.0,EL51
EL52,1980-1989,0.0,0.2,0.0,12.533333333333333,EL52
EL63,1980-1989,0.0,0.0,0.0,2.5,EL63
EL64,1980-1989,0.0,0.0,0.0,7.0,EL64
ES11,1980-1989,0.0,0.0,0.0,8.5,Galicia
ES12,1980-1989,0.0,0.0,0.0,6.571428571428571,Asturias
ES13,1980-1989,0.0,1.0,0.0,8.0,Cantabria
ES21,1980-1989,0.0,0.0,1.0,59.88181818181818,Pais Vasco
ES22,1980-1989,0.0,0.0,1.0,15.0,Navarra
ES23,1980-1989,0.0,0.0,0.0,4.0,La Rioja
ES24,1980-1989,0.0,0.0,0.0,14.0,Aragon
ES41,1980-1989,0.0,0.0,0.0,15.706060606060607,Castilla y Leon
ES42,1980-1989,0.0,0.0,1.0,7.0,Castilla-La Mancha
ES43,1980-1989,0.0,0.0,0.0,1.0,Extremadura
ES52,1980-1989,0.0,1.0,0.0,49.333333333333336,Comunitat Valenciana
ES53,1980-1989,0.0,0.0,0.0,17.333333333333336,Illes Balears
ES61,1980-1989,0.0,0.0,0.0,47.95757575757575,Andalucia
ES62,1980-1989,0.0,0.0,0.0,3.0,Murcia
ES70,1980-1989,0.0,0.0,0.0,7.0,Canarias
ESZZ,1980-1989,0.0,0.0,0.0,6.635714285714286,ESZZ
FI20,1980-1989,0.0,0.0,0.0,2.0,Aland
FIZZ,1980-1989,0.0,0.0,0.0,3.0,FIZZ
FRC2,1980-1989,0.0,9.5,1.5,422.5083333333333,Franche-Comte
FRF1,1980-1989,0.0,7.166666666666667,0.0,906.7488095238095,Alsace
FRI1,1980-1989,0.0,7.5,0.0,641.8329365079364,Aquitaine
FRI2,1980-1989,0.0,1.0,0.0,89.36111111111111,Limousin
FRJ2,1980-1989,0.0,2.0,2.0,663.6166666666666,Midi-Pyrenees
FRM0,1980-1989,0.0,0.0,1.0,6.976190476190476,Corse
FRY1,1980-1989,0.0,0.0,0.0,1.3333333333333335,FRY1
FRY3,1980-1989,0.0,0.0,0.0,1.0,FRY3
FRY4,1980-1989,0.0,0.0,0.0,3.0,FRY4
FRZZ,1980-1989,0.0,0.0,0.0,102.17619047619047,FRZZ
HU21,1980-1989,0.0,0.0,0.0,37.9759213009213,Kozep-Dunantul
HU22,1980-1989,0.0,0.0,0.0,13.243253968253969,Nyugat-Dunantul
HU23,1980-1989,0.0,1.0,0.0,20.17469474969475,Del-Dunantul
HU31,1980-1989,0.0,0.0,0.0,26.977810098398336,Eszak-Magyarorszag
HU32,1980-1989,0.0,0.0,0.0,47.38809523809524,Eszak-Alfold
HUZZ,1980-1989,0.0,0.0,0.0,0.7531135531135531,HUZZ
IE01,1980-1989,0.0,0.0,0.0,22.033333333333335,IE01
IE02,1980-1989,0.0,0.0,0.0,20.516666666666666,IE02
IEZZ,1980-1989,0.0,1.0,0.0,5.75,IEZZ
IS02,1980-1989,0.0,0.0,0.0,2.0,IS02
ISZZ,1980-1989,0.0,0.0,0.0,1.916666666666667,ISZZ
ITC2,1980-1989,0.0,0.0,0.0,11.0,Valle d'Aosta
ITF1,1980-1989,0.0,0.0,0.0,55.46666666666667,Abruzzo
ITF2,1980-1989,0.0,0.0,0.0,4.833333333333334,Molise
ITF5,1980-1989,0.0,0.0,0.0,11.600000000000001,Basilicata
ITF6,1980-1989,0.0,0.0,0.0,18.376190476190477,Calabria
ITG1,1980-1989,0.0,1.0,0.0,96.2761904761905,Sicilia
ITG2,1980-1989,0.0,0.0,0.0,33.75,Sardegna
ITH1,1980-1989,0.0,0.0,0.0,69.69209956709958,Provincia di Bolzano
ITH2,1980-1989,0.0,0.0,0.0,29.333333333333336,Provincia di Trento
LU00,1980-1989,0.0,4.0,0.0,207.91904761904763,Luxembourg
ME03,1980-1989,0.0,0.0,0.0,0.5,ME03
ME05,1980-1989,0.0,0.0,0.0,2.0,ME05
ME08,1980-1989,0.0,0.0,0.0,0.75,ME08
ME09,1980-1989,0.0,0.0,0.0,9.575,ME09
ME12,1980-1989,0.0,0.0,0.0,0.6666666666666667,ME12
ME13,1980-1989,0.0,0.0,0.0,3.0,ME13
ME14,1980-1989,0.0,0.0,0.0,1.8333333333333335,ME14
ME15,1980-1989,0.0,0.0,0.0,3.45,ME15
ME17,1980-1989,0.0,0.0,0.0,1.825,ME17
ME25,1980-1989,0.0,0.0,0.0,0.33333333333333337,ME25
ME27,1980-1989,0.0,0.0,0.0,2.0,ME27
ME30,1980-1989,0.0,0.0,0.0,5.833333333333334,ME30
MT00,1980-1989,0.0,0.0,0.0,1.0,MT00
NL23,1980-1989,0.0,0.0,0.0,34.5,Flevoland
NO07,1980-1989,0.0,0.0,0.0,16.1,Nord-Norge
NO0B,1980-1989,0.0,0.0,0.0,0.5,NO0B
NOZZ,1980-1989,0.0,1.0,0.0,8.0,NOZZ
PL21,1980-1989,0.0,0.0,1.0,21.28055555555556,Malopolskie
PL22,1980-1989,0.0,1.0,0.0,26.271428571428572,Slaskie
PL41,1980-1989,0.0,1.0,0.0,11.5,Wielkopolskie
PL42,1980-1989,0.0,0.0,0.0,0.5,Zachodniopomorskie
PL51,1980-1989,0.0,1.0,0.0,7.776190476190477,Dolnoslaskie
PL52,1980-1989,0.0,0.0,0.0,1.8000000000000003,Opolskie
PL61,1980-1989,0.0,0.0,0.0,3.4226190476190474,Kujawsko-Pomorskie
PL62,1980-1989,0.0,0.0,0.0,1.2,Warminsko-Mazurskie
PL63,1980-1989,0.0,0.0,0.0,6.792857142857144,Pomorskie
PL71,1980-1989,0.0,0.33333333333333337,0.0,9.585714285714285,Lodzkie
PL72,1980-1989,0.0,0.0,0.0,1.0,Swietokrzyskie
PL81,1980-1989,0.0,0.0,0.0,3.125,Lubelskie
PL82,1980-1989,0.0,0.0,0.0,3.366666666666667,Podkarpackie
PL84,1980-1989,0.0,0.0,0.0,0.4583333333333333,Podlaskie
PL92,1980-1989,0.0,0.0,0.0,1.1142857142857143,Mazowiecki
PLZZ,1980-1989,0.0,0.0,0.0,2.225,PLZZ
PT11,1980-1989,0.0,0.0,0.0,8.5,Norte
PT19,1980-1989,0.0,0.0,0.0,2.166666666666667,PT19
PT1A,1980-1989,0.0,0.0,0.0,16.583333333333336,PT1A
PT1B,1980-1989,0.0,0.0,0.0,2.233333333333334,PT1B
PT1C,1980-1989,0.0,0.2,0.0,1.7,PT1C
PT1D,1980-1989,0.0,0.0,0.0,1.0,PT1D
PTZZ,1980-1989,0.0,0.0,0.0,7.4,PTZZ
RO11,1980-1989,0.0,0.0,0.0,1.0,Nord-Vest
RO12,1980-1989,0.0,0.0,0.0,2.0,Centru
RO22,1980-1989,0.0,0.0,0.0,0.4,Sud-Est
RO32,1980-1989,0.0,0.0,0.0,2.6,Bucuresti-Ilfov
SE32,1980-1989,0.0,3.333333333333333,0.0,130.96190476190475,Mellersta Norrland
SE33,1980-1989,0.0,3.1666666666666665,0.0,178.53333333333333,Ovre Norrland
SI03,1980-1989,0.0,0.0,0.0,1.1666666666666667,Vzhodna Slovenija
SI04,1980-1989,0.0,0.0,0.0,0.75,Zahodna Slovenija
SIZZ,1980-1989,0.0,0.0,0.0,0.08333333333333334,SIZZ
UKC1,1980-1989,0.0,0.0,0.6666666666666667,50.95,Tees Valley and Durham
UKF3,1980-1989,0.0,2.5,2.8333333333333335,104.77738095238095,Lincolnshire
UKH1,1980-1989,0.0,0.0,0.0,0.33333333333333337,East Anglia
UKK3,1980-1989,0.0,0.33333333333333337,1.0,108.94166666666666,Cornwall and Isles of Scilly
UKL3,1980-1989,0.0,1.0,1.2,86.39404761904763,UKL3
UKM0,1980-1989,0.0,0.75,1.5,114.44999999999999,UKM0
UKM9,1980-1989,0.0,0.0,0.0,51.78333333333334,UKM9
UKZZ,1980-1989,0.0,0.0,0.0,0.16666666666666666,UKZZ
FR10,1990-1999,65.96428571428571,158.12539682539682,144.98095238095237,22573.088449678533,Ile-de-France
FI1B,1990-1999,58.30833333333334,20.7,166.44642857142856,3094.856568793525,Helsinki-Uusimaa
SE11,1990-1999,57.41666666666667,49.233333333333334,139.73333333333335,4636.802038061735,Stockholm
NL41,1990-1999,56.37500000000001,42.69285714285714,107.02500000000002,7464.207693184009,Noord-Brabant
ITC4,1990-1999,48.16666666666667,30.4,34.18333333333334,9239.830194805194,Lombardia
NL36,1990-1999,37.11904761904762,9.416666666666668,43.65,2947.207580504291,NL36
ITH5,1990-1999,35.50000000000001,10.166666666666668,8.708333333333334,3714.124603174603,Emilia-Romagna
CH02,1990-1999,34.91666666666667,45.45,27.4,3424.6933637999427,Espace Mittelland
UKJ1,1990-1999,34.599603174603175,13.333333333333334,36.98975468975469,3784.0062975766923,"Berkshire, Bucks and Oxon"
UKJ3,1990-1999,32.766666666666666,10.007575757575758,34.4510101010101,1669.5140442890443,Hampshire and Isle of Wight
DE21,1990-1999,30.883333333333333,459.6773448773449,49.969047619047615,15178.576372238873,Oberbayern
FRL0,1990-1999,29.60952380952381,17.333333333333336,51.05119047619048,2702.7484223096276,Provence-Alpes-Cote d'Azur
ITH3,1990-1999,29.5,7.0,2.8333333333333335,2724.4983747246906,Veneto
NL32,1990-1999,29.164285714285715,6.166666666666667,14.166666666666668,1842.6747655122656,Noord-Holland
DE11,1990-1999,25.883333333333333,669.8391830391831,36.66666666666667,13999.396003662436,Stuttgart
DK01,1990-1999,24.194444444444443,13.15,19.511111111111113,2877.623563936064,Hovedstaden
UKH6,1990-1999,23.804761904761904,3.6833333333333336,50.77445887445888,908.2712842712842,UKH6
UKM0,1990-1999,22.752380952380953,4.833333333333334,16.86904761904762,459.668253968254,UKM0
UKJ2,1990-1999,22.72777777777778,16.700000000000003,32.25,2425.413095238095,"Surrey, E/W Sussex"
DEA2,1990-1999,22.083333333333332,185.4035714285714,24.566666666666666,9115.308898454488,Koln
FRK2,1990-1999,21.826190476190476,63.95833333333334,21.142857142857146,8787.81407433296,Rhone-Alpes
FI19,1990-1999,20.55,20.333333333333336,52.622619047619054,1538.820238095238,Lansi-Suomi
SE22,1990-1999,20.22222222222222,19.25,32.608333333333334,2069.906199235547,Sydsverige
DE71,1990-1999,18.5,297.648051948052,16.273809523809526,12205.723325809899,Darmstadt
IE06,1990-1999,18.5,1.0,16.166666666666668,500.7048396048396,Eastern and Midland
NL35,1990-1999,18.133333333333333,1.75,20.06666666666667,1006.9648629148629,NL35
UKH2,1990-1999,18.083333333333336,13.316666666666666,19.07247474747475,1778.002520518697,Bedfordshire and Hertfordshire
ITC1,1990-1999,17.333333333333336,18.483333333333334,15.211111111111112,3551.2239538239537,Piemonte
SE12,1990-1999,17.333333333333336,16.783333333333335,19.366666666666667,2153.77726023976,Ostra Mellansverige
UKK5,1990-1999,16.892857142857142,5.0,22.316666666666666,853.0075757575759,UKK5
UKI7,1990-1999,16.235714285714288,8.642857142857144,14.031818181818181,1409.301202963703,Outer London
UKI3,1990-1999,16.142857142857142,2.0,16.067424242424245,797.1937271062271,Inner London
UKH3,1990-1999,15.000000000000002,7.716666666666667,13.686111111111112,1668.7218448218448,Essex
CH01,1990-1999,13.633333333333333,16.0,4.366666666666667,2434.722472848789,Region lemanique
DE12,1990-1999,13.457142857142857,256.113406038406,14.333333333333334,7451.791269922888,Karlsruhe
ES30,1990-1999,13.2,1.0,16.333333333333336,869.9957792207792,Madrid
NO08,1990-1999,13.142857142857142,13.142857142857142,13.342857142857142,1072.3073870573871,NO08
NL22,1990-1999,12.833333333333334,12.392857142857142,10.333333333333334,1555.0685786435788,Gelderland
CH04,1990-1999,12.56904761904762,119.46428571428572,20.933333333333334,4359.527175602176,Zurich
ITI4,1990-1999,12.416666666666668,2.0,9.0,1509.1770202020202,Lazio
UKD3,1990-1999,12.366666666666667,5.666666666666667,6.616666666666667,1100.038641913642,Greater Manchester
BE24,1990-1999,12.166666666666668,12.05,3.7500000000000004,1326.906651329407,Vlaams-Brabant
FRF1,1990-1999,11.30952380952381,16.166666666666668,12.833333333333332,1886.842637917638,Alsace
SE23,1990-1999,11.0,34.35,11.416666666666668,2710.839591809157,Vastsverige
UKG1,1990-1999,10.833333333333334,18.083333333333336,4.5,1237.3036435786437,Herefordshire
FI1D,1990-1999,10.591666666666667,9.75,47.16706349206349,1042.449603174603,Pohjois- ja Ita-Suomi
DEA1,1990-1999,10.583333333333332,234.61944444444444,14.95952380952381,11111.364254209842,Dusseldorf
DEB3,1990-1999,10.208333333333334,127.0936507936508,2.8333333333333335,6326.943684746626,Rheinhessen-Pfalz
DE13,1990-1999,9.766666666666666,165.2714285714286,7.4,5519.296761833798,Freiburg
UKK4,1990-1999,9.7,2.166666666666667,4.925000000000001,353.0198523698524,Devon
FI1C,1990-1999,9.55,16.033333333333335,25.044444444444444,1232.2476064997804,Etela-Suomi
UKH4,1990-1999,9.333333333333334,13.116666666666665,14.255555555555556,1792.9123099123099,UKH4
UKF2,1990-1999,9.233333333333334,16.916666666666668,4.616666666666667,1074.1282109995268,Leicestershire
UKD7,1990-1999,9.033333333333335,0.75,4.911111111111111,687.57997265892,Merseyside
ITC3,1990-1999,9.0,0.5,2.125,680.6714646464646,Liguria
UKK6,1990-1999,8.88888888888889,3.5,8.583333333333334,744.6467643467644,UKK6
ES51,1990-1999,8.5,3.125,3.5,1621.2925685425685,Cataluna
UKF1,1990-1999,8.366666666666667,7.285714285714286,5.077777777777778,1133.5158730158728,Derbyshire and Nottinghamshire
UKI4,1990-1999,8.25,3.5,7.128787878787879,382.3397574647575,Outer London - East
DE30,1990-1999,7.716666666666667,116.82409812409813,7.25,3726.438535288241,Berlin
UKD6,1990-1999,7.666666666666668,2.25,5.378787878787879,1188.9253569529887,Cheshire
NL11,1990-1999,7.5,1.0,7.166666666666667,276.4351481851482,Groningen
UKG2,1990-1999,7.25,3.666666666666667,6.75,618.1234126984127,Shropshire and Staffordshire
UKK7,1990-1999,7.25,12.045454545454545,21.05,1282.0161388319284,UKK7
BE21,1990-1999,7.116666666666667,8.327380952380953,12.716666666666669,2278.1833900310216,Antwerpen
ITH4,1990-1999,7.0,3.5,7.333333333333334,931.4666666666667,Friuli-Venezia Giulia
BE23,1990-1999,6.958333333333334,6.7,7.250000000000001,900.5750816727132,Oost-Vlaanderen
BE10,1990-1999,6.950000000000001,3.5,6.944444444444445,781.1344143575723,Bruxelles
DE60,1990-1999,6.866666666666667,51.50119047619047,4.0,2199.1972666222664,Hamburg
EL30,1990-1999,6.333333333333334,3.3333333333333335,0.5833333333333334,225.56507936507938,EL30
ITI1,1990-1999,6.333333333333334,3.5,0.0,1382.7243145743146,Toscana
UKG3,1990-1999,6.333333333333334,9.0,2.8333333333333335,1132.779376179376,West Midlands
FRB0,1990-1999,6.119047619047619,11.542857142857143,5.035714285714286,1763.025886747661,Centre-Val de Loire
CH05,1990-1999,6.0,83.03333333333333,2.8333333333333335,2695.709157363105,Ostschweiz
ES52,1990-1999,5.833333333333334,0.0,1.3333333333333335,349.25360750360755,Comunitat Valenciana
UKI6,1990-1999,5.833333333333334,2.142857142857143,6.24090909090909,537.3853896103897,Outer London - West
DEB1,1990-1999,5.5,45.352380952380955,0.5,1697.9430097680097,Koblenz
UKI5,1990-1999,5.25,5.166666666666667,6.712121212121213,362.43838383838386,Outer London - South
DE94,1990-1999,5.166666666666667,29.566666666666666,0.8333333333333334,1448.8119336219336,Weser-Ems
CH07,1990-1999,5.0,14.0,0.33333333333333337,499.8142857142857,Ticino
ES21,1990-1999,5.0,0.0,2.0,344.5873737373737,Pais Vasco
SE33,1990-1999,5.0,5.0,7.2,400.96948621553884,Ovre Norrland
DEF0,1990-1999,4.95,55.82380952380952,2.0,2228.620115995116,Schleswig-Holstein
DE93,1990-1999,4.866666666666667,33.34285714285714,1.0,1533.110064935065,Luneburg
NO0A,1990-1999,4.6,4.666666666666667,0.25,502.35,NO0A
UKM1,1990-1999,4.571428571428572,0.5,7.571428571428571,374.89763014763014,UKM1
DEA5,1990-1999,4.533333333333333,134.9845238095238,7.833333333333334,4754.434686147186,Arnsberg
DK03,1990-1999,4.5,12.5,1.0,691.5904761904762,Syddanmark
FRJ2,1990-1999,4.5,8.0,3.0,1548.734235209235,Midi-Pyrenees
UKI1,1990-1999,4.45,1.3333333333333335,4.583333333333334,213.4267968142968,Inner London - West
DE92,1990-1999,4.166666666666667,87.09285714285714,5.083333333333334,3014.1241674991675,Hannover
CH03,1990-1999,4.142857142857143,96.54920634920634,4.483333333333333,4088.0504196096304,Nordwestschweiz
ES12,1990-1999,4.0,0.0,0.0,47.276587301587305,Asturias
FRC2,1990-1999,4.0,6.45,1.0,886.2778138528138,Franche-Comte
FRK1,1990-1999,4.0,4.5,1.0,738.9769312988353,Auvergne
DEA3,1990-1999,3.8333333333333335,67.43333333333334,2.90952380952381,3064.7598706848703,Munster
NL42,1990-1999,3.8333333333333335,6.033333333333333,5.166666666666667,1239.1097744360904,Limburg (NL)
UKL5,1990-1999,3.8333333333333335,3.125,4.333333333333334,512.4932539682541,UKL5
DK04,1990-1999,3.75,10.333333333333334,1.5833333333333335,728.5085137085136,Midtjylland
FRG0,1990-1999,3.75,16.166666666666664,0.5,1218.5718841194648,Pays de la Loire
UKE4,1990-1999,3.7,4.5,2.166666666666667,848.0059523809524,West Yorkshire
DE22,1990-1999,3.5,32.16111111111111,0.3333333333333333,1155.3782828282826,Niederbayern
DE27,1990-1999,3.5,107.8345238095238,4.333333333333334,3462.030708180708,Schwaben
SE21,1990-1999,3.5,16.816666666666666,3.525,634.3356139030052,Smaland med oarna
DE40,1990-1999,3.4000000000000004,29.465584415584416,2.9166666666666665,644.5276293151294,Brandenburg
DE25,1990-1999,3.3333333333333335,149.37640415140416,11.116666666666667,4684.500578343225,Mittelfranken
AT12,1990-1999,3.25,38.261904761904766,0.45,1210.4568542568543,Niederosterreich
ITF3,1990-1999,3.166666666666667,1.0,5.25,288.59578050518456,Campania
DEA4,1990-1999,3.0,75.95,3.0,2355.2711724386727,Detmold
ES24,1990-1999,3.0,1.0,0.0,152.11093906093907,Aragon
ES61,1990-1999,3.0,0.0,1.6666666666666667,166.10238095238097,Andalucia
FRE1,1990-1999,3.0,5.5,4.333333333333334,1258.61723219771,Nord-Pas-de-Calais
FRI2,1990-1999,3.0,7.916666666666667,1.0,213.10289298515104,Limousin
IE04,1990-1999,3.0,0.0,3.0,101.59484126984128,Northern and Western
IE05,1990-1999,3.0,3.5,3.3333333333333335,258.21468253968254,Southern
NL13,1990-1999,3.0,5.083333333333334,3.5,301.0191881218197,Drenthe
UKE3,1990-1999,2.75,2.2857142857142856,1.5,361.23293650793653,South Yorkshire
UKC4,1990-1999,2.7,10.0,0.0,869.3581125307442,UKC4
UKK1,1990-1999,2.642857142857143,1.0,1.3333333333333335,86.02857142857142,"Gloucestershire, Wiltshire"
FRE2,1990-1999,2.592857142857143,9.676190476190477,1.3928571428571428,1197.8031496281496,Picardie
DE26,1990-1999,2.5,106.91666666666667,1.2,2773.549504662005,Unterfranken
FRJ1,1990-1999,2.5,9.75,2.9,799.0294191919193,Languedoc-Roussillon
ITI3,1990-1999,2.5,0.0,1.0,475.7031746031746,Marche
NL21,1990-1999,2.5,6.166666666666667,6.416666666666668,834.6650793650794,Overijssel
DE72,1990-1999,2.416666666666667,41.18730158730159,1.0595238095238095,1774.0399753024753,Giessen
DK02,1990-1999,2.3333333333333335,2.2333333333333334,2.0,437.4966810966811,Sjaelland
HU11,1990-1999,2.3333333333333335,6.615384615384615,0.75,427.31047061215656,Budapest
UKJ4,1990-1999,2.3333333333333335,7.0,4.245454545454545,996.687518037518,Kent
DE14,1990-1999,2.291666666666667,139.44880952380953,1.6666666666666667,4332.09395833635,Tubingen
AT13,1990-1999,2.25,34.75,2.95,1432.6316822066824,Wien
AT33,1990-1999,2.25,6.8,1.0,558.6261904761905,Tirol
ITF1,1990-1999,2.25,0.5,0.75,362.4849567099567,Abruzzo
UKN0,1990-1999,2.166666666666667,0.0,2.8333333333333335,200.82265512265514,Northern Ireland
UKM5,1990-1999,2.142857142857143,7.0,0.33333333333333337,375.3539682539683,North Eastern Scotland
EL52,1990-1999,2.0,0.0,1.0,55.0,EL52
ITG1,1990-1999,2.0,0.0,3.0,409.6849206349206,Sicilia
LU00,1990-1999,2.0,2.619047619047619,3.0,385.47936507936504,Luxembourg
SE31,1990-1999,2.0,11.916666666666666,12.833333333333334,978.0198412698412,Norra Mellansverige
UKC3,1990-1999,2.0,3.3333333333333335,0.33333333333333337,355.63102453102454,UKC3
UKD4,1990-1999,2.0,2.3333333333333335,0.33333333333333337,583.9730158730158,Lancashire
UKL4,1990-1999,2.0,2.3333333333333335,1.0,212.33015873015876,UKL4
FRH0,1990-1999,1.95,9.25,6.166666666666666,1270.982352593643,Bretagne
NO09,1990-1999,1.9,1.3333333333333333,1.0,326.3275724275725,NO09
CH06,1990-1999,1.8333333333333335,37.983333333333334,1.9,1533.0997113997114,Zentralschweiz
FRC1,1990-1999,1.8333333333333335,5.75,2.0,1170.9796018309175,Bourgogne
DE23,1990-1999,1.6428571428571428,88.47380952380954,1.0,1820.704418620595,Oberpfalz
UKM9,1990-1999,1.5833333333333335,2.0,0.25,167.09213564213564,UKM9
BE25,1990-1999,1.5333333333333334,13.583333333333336,2.25,794.3347041847042,West-Vlaanderen
FRF3,1990-1999,1.5,8.200000000000001,4.0,1245.757251082251,Lorraine
FRI3,1990-1999,1.5,7.5,1.5,616.1791556114136,Poitou-Charentes
ITI2,1990-1999,1.5,1.0,0.0,175.24970760233919,Umbria
PT1A,1990-1999,1.5,0.0,0.5,66.44999999999999,PT1A
UKK3,1990-1999,1.4333333333333336,2.0,0.5,177.83009768009768,Cornwall and Isles of Scilly
BE31,1990-1999,1.3333333333333335,3.35,2.5000000000000004,616.1036075036075,Brabant wallon
BE33,1990-1999,1.25,4.533333333333333,1.3333333333333335,634.2976911976912,Liege
CZ01,1990-1999,1.25,0.0,0.25,57.6060606060606,Praha
FRD1,1990-1999,1.25,6.5,3.0,609.6373335893497,Basse-Normandie
NL23,1990-1999,1.25,1.0,0.5,144.37510822510822,Flevoland
NLZZ,1990-1999,1.25,0.0,0.33333333333333337,123.81785714285715,NLZZ
UKD1,1990-1999,1.25,0.0,2.0,199.49404761904765,Cumbria
IS02,1990-1999,1.1428571428571428,0.0,0.0,28.809523809523807,IS02
AT32,1990-1999,1.0833333333333333,11.750000000000002,1.0,361.3734126984127,Salzburg
AT34,1990-1999,1.0,21.766666666666666,0.0,671.7543650793651,Vorarlberg
BE32,1990-1999,1.0,0.5,1.9444444444444444,337.8861471861472,Hainaut
CZZZ,1990-1999,1.0,0.0,0.0,1.4444444444444446,CZZZ
DEC0,1990-1999,1.0,32.38333333333333,0.0,815.1153318903318,Saarland
DED5,1990-1999,1.0,7.061111111111111,0.0,182.37570346320348,Leipzig
DEE0,1990-1999,1.0,12.30952380952381,0.5,520.0054223554224,Sachsen-Anhalt
DK05,1990-1999,1.0,2.0,6.0,241.68059163059164,Nordjylland
ES22,1990-1999,1.0,0.0,0.0,132.25396825396825,Navarra
ES53,1990-1999,1.0,0.0,0.0,36.468452380952385,Illes Balears
ESZZ,1990-1999,1.0,0.0,0.0,25.798412698412697,ESZZ
FRI1,1990-1999,1.0,6.166666666666667,3.5,1156.6860805860806,Aquitaine
ITF4,1990-1999,1.0,1.0,0.0,176.61904761904762,Puglia
LT02,1990-1999,1.0,0.0,0.0,5.0,LT02
ME09,1990-1999,1.0,0.0,0.0,50.91127450980392,ME09
MT00,1990-1999,1.0,1.0,0.0,19.0,MT00
NL12,1990-1999,1.0,0.6666666666666667,1.8333333333333335,292.11309523809524,Friesland
PT11,1990-1999,1.0,1.0,0.0,39.55833333333334,Norte
UKE1,1990-1999,1.0,2.3333333333333335,1.0,328.2281746031746,East Yorkshire and Northern Lincolnshire
UKF3,1990-1999,1.0,2.666666666666667,0.045454545454545456,177.8978354978355,Lincolnshire
NL34,1990-1999,0.9666666666666667,1.0,0.0,173.01148296148298,NL34
UKH5,1990-1999,0.9166666666666666,4.0,2.0,338.1297619047619,UKH5
DE91,1990-1999,0.8333333333333334,68.38531746031747,4.0,2158.52027000777,Braunschweig
NOZZ,1990-1999,0.8333333333333334,0.0,0.0,10.700000000000001,NOZZ
UKE2,1990-1999,0.7,7.45,0.5,476.8601892990051,North Yorkshire
UKM3,1990-1999,0.7,4.533333333333333,7.5,378.89890289449113,South Western Scotland
DE50,1990-1999,0.6666666666666667,9.583333333333332,0.0,364.97341269841274,Bremen
EL43,1990-1999,0.6666666666666667,0.0,0.0,20.166666666666664,EL43
BE22,1990-1999,0.5,4.0,2.2,316.67045732045733,Limburg (BE)
BG41,1990-1999,0.5,0.33333333333333337,0.0,47.91060606060606,BG41
DEG0,1990-1999,0.5,29.177777777777777,0.0,1099.6708263958262,Thuringen
FRF2,1990-1999,0.5,2.5,1.0,633.7328865578866,Champagne-Ardenne
ITC2,1990-1999,0.5,0.0,0.0,18.7,Valle d'Aosta
ITF5,1990-1999,0.5,0.0,0.0,35.80000000000001,Basilicata
NO07,1990-1999,0.5,0.0,0.0,52.90476190476191,Nord-Norge
PL21,1990-1999,0.5,1.0,0.0,16.433333333333334,Malopolskie
SI03,1990-1999,0.5,1.4285714285714286,0.3333333333333333,61.18928571428572,Vzhodna Slovenija
UKL3,1990-1999,0.5,2.166666666666667,1.0,221.04087301587302,UKL3
BE35,1990-1999,0.375,0.2,0.5,154.1083694083694,Namur
BEZZ,1990-1999,0.33333333333333337,0.0,1.3333333333333335,46.879720133667504,BEZZ
DE73,1990-1999,0.33333333333333337,21.983333333333334,0.0,946.9306027306027,Kassel
ES11,1990-1999,0.33333333333333337,0.0,0.0,58.542857142857144,Galicia
HU23,1990-1999,0.33333333333333337,0.0,0.0,17.105555555555554,Del-Dunantul
ME17,1990-1999,0.33333333333333337,0.0,0.0,13.18151260504202,ME17
UKM2,1990-1999,0.33333333333333337,0.0,0.5833333333333334,120.16031746031747,Eastern Scotland
IS01,1990-1999,0.2857142857142857,1.0,0.0,44.635714285714286,IS01
CZ02,1990-1999,0.25,0.0,0.0,14.875,Stredni Cechy
ME08,1990-1999,0.25,0.0,0.0,3.7500000000000004,ME08
PL81,1990-1999,0.25,0.0,0.0,2.9166666666666665,Lubelskie
DED2,1990-1999,0.16666666666666669,28.53287545787546,0.16666666666666666,965.3092536247722,Dresden
AT11,1990-1999,0.0,1.0,0.0,85.74120879120878,Burgenland
AT21,1990-1999,0.0,13.452380952380953,0.0,356.55952380952385,Karnten
AT22,1990-1999,0.0,27.0,0.0,1101.9363275613277,Steiermark
AT31,1990-1999,0.0,38.41666666666667,1.0,1578.2703102453102,Oberosterreich
ATZZ,1990-1999,0.0,0.5,0.0,17.575,ATZZ
BE34,1990-1999,0.0,0.14285714285714285,1.1666666666666665,97.03253968253969,Luxembourg (BE)
BG31,1990-1999,0.0,0.0,0.0,1.3333333333333335,BG31
BG32,1990-1999,0.0,0.0,0.0,2.6,BG32
BG33,1990-1999,0.0,0.0,0.0,2.666666666666667,BG33
BG34,1990-1999,0.0,0.0,0.0,0.75,BG34
BG42,1990-1999,0.0,0.0,0.0,5.416666666666667,BG42
BGZZ,1990-1999,0.0,0.0,0.0,1.0,BGZZ
CHZZ,1990-1999,0.0,1.25,0.16666666666666666,55.452380952380956,CHZZ
CY00,1990-1999,0.0,0.0,0.0,21.25,CY00
CZ03,1990-1999,0.0,0.3,0.0,15.019047619047619,Jihozapad
CZ04,1990-1999,0.0,0.0,0.0,5.167857142857143,Severozapad
CZ05,1990-1999,0.0,1.0,0.0,51.0952380952381,Severovychod
CZ06,1990-1999,0.0,0.0,0.0,44.14404761904762,Jihovychod
CZ07,1990-1999,0.0,1.0,0.0,19.092857142857138,Stredni Morava
CZ08,1990-1999,0.0,1.0,0.0,20.064285714285717,Moravskoslezsko
DE24,1990-1999,0.0,53.96230158730158,2.2222222222222223,1486.362484737485,Oberfranken
DE80,1990-1999,0.0,1.6261904761904762,0.0,195.75652958152958,Mecklenburg-Vorpommern
DEB2,1990-1999,0.0,5.333333333333333,1.0,315.3211038961039,Trier
DED4,1990-1999,0.0,16.658333333333335,0.25,497.1964646464646,Chemnitz
DEZZ,1990-1999,0.0,13.933333333333334,0.0,520.3007367632367,DEZZ
DKZZ,1990-1999,0.0,1.0,1.0,23.43015873015873,DKZZ
EE00,1990-1999,0.0,0.0,0.0,11.166666666666668,EE00
EEZZ,1990-1999,0.0,0.0,0.0,14.858333333333334,EEZZ
EL42,1990-1999,0.0,0.0,0.0,1.0,EL42
EL51,1990-1999,0.0,0.0,0.0,4.666666666666667,EL51
EL53,1990-1999,0.0,0.0,0.0,1.7833333333333334,EL53
EL54,1990-1999,0.0,0.0,0.0,2.5833333333333335,EL54
EL61,1990-1999,0.0,0.0,0.0,1.6666666666666667,EL61
EL63,1990-1999,0.0,1.0,0.0,16.652380952380952,EL63
EL64,1990-1999,0.0,0.0,0.0,1.2,EL64
EL65,1990-1999,0.0,0.0,0.0,1.6666666666666667,EL65
ES13,1990-1999,0.0,0.5,0.0,22.73333333333333,Cantabria
ES23,1990-1999,0.0,0.0,0.0,9.783333333333333,La Rioja
ES41,1990-1999,0.0,0.0,0.25,100.39635642135642,Castilla y Leon
ES42,1990-1999,0.0,0.0,0.0,37.32857142857143,Castilla-La Mancha
ES43,1990-1999,0.0,0.0,0.0,12.833333333333334,Extremadura
ES62,1990-1999,0.0,0.0,0.0,30.52619047619048,Murcia
ES70,1990-1999,0.0,0.0,1.0,30.09285714285714,Canarias
FI20,1990-1999,0.0,0.0,0.0,6.416666666666667,Aland
FIZZ,1990-1999,0.0,0.0,0.0,14.867857142857144,FIZZ
FRD2,1990-1999,0.0,10.166666666666666,0.0,1138.034415673932,Haute-Normandie
FRM0,1990-1999,0.0,0.0,0.0,14.066666666666666,Corse
FRY1,1990-1999,0.0,0.0,0.0,6.30952380952381,FRY1
FRY2,1990-1999,0.0,0.0,0.0,4.444444444444445,FRY2
FRY3,1990-1999,0.0,0.0,0.0,1.0,FRY3
FRY4,1990-1999,0.0,0.0,0.0,6.976190476190476,FRY4
FRY5,1990-1999,0.0,0.0,1.0,1.0,FRY5
FRZZ,1990-1999,0.0,2.0,0.0,113.11428571428573,FRZZ
HR02,1990-1999,0.0,0.0,0.0,6.833333333333333,HR02
HR03,1990-1999,0.0,0.0,0.0,19.08730158730159,HR03
HR05,1990-1999,0.0,0.0,2.0,68.91706349206349,HR05
HR06,1990-1999,0.0,1.0,0.0,7.83452380952381,HR06
HRZZ,1990-1999,0.0,0.0,0.0,2.3333333333333335,HRZZ
HU12,1990-1999,0.0,0.0,0.0,47.94373325986767,Pest
HU21,1990-1999,0.0,0.0,0.0,18.35400140794878,Kozep-Dunantul
HU22,1990-1999,0.0,0.0,0.0,15.124603174603173,Nyugat-Dunantul
HU31,1990-1999,0.0,0.0,0.0,16.48715538847118,Eszak-Magyarorszag
HU32,1990-1999,0.0,0.3846153846153846,0.0,43.10592921571183,Eszak-Alfold
HU33,1990-1999,0.0,0.0,0.0,29.113316342950213,Del-Alfold
HUZZ,1990-1999,0.0,0.0,0.0,3.952380952380952,HUZZ
IE01,1990-1999,0.0,0.0,0.0,40.71840659340661,IE01
IE02,1990-1999,0.0,0.0,0.5,60.08095238095238,IE02
IEZZ,1990-1999,0.0,0.0,0.0,14.769047619047619,IEZZ
ISZZ,1990-1999,0.0,0.0,0.0,11.492857142857144,ISZZ
ITF2,1990-1999,0.0,0.0,0.0,12.975000000000001,Molise
ITF6,1990-1999,0.0,0.0,1.5,40.563095238095244,Calabria
ITG2,1990-1999,0.0,0.0,0.0,80.19444444444444,Sardegna
ITH1,1990-1999,0.0,4.5,0.0,152.79166666666669,Provincia di Bolzano
ITH2,1990-1999,0.0,0.0,0.8333333333333334,169.995670995671,Provincia di Trento
ITZZ,1990-1999,0.0,0.33333333333333337,0.8333333333333334,90.9920634920635,ITZZ
LIZZ,1990-1999,0.0,5.416666666666667,1.0,259.4642857142857,LIZZ
LT01,1990-1999,0.0,0.0,0.0,4.1,LT01
LV00,1990-1999,0.0,0.0,0.0,12.516666666666666,LV00
LVZZ,1990-1999,0.0,0.0,0.0,1.2967032967032965,LVZZ
ME01,1990-1999,0.0,0.0,0.0,1.0,ME01
ME02,1990-1999,0.0,0.0,0.0,2.1666666666666665,ME02
ME03,1990-1999,0.0,0.0,0.0,2.0,ME03
ME05,1990-1999,0.0,0.0,0.0,0.6666666666666667,ME05
ME10,1990-1999,0.0,0.0,0.0,0.25,ME10
ME11,1990-1999,0.0,0.0,0.0,4.066666666666666,ME11
ME13,1990-1999,0.0,0.0,0.0,1.75,ME13
ME14,1990-1999,0.0,0.0,0.0,11.666666666666668,ME14
ME15,1990-1999,0.0,0.0,0.0,22.608333333333327,ME15
ME16,1990-1999,0.0,0.0,0.0,0.25,ME16
ME19,1990-1999,0.0,0.0,0.0,38.45000000000001,ME19
ME21,1990-1999,0.0,0.0,0.0,6.666666666666667,ME21
ME22,1990-1999,0.0,0.0,0.0,9.2,ME22
ME24,1990-1999,0.0,0.0,0.0,1.9,ME24
ME25,1990-1999,0.0,0.0,0.0,1.0,ME25
ME26,1990-1999,0.0,0.0,0.0,0.33333333333333337,ME26
ME27,1990-1999,0.0,0.0,0.0,1.0,ME27
ME28,1990-1999,0.0,0.0,0.0,0.6666666666666666,ME28
ME29,1990-1999,0.0,0.0,0.0,1.0,ME29
ME30,1990-1999,0.0,0.0,0.0,8.843837535014007,ME30
NO02,1990-1999,0.0,0.0,0.5833333333333333,51.62930402930403,Hedmark og Oppland
NO06,1990-1999,0.0,1.0,0.0,191.17539682539683,Trondelag
PL22,1990-1999,0.0,0.0,0.0,16.757142857142856,Slaskie
PL41,1990-1999,0.0,0.0,0.0,14.768037518037518,Wielkopolskie
PL42,1990-1999,0.0,0.0,0.0,2.7222222222222228,Zachodniopomorskie
PL43,1990-1999,0.0,0.0,0.0,3.5,Lubuskie
PL51,1990-1999,0.0,0.5,0.0,26.95757575757576,Dolnoslaskie
PL52,1990-1999,0.0,0.25,0.0,2.388888888888889,Opolskie
PL62,1990-1999,0.0,0.33333333333333337,0.0,2.0000000000000004,Warminsko-Mazurskie
PL63,1990-1999,0.0,0.0,0.0,20.059523809523807,Pomorskie
PL71,1990-1999,0.0,0.25,0.0,26.477777777777778,Lodzkie
PL72,1990-1999,0.0,0.0,0.0,0.95,Swietokrzyskie
PL82,1990-1999,0.0,0.0,0.0,4.904761904761905,Podkarpackie
PL84,1990-1999,0.0,0.0,0.0,0.25,Podlaskie
PL91,1990-1999,0.0,0.0,0.0,55.53780663780664,Warszawski stoleczny
PL92,1990-1999,0.0,0.0,0.0,2.6345238095238095,Mazowiecki
PLZZ,1990-1999,0.0,0.0,0.0,6.358008658008658,PLZZ
PT15,1990-1999,0.0,0.0,0.0,3.033333333333333,Algarve
PT19,1990-1999,0.0,1.0,0.0,21.86904761904762,PT19
PT1B,1990-1999,0.0,0.0,0.0,11.600000000000001,PT1B
PT1C,1990-1999,0.0,0.0,0.0,5.033333333333333,PT1C
PT1D,1990-1999,0.0,0.0,0.0,6.5,PT1D
PT20,1990-1999,0.0,0.0,0.0,1.0,Acores
PT30,1990-1999,0.0,0.0,0.0,5.5,Madeira
PTZZ,1990-1999,0.0,1.0,0.0,6.116666666666666,PTZZ
RO11,1990-1999,0.0,0.0,0.0,2.026190476190476,Nord-Vest
RO12,1990-1999,0.0,0.0,0.0,2.0,Centru
RO21,1990-1999,0.0,0.0,0.0,5.55952380952381,Nord-Est
RO22,1990-1999,0.0,0.0,0.0,2.4166666666666665,Sud-Est
RO31,1990-1999,0.0,0.0,0.0,1.5,Sud-Muntenia
RO32,1990-1999,0.0,1.0,0.0,28.916666666666664,Bucuresti-Ilfov
RO41,1990-1999,0.0,0.0,0.0,2.0,Sud-Vest Oltenia
RO42,1990-1999,0.0,0.0,0.0,2.1,Vest
ROZZ,1990-1999,0.0,0.0,0.0,0.8333333333333334,ROZZ
SE32,1990-1999,0.0,2.166666666666667,1.3666666666666667,304.5884920634921,Mellersta Norrland
SEZZ,1990-1999,0.0,1.0,0.33333333333333337,39.28834586466166,SEZZ
SI04,1990-1999,0.0,3.571428571428571,0.6666666666666666,101.03630952380954,Zahodna Slovenija
SIZZ,1990-1999,0.0,0.0,0.0,6.6125,SIZZ
SK01,1990-1999,0.0,0.0,0.0,21.388596491228075,Bratislavsky kraj
SK02,1990-1999,0.0,0.33333333333333337,0.0,9.575000000000001,Zapadne Slovensko
SK03,1990-1999,0.0,0.6666666666666667,0.0,13.458333333333332,Stredne Slovensko
SK04,1990-1999,0.0,0.0,0.0,11.916666666666666,Vychodne Slovensko
SKZZ,1990-1999,0.0,0.0,0.0,1.0,SKZZ
UKC1,1990-1999,0.0,0.5,0.0,31.18333333333333,Tees Valley and Durham
UKK2,1990-1999,0.0,0.0,0.0,3.8,Dorset and Somerset
UKZZ,1990-1999,0.0,0.0,0.0,6.285714285714286,UKZZ
NL41,2000-2009,138.26349206349207,118.78571428571428,142.65,18083.737765906266,Noord-Brabant
FR10,2000-2009,136.53333333333336,319.2968253968254,267.1940836940837,31027.85375529938,Ile-de-France
ITC4,2000-2009,111.57619047619048,31.2,29.340909090909093,14019.71100514982,Lombardia
DE12,2000-2009,102.04030879514751,524.3238358863359,87.55293040293041,13388.42391388671,Karlsruhe
FI1B,2000-2009,93.33809523809524,13.100000000000001,323.72891552891554,6594.805952217717,Helsinki-Uusimaa
DE21,2000-2009,79.2952380952381,895.5646464646464,163.1308302808303,25570.967637351856,Oberbayern
UKJ1,2000-2009,74.62380952380953,13.833333333333332,76.58333333333333,6677.869072955523,"Berkshire, Bucks and Oxon"
ITH3,2000-2009,73.16666666666667,19.333333333333336,12.166666666666668,5665.180397380398,Veneto
DE71,2000-2009,69.83888199614006,406.78030303030306,104.16658064158064,15069.619562586124,Darmstadt
UKI3,2000-2009,69.15833333333333,4.333333333333334,39.75,1871.5595128284413,Inner London
SE22,2000-2009,64.38571428571429,17.35,89.22922077922078,4948.828128489444,Sydsverige
SE11,2000-2009,64.10119047619048,21.333333333333336,187.80039682539683,7690.100530755794,Stockholm
FRL0,2000-2009,62.474999999999994,33.88333333333333,58.14924242424243,4758.4150801383,Provence-Alpes-Cote d'Azur
NL36,2000-2009,61.60119047619048,17.333333333333336,31.183333333333337,4801.7228794854955,NL36
UKJ2,2000-2009,59.801190476190484,13.458333333333336,35.621428571428574,4109.0760244565045,"Surrey, E/W Sussex"
UKJ3,2000-2009,57.680952380952384,7.833333333333334,86.57063492063493,2972.5921360502243,Hampshire and Isle of Wight
DE11,2000-2009,54.061904761904756,1391.4305846930847,139.60833333333335,25995.62061214436,Stuttgart
CH01,2000-2009,53.31111111111112,32.63333333333334,25.361111111111114,4593.419393797016,Region lemanique
DK01,2000-2009,52.91666666666667,15.083333333333334,45.37943722943723,5999.263199355111,Hovedstaden
ES51,2000-2009,46.675,8.772727272727273,14.166666666666668,4401.486056302659,Cataluna
FRK2,2000-2009,45.00238095238095,193.95952380952383,112.43333333333334,13866.77781318412,Rhone-Alpes
ITH5,2000-2009,44.0,19.666666666666668,14.216666666666667,7314.848210939388,Emilia-Romagna
ES30,2000-2009,41.1,7.266666666666667,30.85,2141.328040493707,Madrid
ITI4,2000-2009,41.083333333333336,7.8,5.0,2102.033830935147,Lazio
DEA1,2000-2009,37.67658730158731,409.7828282828283,45.27905982905983,14727.818876869647,Dusseldorf
DEA2,2000-2009,36.91666666666667,375.61089466089464,81.74404761904762,13842.492381001925,Koln
NL22,2000-2009,36.676923076923075,11.0,7.854700854700855,2617.52606364224,Gelderland
NL32,2000-2009,34.31071428571428,6.75,20.03333333333333,3074.5961370500845,Noord-Holland
CH02,2000-2009,34.166666666666664,100.75992063492063,36.763888888888886,5343.7523336312815,Espace Mittelland
DEA4,2000-2009,32.25,193.29956432456433,20.166666666666664,5151.894145397087,Detmold
UKD3,2000-2009,31.66666666666667,1.875,6.652777777777778,1333.5018953268955,Greater Manchester
CH04,2000-2009,31.192735042735045,160.52424242424243,32.01495726495727,6268.853937217753,Zurich
IE06,2000-2009,30.508333333333336,4.0,28.2,1187.6986022147787,Eastern and Midland
DE30,2000-2009,29.55357142857143,201.2812950937951,32.75277777777778,6969.881393874158,Berlin
DE25,2000-2009,27.80714285714286,385.4171356421357,51.18823953823954,8697.386135975677,Mittelfranken
SE23,2000-2009,27.23809523809524,25.4,36.7468253968254,5295.336075036075,Vastsverige
FRH0,2000-2009,26.53333333333333,37.05952380952381,77.67500000000001,3477.932731157731,Bretagne
SE12,2000-2009,26.21785714285714,14.5,46.3984126984127,3999.3023104088893,Ostra Mellansverige
UKI7,2000-2009,25.325396825396826,3.25,30.802020202020202,1330.7845195138539,Outer London
CH03,2000-2009,24.205555555555556,132.83214285714286,13.083333333333334,6283.069121347063,Nordwestschweiz
FI1C,2000-2009,23.616666666666667,7.25,45.08571428571429,1931.2057866110497,Etela-Suomi
DK04,2000-2009,23.26666666666667,18.61111111111111,18.03333333333333,2230.663899696794,Midtjylland
ITC1,2000-2009,22.857142857142858,13.866666666666667,23.283333333333335,5593.873340548341,Piemonte
UKI4,2000-2009,22.221284271284276,1.5833333333333335,20.790909090909093,864.4474303474303,Outer London - East
UKK5,2000-2009,22.08809523809524,7.366666666666667,47.93333333333334,1695.1652398040555,UKK5
DE60,2000-2009,21.295238095238098,65.33852813852815,15.958333333333334,3634.416674263129,Hamburg
FI19,2000-2009,20.8,8.983333333333334,104.66819846819845,3529.5559000639882,Lansi-Suomi
ITI1,2000-2009,19.633333333333333,6.75,5.0,2869.824531024531,Toscana
NO08,2000-2009,18.75,7.566666666666666,23.333333333333332,1885.9828818240583,NO08
UKH2,2000-2009,18.52777777777778,9.616666666666667,14.227777777777778,2554.690141291457,Bedfordshire and Hertfordshire
UKK6,2000-2009,18.366666666666667,8.283333333333333,3.8499999999999996,1073.9154742917901,UKK6
UKH4,2000-2009,18.1484126984127,15.781818181818181,35.73059163059163,3541.438494713354,UKH4
ITC3,2000-2009,17.5,5.25,1.8,1045.8724686028258,Liguria
NL35,2000-2009,16.81666666666667,3.7083333333333335,10.535714285714286,1982.98080844594,NL35
UKI1,2000-2009,15.33452380952381,0.0,7.240909090909091,225.2198273948274,Inner London - West
UKK7,2000-2009,15.133333333333333,6.883333333333333,55.900000000000006,1936.1149642024643,UKK7
DEF0,2000-2009,15.086904761904762,114.35634920634922,9.375,4198.984504036555,Schleswig-Holstein
DEB3,2000-2009,15.029595494111625,157.3789183039183,25.37777777777778,8680.883625782135,Rheinhessen-Pfalz
FRD1,2000-2009,14.966666666666669,7.074242424242424,9.833333333333334,901.9510461760462,Basse-Normandie
CH06,2000-2009,14.876068376068377,89.42272727272727,15.153846153846153,2848.344998612499,Zentralschweiz
DE92,2000-2009,14.533333333333335,122.79917582417582,20.029761904761905,5017.435896554713,Hannover
BE21,2000-2009,14.50952380952381,8.266666666666666,13.79761904761905,2963.7776265942716,Antwerpen
UKF1,2000-2009,14.333333333333334,4.5,8.071428571428573,1879.155844986216,Derbyshire and Nottinghamshire
UKM1,2000-2009,14.333333333333334,0.5,13.0,941.6540167134208,UKM1
DE13,2000-2009,13.687301587301588,355.07460317460317,17.433333333333334,10149.464140413249,Freiburg
UKH6,2000-2009,13.516666666666667,2.033333333333333,36.99444444444445,1158.7163858363858,UKH6
EL30,2000-2009,13.5,2.5,4.0,502.1214067678353,EL30
DED2,2000-2009,13.416666666666668,96.56948051948052,6.116666666666667,2464.8481823731827,Dresden
ES61,2000-2009,13.380952380952381,2.416666666666667,2.75,531.3003718503719,Andalucia
FI1D,2000-2009,13.083333333333334,4.642857142857142,60.59285714285714,1762.5067963469278,Pohjois- ja Ita-Suomi
UKF2,2000-2009,12.316666666666666,8.916666666666668,8.0,1404.971196858697,Leicestershire
DK03,2000-2009,12.233333333333334,11.5,4.2,1436.2385281385282,Syddanmark
UKM0,2000-2009,12.083333333333334,2.0,8.976190476190476,648.5426515151515,UKM0
DE14,2000-2009,11.74047619047619,375.0178737928738,31.533333333333335,8839.346331410472,Tubingen
BE10,2000-2009,11.141666666666667,8.45,9.933333333333334,1196.013548526738,Bruxelles
ES52,2000-2009,11.0,1.4242424242424243,5.2,995.0492784992786,Comunitat Valenciana
BE23,2000-2009,10.775,5.880952380952381,10.166666666666666,1911.3317265036303,Oost-Vlaanderen
DK02,2000-2009,10.75,4.833333333333334,6.892857142857143,968.6298306540954,Sjaelland
ITF3,2000-2009,10.583333333333334,4.333333333333334,8.6,758.274927849928,Campania
NO0A,2000-2009,10.5,10.25,2.666666666666667,1025.2747511260668,NO0A
DK05,2000-2009,10.416666666666668,4.5,20.816666666666666,630.5756835269993,Nordjylland
ITH4,2000-2009,10.416666666666668,1.8333333333333335,0.0,1461.295584970585,Friuli-Venezia Giulia
UKH3,2000-2009,10.416666666666668,5.566666666666667,6.4222222222222225,1870.2387204480615,Essex
FRF3,2000-2009,10.216666666666667,14.566666666666666,3.5333333333333337,1532.6814615939616,Lorraine
UKE4,2000-2009,10.166666666666668,5.783333333333333,7.5,1252.6248981410747,West Yorkshire
NL42,2000-2009,10.00952380952381,10.533333333333335,8.233333333333334,2250.1833756284996,Limburg (NL)
IE04,2000-2009,9.858333333333333,1.5,5.0,538.68591557494,Northern and Western
DEA5,2000-2009,9.519047619047619,297.0135864135864,24.71111111111111,7288.162979691671,Arnsberg
UKI6,2000-2009,9.451190476190478,1.3333333333333335,4.666666666666667,542.5363358863359,Outer London - West
UKG3,2000-2009,9.333333333333334,3.533333333333333,7.5,1199.95669271205,West Midlands
ITF1,2000-2009,9.216666666666669,3.5,3.0,545.0925518925519,Abruzzo
UKD6,2000-2009,9.083333333333334,1.5,6.25,1400.575580062876,Cheshire
UKI5,2000-2009,8.991666666666667,1.25,3.866666666666667,337.49854699455545,Outer London - South
UKG1,2000-2009,8.842857142857143,12.424242424242424,8.681818181818182,1598.9995115995116,Herefordshire
IE05,2000-2009,8.803174603174604,3.4166666666666665,4.116666666666667,671.1907096291243,Southern
UKE2,2000-2009,8.616666666666667,0.25,4.908333333333333,683.6223476471928,North Yorkshire
FRF1,2000-2009,8.483333333333334,58.150000000000006,20.733333333333334,3108.7333373712627,Alsace
BE24,2000-2009,8.4,4.0166666666666675,9.933333333333334,2285.9621575391075,Vlaams-Brabant
ES22,2000-2009,8.357142857142858,5.666666666666667,4.333333333333334,436.3008658008658,Navarra
NL11,2000-2009,8.233333333333334,0.0,2.8500000000000005,485.1591783216783,Groningen
UKC4,2000-2009,7.966666666666667,4.166666666666667,0.33333333333333337,1106.986268683008,UKC4
UKG2,2000-2009,7.9,4.75,12.666666666666668,776.8158855033855,Shropshire and Staffordshire
ES21,2000-2009,7.1,5.666666666666667,6.333333333333334,1097.2489010989011,Pais Vasco
DE94,2000-2009,7.033333333333334,127.57662337662339,6.188034188034187,2969.642261801666,Weser-Ems
AT12,2000-2009,6.916666666666667,73.42380952380952,5.068589743589744,2100.94715007215,Niederosterreich
UKL5,2000-2009,6.833333333333334,2.65,0.325,756.6902236652237,UKL5
AT13,2000-2009,6.80952380952381,70.18174603174603,11.408333333333333,2923.1465394083043,Wien
DEC0,2000-2009,6.741666666666667,49.608333333333334,7.042857142857143,1560.5464919720803,Saarland
CH05,2000-2009,6.700000000000001,112.4452380952381,12.8,3882.762921289237,Ostschweiz
FRJ2,2000-2009,6.683333333333334,44.445238095238096,36.523809523809526,2997.6077214452216,Midi-Pyrenees
ITI3,2000-2009,6.666666666666667,3.8666666666666667,2.7,980.8040043290043,Marche
DE93,2000-2009,6.554621095750128,53.942796092796094,11.551190476190477,2619.434267881713,Luneburg
UKK4,2000-2009,6.5,0.75,2.25,458.0292207792208,Devon
NL21,2000-2009,6.416666666666667,1.3333333333333335,6.7178571428571425,1207.1676157176157,Overijssel
AT22,2000-2009,6.333333333333334,94.75634920634921,5.25,2092.862888745242,Steiermark
CZ01,2000-2009,6.333333333333334,0.2,1.8333333333333335,280.11695526695524,Praha
DE26,2000-2009,6.283333333333333,223.20238095238096,15.333333333333334,5440.721627735451,Unterfranken
BE35,2000-2009,6.176190476190476,1.666666666666667,4.333333333333334,320.87836134453784,Namur
ES11,2000-2009,6.125,5.0,0.0,236.5646103896104,Galicia
DEB1,2000-2009,5.916666666666667,91.33446275946277,12.491666666666667,2661.3675911850446,Koblenz
BE22,2000-2009,5.833333333333334,12.116666666666667,1.5,812.377344877345,Limburg (BE)
DE40,2000-2009,5.791666666666667,80.32420634920635,10.55,2313.464441011345,Brandenburg
FRB0,2000-2009,5.75,51.72619047619048,11.476190476190476,2555.984607059607,Centre-Val de Loire
BE32,2000-2009,5.7,6.416666666666667,2.5,924.0375089779501,Hainaut
DEG0,2000-2009,5.583333333333334,94.22936507936508,5.016666666666667,2565.8662137054553,Thuringen
LU00,2000-2009,5.5,7.0,2.2,884.4504551004552,Luxembourg
FRG0,2000-2009,5.166666666666667,38.81666666666667,6.8500000000000005,2165.8286283161287,Pays de la Loire
BE31,2000-2009,5.152380952380953,4.0,3.619047619047619,1308.2323784660473,Brabant wallon
FRE2,2000-2009,5.116666666666667,17.616666666666667,0.5,1490.2603696741855,Picardie
FRI1,2000-2009,5.116666666666667,12.170634920634921,6.226190476190476,1534.0613270444153,Aquitaine
CH07,2000-2009,5.083333333333334,9.45,3.833333333333333,819.5008297258297,Ticino
DEA3,2000-2009,5.0,151.32896825396824,8.180769230769231,4742.867875425229,Munster
ES24,2000-2009,5.0,9.11111111111111,3.2666666666666666,445.10141525141523,Aragon
FRJ1,2000-2009,5.0,9.45,2.8333333333333335,1320.3899257605142,Languedoc-Roussillon
SI03,2000-2009,5.0,4.033333333333333,0.0,519.4449661449662,Vzhodna Slovenija
UKD4,2000-2009,5.0,3.8333333333333335,3.5833333333333335,686.0964285714285,Lancashire
DEE0,2000-2009,4.916666666666667,26.49404761904762,1.8269230769230769,1172.3371184371185,Sachsen-Anhalt
SE31,2000-2009,4.80952380952381,9.0,11.166666666666668,1156.7099567099567,Norra Mellansverige
UKJ4,2000-2009,4.808333333333334,5.416666666666667,2.7,1363.6413661423794,Kent
BE25,2000-2009,4.7,7.05,3.8333333333333335,1263.6426960896001,West-Vlaanderen
IE02,2000-2009,4.5,1.5833333333333333,2.0,168.9374357349967,IE02
SE21,2000-2009,4.476190476190476,9.5,0.8333333333333334,946.6404761904762,Smaland med oarna
BG41,2000-2009,4.4,0.0,1.0,108.13253968253969,BG41
SE33,2000-2009,4.357142857142858,1.3333333333333333,18.14761904761905,676.9329365079365,Ovre Norrland
EL52,2000-2009,4.333333333333334,2.0,0.33333333333333337,145.22738095238097,EL52
DE72,2000-2009,4.25,101.98849206349207,7.785714285714286,2509.127604951242,Giessen
FRC1,2000-2009,4.25,15.25,9.5,1261.1123791842833,Bourgogne
AT32,2000-2009,4.226190476190476,30.035714285714285,3.3333333333333335,850.417261904762,Salzburg
ES70,2000-2009,4.0,0.0,0.0,93.28809523809524,Canarias
SI04,2000-2009,4.0,0.6666666666666667,2.0,375.42201687201685,Zahodna Slovenija
UKD7,2000-2009,4.0,2.0,1.125,931.1084415584417,Merseyside
NL13,2000-2009,3.95,4.5,0.16666666666666669,378.54011544011547,Drenthe
FRI3,2000-2009,3.8333333333333335,9.4,4.25,912.1957722832723,Poitou-Charentes
DE91,2000-2009,3.7857142857142856,118.73830336330337,9.283333333333335,3714.248056212081,Braunschweig
FRE1,2000-2009,3.7,12.090476190476192,2.2023809523809526,1697.6293288267125,Nord-Pas-de-Calais
UKM2,2000-2009,3.5071428571428576,1.0,1.4583333333333335,229.83896103896103,Eastern Scotland
ITH2,2000-2009,3.5,1.25,2.0,281.3702380952381,Provincia di Trento
UKN0,2000-2009,3.4,0.0,6.583333333333334,542.5096911025482,Northern Ireland
ME19,2000-2009,3.3333333333333335,0.0,0.0,87.30238095238096,ME19
NL23,2000-2009,3.3333333333333335,0.0,0.0,240.84079896711478,Flevoland
BE33,2000-2009,3.2,10.850000000000001,1.916666666666667,1059.354267954268,Liege
DE27,2000-2009,3.166666666666667,225.75804473304473,15.8,5816.202144097733,Schwaben
CZ04,2000-2009,3.0,0.0,0.0,36.55833333333334,Severozapad
FRF2,2000-2009,3.0,9.7,0.25,802.3592295131768,Champagne-Ardenne
HR03,2000-2009,3.0,0.33333333333333337,0.0,37.011147186147184,HR03
LV00,2000-2009,3.0,0.0,0.0,112.43990176490178,LV00
ME14,2000-2009,3.0,0.0,0.0,71.64166666666667,ME14
NL34,2000-2009,3.0,0.3666666666666667,0.8333333333333334,266.38014069264074,NL34
PT1A,2000-2009,3.0,1.0,3.0,243.21603535353535,PT1A
ITF4,2000-2009,2.892857142857143,2.5,1.5,488.3029581529581,Puglia
DE24,2000-2009,2.85,119.30259740259741,11.8,2717.4604450359247,Oberfranken
NLZZ,2000-2009,2.75,0.33333333333333337,0.33333333333333337,160.03536463536466,NLZZ
UKK3,2000-2009,2.666666666666667,0.0,2.2,196.36948051948053,Cornwall and Isles of Scilly
DE22,2000-2009,2.5595238095238093,100.35321067821069,4.616666666666667,2123.5368454957743,Niederbayern
DE80,2000-2009,2.5000000000000004,13.723989898989899,2.142857142857143,662.4450816727133,Mecklenburg-Vorpommern
DEZZ,2000-2009,2.5,13.650000000000002,4.033333333333333,601.3420291696608,DEZZ
ES12,2000-2009,2.4,0.0,1.0,140.34158064158066,Asturias
UKL3,2000-2009,2.366666666666667,0.5,1.3583333333333334,232.3066960816961,UKL3
PL91,2000-2009,2.3452380952380953,0.2,0.5,258.1338675213675,Warszawski stoleczny
EL43,2000-2009,2.3333333333333335,0.0,0.0,52.887728937728944,EL43
PL51,2000-2009,2.3333333333333335,1.0,1.5,103.4205377955378,Dolnoslaskie
DE23,2000-2009,2.291666666666667,272.56893939393944,12.676190476190477,4093.61950174009,Oberpfalz
AT31,2000-2009,2.25,107.13333333333333,3.333333333333334,2942.741686581392,Oberosterreich
ITG2,2000-2009,2.166666666666667,0.0,0.0,167.99209956709956,Sardegna
ITI2,2000-2009,2.166666666666667,1.0,0.5,387.4084415584416,Umbria
UKM3,2000-2009,2.15,0.45,3.0000000000000004,550.0753177378177,South Western Scotland
AT33,2000-2009,2.0,33.104040404040404,4.125,1130.531168831169,Tirol
BG42,2000-2009,2.0,0.0,0.0,16.21666666666667,BG42
CZ07,2000-2009,2.0,1.25,0.0,117.72712842712842,Stredni Morava
DE73,2000-2009,2.0,73.2927960927961,3.2333333333333334,1621.670051147683,Kassel
ES41,2000-2009,2.0,0.0,0.25,360.8624708624709,Castilla y Leon
FRC2,2000-2009,2.0,21.06666666666667,3.083333333333333,1399.379913550502,Franche-Comte
ITF6,2000-2009,2.0,0.0,0.0,116.68138528138527,Calabria
MT00,2000-2009,2.0,4.0,0.0,119.87142857142857,MT00
NL12,2000-2009,2.0,0.0,1.2,360.9873015873016,Friesland
NO06,2000-2009,2.0,1.0,2.5,456.5345238095238,Trondelag
PL21,2000-2009,2.0,2.5,1.1666666666666667,157.86849816849818,Malopolskie
PT11,2000-2009,2.0,1.3333333333333335,0.6666666666666667,287.66620879120876,Norte
UKH5,2000-2009,2.0,3.5,0.75,383.35027056277056,UKH5
UKL4,2000-2009,2.0,2.0,0.33333333333333337,303.77622655122656,UKL4
UKM9,2000-2009,2.0,0.2,1.6428571428571428,235.77882205513785,UKM9
DED4,2000-2009,1.8333333333333335,41.975,3.5083333333333337,1016.0992757242757,Chemnitz
HU11,2000-2009,1.8333333333333335,3.340909090909091,13.976190476190478,777.3551566951568,Budapest
CZ06,2000-2009,1.75,0.7333333333333334,0.25,224.12666675429836,Jihovychod
FRD2,2000-2009,1.75,36.75,2.75,2014.5290435871318,Haute-Normandie
ME09,2000-2009,1.75,0.0,0.4,182.55311355311358,ME09
IS02,2000-2009,1.6666666666666667,0.0,0.6666666666666667,103.27023809523811,IS02
UKF3,2000-2009,1.5555555555555556,1.4761904761904763,1.0555555555555556,323.4860500610501,Lincolnshire
IS01,2000-2009,1.5333333333333334,1.0,1.3333333333333335,172.14880952380952,IS01
AT34,2000-2009,1.5,67.56111111111112,7.533333333333333,1558.4932595182595,Vorarlberg
ES42,2000-2009,1.5,0.2,1.0,145.53381063381062,Castilla-La Mancha
PL43,2000-2009,1.5,0.0,0.0,44.51428571428571,Lubuskie
PL84,2000-2009,1.5,0.0,0.0,12.209523809523809,Podlaskie
FRK1,2000-2009,1.3333333333333335,28.933333333333334,4.5,1404.9888509151667,Auvergne
PL22,2000-2009,1.3333333333333335,0.0,0.0,116.51587301587301,Slaskie
PL71,2000-2009,1.3333333333333335,0.5,2.25,137.88075396825397,Lodzkie
ME15,2000-2009,1.25,0.0,0.0,46.5388888888889,ME15
SK01,2000-2009,1.25,0.3611111111111111,0.25,115.93383838383838,Bratislavsky kraj
DEB2,2000-2009,1.2435897435897436,10.2,2.4102564102564106,489.9895604395604,Trier
ITG1,2000-2009,1.1666666666666667,0.0,1.3333333333333335,630.3971611721611,Sicilia
RO32,2000-2009,1.1666666666666667,0.0,0.0,104.38008658008658,Bucuresti-Ilfov
ES23,2000-2009,1.1428571428571428,0.0,1.0,62.471428571428575,La Rioja
IE01,2000-2009,1.0833333333333333,1.0,2.5833333333333335,131.89872349872348,IE01
AT21,2000-2009,1.0,22.616666666666667,1.5,672.7998948763654,Karnten
CHZZ,2000-2009,1.0,0.5,0.25,94.94292929292929,CHZZ
DE50,2000-2009,1.0,8.333333333333334,3.416666666666667,634.1155898624938,Bremen
EE00,2000-2009,1.0,1.0,0.33333333333333337,141.58232359745517,EE00
EL54,2000-2009,1.0,0.0,0.0,7.50952380952381,EL54
EL61,2000-2009,1.0,0.0,0.0,27.49285714285714,EL61
EL65,2000-2009,1.0,0.0,0.0,19.492857142857144,EL65
FI20,2000-2009,1.0,0.0,2.0,19.541666666666668,Aland
FRY3,2000-2009,1.0,0.0,0.0,3.0,FRY3
HR05,2000-2009,1.0,0.0,2.833333333333334,187.0680375180375,HR05
ME11,2000-2009,1.0,0.0,0.0,14.866666666666667,ME11
ME31,2000-2009,1.0,0.0,0.0,2.95,ME31
MTZZ,2000-2009,1.0,0.0,0.0,7.233333333333333,MTZZ
PL41,2000-2009,1.0,1.0,0.0,119.56746031746032,Wielkopolskie
PT19,2000-2009,1.0,2.666666666666667,0.0,136.5547619047619,PT19
PT1B,2000-2009,1.0,0.0,0.0,31.760714285714286,PT1B
ROZZ,2000-2009,1.0,0.0,0.0,6.892857142857142,ROZZ
SEZZ,2000-2009,1.0,0.25,0.8333333333333334,58.96263736263737,SEZZ
SK02,2000-2009,1.0,1.3333333333333335,0.25,65.33928571428572,Zapadne Slovensko
UKD1,2000-2009,1.0,3.916666666666667,0.0,259.8876984126984,Cumbria
UKE1,2000-2009,1.0,4.0,1.2,504.0090659340659,East Yorkshire and Northern Lincolnshire
UKE3,2000-2009,1.0,1.5,3.7,557.4250333000333,South Yorkshire
UKK1,2000-2009,1.0,0.0,3.9333333333333336,60.894047619047626,"Gloucestershire, Wiltshire"
NO07,2000-2009,0.7833333333333334,0.0,0.0,104.93859649122808,Nord-Norge
ES53,2000-2009,0.7333333333333334,0.0,0.0,85.13016983016983,Illes Balears
NO09,2000-2009,0.6666666666666667,5.416666666666667,2.3333333333333335,716.1607142857143,NO09
BE34,2000-2009,0.6666666666666666,2.0,0.0,283.8967383923266,Luxembourg (BE)
DED5,2000-2009,0.6666666666666666,17.84285714285714,5.75,558.292066675155,Leipzig
CZ03,2000-2009,0.5,4.05,0.0,107.53328060828062,Jihozapad
CZ08,2000-2009,0.5,2.166666666666667,0.0,104.9234126984127,Moravskoslezsko
ESZZ,2000-2009,0.5,1.3333333333333335,0.6666666666666667,29.780761698618843,ESZZ
FRI2,2000-2009,0.5,19.80952380952381,2.0,386.47182539682547,Limousin
PT15,2000-2009,0.5,0.5,0.5,17.733333333333334,Algarve
RO21,2000-2009,0.5,0.0,0.5,12.524603174603175,Nord-Est
CZ05,2000-2009,0.4,4.2,1.0,200.54563492063494,Severovychod
FRY1,2000-2009,0.33333333333333337,0.0,0.0,13.217857142857143,FRY1
ES43,2000-2009,0.3333333333333333,0.0,0.0,24.21666666666667,Extremadura
FRY2,2000-2009,0.25,0.0,0.0,6.677777777777778,FRY2
PL81,2000-2009,0.14285714285714285,0.0,0.0,43.90952380952381,Lubelskie
PL92,2000-2009,0.14285714285714285,0.0,0.0,45.7304945054945,Mazowiecki
EL63,2000-2009,0.125,0.0,0.0,42.250865800865796,EL63
AT11,2000-2009,0.0,6.5,0.125,208.7552308802309,Burgenland
ATZZ,2000-2009,0.0,0.0,0.0,43.756839402427644,ATZZ
BEZZ,2000-2009,0.0,0.0,0.5,36.132682083997885,BEZZ
BG31,2000-2009,0.0,0.0,0.0,8.277777777777779,BG31
BG32,2000-2009,0.0,0.0,0.0,13.123611111111112,BG32
BG33,2000-2009,0.0,0.0,0.0,19.03333333333333,BG33
BG34,2000-2009,0.0,0.0,0.0,6.391666666666667,BG34
BGZZ,2000-2009,0.0,0.0,0.0,2.405555555555556,BGZZ
CY00,2000-2009,0.0,1.25,1.0,96.39636752136751,CY00
CZ02,2000-2009,0.0,1.7,0.0,132.4595598845599,Stredni Cechy
CZZZ,2000-2009,0.0,0.0,0.0,7.484523809523809,CZZZ
DKZZ,2000-2009,0.0,0.0,1.0833333333333335,43.977380952380955,DKZZ
EEZZ,2000-2009,0.0,0.0,0.0,8.333333333333332,EEZZ
EL41,2000-2009,0.0,0.0,0.0,1.0,EL41
EL42,2000-2009,0.0,0.0,0.0,11.576923076923077,EL42
EL51,2000-2009,0.0,0.0,0.0,4.5,EL51
EL53,2000-2009,0.0,0.0,0.0,2.0,EL53
EL62,2000-2009,0.0,0.0,0.0,2.0,EL62
EL64,2000-2009,0.0,0.0,0.0,11.419047619047621,EL64
ELZZ,2000-2009,0.0,0.0,0.0,1.0,ELZZ
ES13,2000-2009,0.0,6.111111111111111,0.5,60.70277777777778,Cantabria
ES62,2000-2009,0.0,0.0,0.0,124.35753968253968,Murcia
FIZZ,2000-2009,0.0,0.0,0.4761904761904762,20.01978021978022,FIZZ
FRM0,2000-2009,0.0,1.0,0.0,27.676190476190477,Corse
FRY4,2000-2009,0.0,0.0,0.0,31.883333333333336,FRY4
FRY5,2000-2009,0.0,0.0,0.0,1.0,FRY5
FRZZ,2000-2009,0.0,2.0,0.0,114.8523199023199,FRZZ
HR02,2000-2009,0.0,0.5,0.0,22.583333333333332,HR02
HR06,2000-2009,0.0,0.0,0.0,37.723351648351645,HR06
HRZZ,2000-2009,0.0,0.0,0.0,3.9343434343434343,HRZZ
HU12,2000-2009,0.0,0.5833333333333334,2.916666666666667,215.19400460650462,Pest
HU21,2000-2009,0.0,0.5,0.0,52.60201465201466,Kozep-Dunantul
HU22,2000-2009,0.0,0.0,0.0,49.06450493950494,Nyugat-Dunantul
HU23,2000-2009,0.0,0.16666666666666666,0.0,46.90646760646761,Del-Dunantul
HU31,2000-2009,0.0,1.3333333333333335,0.125,61.12424242424243,Eszak-Magyarorszag
HU32,2000-2009,0.0,1.0,0.125,119.84359945609947,Eszak-Alfold
HU33,2000-2009,0.0,0.5,0.5,122.1604118104118,Del-Alfold
HUZZ,2000-2009,0.0,0.0,0.0,2.8280885780885776,HUZZ
IEZZ,2000-2009,0.0,0.0,1.5,40.917832167832174,IEZZ
ISZZ,2000-2009,0.0,0.0,0.0,8.838034188034188,ISZZ
ITC2,2000-2009,0.0,0.0,0.0,78.4,Valle d'Aosta
ITF2,2000-2009,0.0,0.0,0.0,16.266666666666666,Molise
ITF5,2000-2009,0.0,0.0,0.0,48.491666666666674,Basilicata
ITH1,2000-2009,0.0,11.916666666666668,0.0,387.96190476190475,Provincia di Bolzano
ITZZ,2000-2009,0.0,2.0,0.0,112.26191586191587,ITZZ
LIZZ,2000-2009,0.0,3.7,0.0,281.9793650793651,LIZZ
LT01,2000-2009,0.0,0.0,0.0,64.04277944277945,LT01
LT02,2000-2009,0.0,0.0,0.0,27.014534077034078,LT02
LTZZ,2000-2009,0.0,0.0,0.0,3.166666666666667,LTZZ
LVZZ,2000-2009,0.0,0.0,0.0,1.907575757575758,LVZZ
ME01,2000-2009,0.0,0.0,0.0,7.0,ME01
ME02,2000-2009,0.0,0.0,0.0,4.727777777777778,ME02
ME03,2000-2009,0.0,0.0,0.0,0.33333333333333337,ME03
ME05,2000-2009,0.0,0.0,0.0,14.316666666666668,ME05
ME06,2000-2009,0.0,0.0,0.0,1.75,ME06
ME07,2000-2009,0.0,0.0,0.0,1.1666666666666667,ME07
ME08,2000-2009,0.0,0.0,0.0,48.26666666666667,ME08
ME10,2000-2009,0.0,0.0,0.0,0.33333333333333337,ME10
ME12,2000-2009,0.0,0.0,0.0,1.0,ME12
ME13,2000-2009,0.0,0.0,0.0,3.277777777777778,ME13
ME16,2000-2009,0.0,0.0,0.0,4.066666666666667,ME16
ME17,2000-2009,0.0,0.0,0.0,12.571428571428571,ME17
ME18,2000-2009,0.0,0.0,0.0,1.0909090909090908,ME18
ME20,2000-2009,0.0,0.0,0.0,2.5833333333333335,ME20
ME21,2000-2009,0.0,0.0,0.0,20.983333333333334,ME21
ME22,2000-2009,0.0,0.0,0.0,18.666666666666668,ME22
ME23,2000-2009,0.0,0.0,0.0,4.5,ME23
ME24,2000-2009,0.0,0.0,0.0,6.126190476190476,ME24
ME25,2000-2009,0.0,0.0,0.0,6.166666666666667,ME25
ME26,2000-2009,0.0,0.0,0.0,4.976190476190476,ME26
ME27,2000-2009,0.0,0.0,0.0,1.0,ME27
ME28,2000-2009,0.0,0.0,0.0,9.578571428571427,ME28
ME29,2000-2009,0.0,0.0,0.0,3.7,ME29
ME30,2000-2009,0.0,0.0,0.0,13.481746031746033,ME30
MKZZ,2000-2009,0.0,0.0,0.0,5.083333333333334,MKZZ
NO02,2000-2009,0.0,0.0,0.0,96.2186507936508,Hedmark og Oppland
NOZZ,2000-2009,0.0,0.5,0.0,16.51309523809524,NOZZ
PL42,2000-2009,0.0,0.25,0.0,33.70238095238096,Zachodniopomorskie
PL52,2000-2009,0.0,0.0,0.0,16.55876623376623,Opolskie
PL61,2000-2009,0.0,0.0,0.0,33.88095238095238,Kujawsko-Pomorskie
PL62,2000-2009,0.0,0.5,0.0,6.476190476190476,Warminsko-Mazurskie
PL63,2000-2009,0.0,0.0,1.0,63.571428571428584,Pomorskie
PL72,2000-2009,0.0,0.0,0.0,20.268589743589743,Swietokrzyskie
PL82,2000-2009,0.0,1.5,1.0,55.2,Podkarpackie
PLZZ,2000-2009,0.0,0.0,0.0,5.824242424242424,PLZZ
PT1C,2000-2009,0.0,0.0,0.0,10.0,PT1C
PT1D,2000-2009,0.0,0.0,0.0,23.409523809523808,PT1D
PT20,2000-2009,0.0,0.0,0.0,6.166666666666667,Acores
PT30,2000-2009,0.0,0.0,0.0,4.655357142857143,Madeira
PTZZ,2000-2009,0.0,0.0,0.0,20.533333333333335,PTZZ
RO11,2000-2009,0.0,1.0,1.2000000000000002,19.814285714285717,Nord-Vest
RO12,2000-2009,0.0,0.0,0.0,13.913492063492065,Centru
RO22,2000-2009,0.0,0.0,0.0,6.642857142857142,Sud-Est
RO31,2000-2009,0.0,0.0,0.0,8.352200577200577,Sud-Muntenia
RO41,2000-2009,0.0,0.5,0.0,11.53080808080808,Sud-Vest Oltenia
RO42,2000-2009,0.0,1.25,0.4,19.03412698412698,Vest
RSZZ,2000-2009,0.0,0.0,0.0,25.95,RSZZ
SE32,2000-2009,0.0,2.6666666666666665,1.6666666666666667,323.6738095238095,Mellersta Norrland
SIZZ,2000-2009,0.0,0.0,0.0,5.333333333333333,SIZZ
SK03,2000-2009,0.0,0.0,0.0,28.52579365079365,Stredne Slovensko
SK04,2000-2009,0.0,2.0,0.0,58.50000000000001,Vychodne Slovensko
SKZZ,2000-2009,0.0,0.0,0.0,3.516666666666667,SKZZ
UKC1,2000-2009,0.0,0.0,0.0,8.646428571428572,Tees Valley and Durham
UKC3,2000-2009,0.0,3.25,0.16666666666666666,374.9496392496393,UKC3
UKK2,2000-2009,0.0,0.0,0.0,7.15952380952381,Dorset and Somerset
UKM5,2000-2009,0.0,7.0,3.428571428571429,732.33664843928,North Eastern Scotland
FR10,2010-2019,145.44166666666666,631.4698412698413,385.40177877677877,31832.929760860083,Ile-de-France
DE12,2010-2019,139.99725274725273,351.2011904761905,109.96038961038963,12935.860616864215,Karlsruhe
ITC4,2010-2019,118.00238095238096,88.91666666666667,24.308333333333334,13086.634866798595,Lombardia
ES51,2010-2019,107.585101010101,13.983333333333334,30.0810119831859,5807.9879634438585,Cataluna
FRL0,2010-2019,104.41428571428571,116.95,60.84561403508772,5680.1888293151915,Provence-Alpes-Cote d'Azur
NL41,2010-2019,96.88333333333335,206.51190476190476,278.94166666666666,18469.099058664448,Noord-Brabant
ES30,2010-2019,81.48502886002886,6.633333333333333,29.13423520923521,3491.627418877734,Madrid
FI1B,2010-2019,78.24126984126985,47.97698412698413,83.51578947368421,7527.804793404739,Helsinki-Uusimaa
UKI3,2010-2019,75.36666666666667,31.48809523809524,128.52289377289378,4052.6318440331597,Inner London
IE06,2010-2019,75.19001831501832,10.246825396825397,32.39583333333334,1927.1387473637474,Eastern and Midland
SE11,2010-2019,74.68333333333334,104.65992063492064,167.67529239766083,11479.70059003435,Stockholm
DE21,2010-2019,73.97142857142858,727.0316822066821,383.273051948052,27383.615904560767,Oberbayern
FRH0,2010-2019,73.83333333333334,82.60357142857143,118.04166666666669,5511.322713397714,Bretagne
ITH5,2010-2019,61.417857142857144,51.71111111111111,16.226190476190474,7833.7188303554685,Emilia-Romagna
UKJ1,2010-2019,61.3,47.15238095238095,86.00900488400488,8185.658950188012,"Berkshire, Bucks and Oxon"
DE71,2010-2019,61.016941391941394,201.43245365745366,108.31904761904762,13109.418150451202,Darmstadt
ITH3,2010-2019,59.43333333333334,42.18333333333333,5.833333333333334,5987.729098679099,Veneto
SE22,2010-2019,58.86007326007326,43.56785714285714,56.74260651629073,6560.953051522933,Sydsverige
NL36,2010-2019,58.00000000000001,36.43571428571428,25.394047619047623,5420.340049414187,NL36
DEA2,2010-2019,48.66111111111111,252.051443001443,75.16358889648363,11857.38951197758,Koln
CH01,2010-2019,47.885714285714286,72.70238095238096,63.616774891774895,6504.53047603905,Region lemanique
FRK2,2010-2019,45.1888888888889,362.7714285714286,142.8543650793651,17780.98806568139,Rhone-Alpes
UKJ2,2010-2019,40.78333333333333,21.616666666666667,16.96666666666667,4000.729969866735,"Surrey, E/W Sussex"
CH04,2010-2019,40.75634920634921,151.31944444444446,49.80357142857143,7252.706549852795,Zurich
DE30,2010-2019,39.78611111111111,200.30027472527473,117.22574647574649,8167.607091460512,Berlin
ITI4,2010-2019,39.33690476190476,11.733333333333334,7.152380952380952,2057.798903060541,Lazio
DK01,2010-2019,35.59761904761905,32.98095238095238,64.325,6890.781639102212,Hovedstaden
ITC1,2010-2019,34.91666666666667,39.44166666666667,13.428571428571429,4939.647766575613,Piemonte
DE25,2010-2019,33.24761904761905,346.38466810966816,115.01022442469812,10792.829292827797,Mittelfranken
UKI4,2010-2019,30.73333333333333,10.209523809523809,21.454761904761906,1247.8833725331228,Outer London - East
ITI1,2010-2019,30.67738095238095,31.85,12.267857142857144,3409.21516719995,Toscana
BE21,2010-2019,29.392857142857146,20.333333333333336,26.975,3218.321084791264,Antwerpen
DE11,2010-2019,29.01904761904762,959.1234487734488,201.19982746721874,22112.22668295012,Stuttgart
DEA1,2010-2019,28.589682539682542,349.84763569763567,84.54776875171612,13810.763516656501,Dusseldorf
ES52,2010-2019,28.34285714285714,1.6666666666666665,7.80952380952381,1342.4084978602932,Comunitat Valenciana
BE24,2010-2019,28.073015873015873,21.961904761904762,22.769047619047623,3652.5236665889415,Vlaams-Brabant
CH03,2010-2019,27.31230158730159,69.98333333333333,39.698412698412696,7108.4704200941815,Nordwestschweiz
NL32,2010-2019,26.083333333333336,13.142857142857144,26.11133540372671,3234.8422362838924,Noord-Holland
UKI7,2010-2019,25.667857142857144,6.533333333333334,16.925,1191.3185745258324,Outer London
ES61,2010-2019,24.694444444444443,6.552380952380952,5.6,1075.2323057661292,Andalucia
CH02,2010-2019,24.5,137.8420634920635,29.584523809523812,6287.371122457694,Espace Mittelland
ITH4,2010-2019,24.416666666666664,16.2,3.0,2022.9218771566598,Friuli-Venezia Giulia
FI19,2010-2019,24.4,29.6,51.83809523809524,3659.6415211320773,Lansi-Suomi
UKL5,2010-2019,22.6,4.2,7.0,1194.9252164502163,UKL5
DK04,2010-2019,22.451298701298704,59.29166666666667,11.932251082251081,3930.2253685706014,Midtjylland
PL91,2010-2019,22.385714285714286,6.386363636363637,4.472222222222222,915.4557985166052,Warszawski stoleczny
UKH4,2010-2019,21.571428571428573,37.12384004884005,49.94924242424243,4208.418406776307,UKH4
ITC3,2010-2019,21.533333333333335,5.383333333333334,5.791666666666667,1113.0815793683441,Liguria
UKE4,2010-2019,20.008333333333333,8.8,3.4000000000000004,981.2448523698524,West Yorkshire
SE23,2010-2019,19.892857142857146,49.840476190476195,28.077286967418544,5773.195222670475,Vastsverige
BE10,2010-2019,18.46785714285714,8.183333333333334,4.033333333333333,1145.3194169041285,Bruxelles
BE23,2010-2019,18.35,11.433333333333334,13.738888888888889,2418.1532257150157,Oost-Vlaanderen
NL35,2010-2019,18.291666666666668,20.06904761904762,11.004761904761907,1761.2839337977778,NL35
IE05,2010-2019,18.05357142857143,6.871428571428573,7.313690476190477,1008.9286153761698,Southern
UKH2,2010-2019,17.594444444444445,13.325000000000001,22.734920634920634,2259.6354131979133,Bedfordshire and Hertfordshire
UKF2,2010-2019,17.552380952380954,7.05952380952381,6.8,1084.640974711563,Leicestershire
UKD7,2010-2019,17.38095238095238,7.666666666666667,4.300000000000001,975.2017871017871,Merseyside
UKJ3,2010-2019,17.30952380952381,13.508333333333333,23.36111111111111,2712.2874125874127,Hampshire and Isle of Wight
DEB3,2010-2019,15.43864468864469,95.49606782106781,41.72738095238095,7626.324414710676,Rheinhessen-Pfalz
UKM0,2010-2019,15.25,5.5357142857142865,4.007575757575758,516.6729978354979,UKM0
CH07,2010-2019,14.833333333333334,13.05,1.7333333333333334,1048.345781995782,Ticino
CH06,2010-2019,14.694444444444446,71.94285714285715,24.86904761904762,3146.9728395529482,Zentralschweiz
NO08,2010-2019,14.666666666666668,17.708333333333336,15.2268115942029,2192.709922600843,NO08
UKF1,2010-2019,14.483333333333334,10.700000000000001,7.050000000000001,2865.78564616056,Derbyshire and Nottinghamshire
EL30,2010-2019,14.133333333333333,6.208333333333334,6.233333333333334,766.2596575837955,EL30
NO0A,2010-2019,14.008333333333333,23.03333333333333,3.75,1640.8506854256852,NO0A
ES62,2010-2019,14.0,1.2,1.25,300.87653180153177,Murcia
ITF3,2010-2019,13.517857142857142,1.45,5.45,836.7013348685983,Campania
ES11,2010-2019,13.2,4.125,0.5,511.66976960237827,Galicia
DK03,2010-2019,13.083333333333334,17.56666666666667,5.666666666666667,2297.635045232545,Syddanmark
AT13,2010-2019,12.992857142857142,62.015476190476186,28.305952380952384,2878.507147608714,Wien
UKD3,2010-2019,12.991666666666667,8.95,6.566666666666666,1170.012446072446,Greater Manchester
DE92,2010-2019,12.983333333333334,139.45952380952383,29.58544087491456,5490.97369747812,Hannover
IE04,2010-2019,12.866666666666667,3.25,5.1625,882.5778569383833,Northern and Western
HU11,2010-2019,12.828571428571427,11.937878787878788,12.375,1036.4970754735461,Budapest
UKK5,2010-2019,12.683333333333335,10.622222222222224,12.997619047619047,1732.8240045472244,UKK5
DE60,2010-2019,12.604761904761906,81.61785714285715,29.96785714285714,4435.997798625953,Hamburg
NL22,2010-2019,12.416666666666668,22.26904761904762,10.608333333333334,2490.3623338649654,Gelderland
FI1D,2010-2019,12.214285714285715,32.27142857142857,26.599999999999998,2013.6438936271027,Pohjois- ja Ita-Suomi
AT12,2010-2019,12.160714285714285,71.35238095238097,20.451190476190476,2934.6101088525,Niederosterreich
UKK7,2010-2019,12.01666666666667,37.14166666666667,7.066666666666667,2495.092877834726,UKK7
PL43,2010-2019,12.0,0.0,5.0,280.4789728245611,Lubuskie
SE12,2010-2019,11.983333333333334,28.140079365079366,60.729855889724305,4750.839226234544,Ostra Mellansverige
ES21,2010-2019,11.416666666666668,3.4038461538461537,8.5,1659.1801892551894,Pais Vasco
ES22,2010-2019,11.30952380952381,1.8333333333333335,0.16666666666666666,556.71829004329,Navarra
DED2,2010-2019,10.91025641025641,71.97380952380954,11.017532467532469,2800.24685037185,Dresden
PT11,2010-2019,10.8,5.923809523809524,8.316666666666666,672.1553805521797,Norte
UKK6,2010-2019,10.733333333333334,8.326190476190476,3.488095238095238,1030.0135142635143,UKK6
NL21,2010-2019,10.7,16.17301587301587,2.3333333333333335,1352.7035840970625,Overijssel
LV00,2010-2019,10.523809523809524,0.0,0.0,239.40555555555557,LV00
FI1C,2010-2019,10.333333333333334,14.36111111111111,14.11904761904762,1899.0166939541941,Etela-Suomi
UKC4,2010-2019,10.130952380952381,9.5,0.5,1415.0912549407112,UKC4
PL21,2010-2019,10.033333333333333,2.3181818181818183,4.911111111111111,960.5093540517454,Malopolskie
NL42,2010-2019,9.783333333333335,12.994047619047619,13.766666666666667,2994.40521978022,Limburg (NL)
SE33,2010-2019,9.666666666666668,9.15,6.43922305764411,845.2675707285512,Ovre Norrland
UKE2,2010-2019,9.503968253968253,5.966666666666667,4.787301587301587,606.3918959695275,North Yorkshire
UKG1,2010-2019,9.399242424242424,13.804761904761907,9.992857142857142,1443.5832292707291,Herefordshire
ITH2,2010-2019,9.392857142857142,0.9166666666666667,1.5,482.4147075147075,Provincia di Trento
EE00,2010-2019,9.333333333333334,2.0,3.25,381.8088383838384,EE00
ITF4,2010-2019,9.316666666666666,3.6,1.1071428571428572,615.7699855699856,Puglia
CZ01,2010-2019,8.966666666666667,0.0,5.095833333333333,516.8210553335554,Praha
ITG1,2010-2019,8.75,0.0,0.42857142857142855,461.79169000933706,Sicilia
UKN0,2010-2019,8.622077922077922,8.566666666666666,5.3777056277056285,768.5433621933621,Northern Ireland
ES24,2010-2019,8.594444444444445,11.651709401709404,3.833333333333333,888.311222111222,Aragon
PL51,2010-2019,8.516666666666666,4.583333333333334,1.4833333333333334,569.4246960341001,Dolnoslaskie
UKI6,2010-2019,8.433333333333334,4.0,7.75,427.8874216426848,Outer London - West
DEF0,2010-2019,8.39047619047619,122.37380952380954,24.26439393939394,4454.740777278277,Schleswig-Holstein
BE31,2010-2019,8.366483516483516,2.2,12.450000000000001,1134.4487096237096,Brabant wallon
UKG2,2010-2019,8.166666666666668,8.766666666666667,1.25,999.7073658231977,Shropshire and Staffordshire
CH05,2010-2019,8.054761904761904,136.2277167277167,26.72380952380952,4719.189023338369,Ostschweiz
ME09,2010-2019,8.05,0.0,0.0,196.08495140480434,ME09
PL71,2010-2019,7.904761904761904,2.090909090909091,0.6111111111111112,424.9102706188384,Lodzkie
DE93,2010-2019,7.833333333333334,45.583333333333336,8.783333333333333,2383.065286102786,Luneburg
DK02,2010-2019,7.833333333333334,3.5833333333333335,1.8150793650793653,862.841194916195,Sjaelland
AT22,2010-2019,7.75,74.47727272727273,16.1,3356.9818015318015,Steiermark
DE13,2010-2019,7.654761904761905,324.4969696969697,51.99047619047619,9542.20407292926,Freiburg
BE25,2010-2019,7.65,20.133333333333333,9.588888888888889,1771.0168886668887,West-Vlaanderen
PT19,2010-2019,7.433333333333334,2.1,3.4738095238095243,354.2652236652237,PT19
UKM1,2010-2019,7.366666666666666,10.357142857142858,9.2,884.2402942090225,UKM1
UKH3,2010-2019,7.3500000000000005,3.977777777777778,6.4371794871794865,1183.641457253318,Essex
UKD6,2010-2019,7.324242424242424,7.033333333333334,8.783333333333333,993.616586142902,Cheshire
PL22,2010-2019,7.242857142857143,0.4242424242424243,1.75,439.84714057573126,Slaskie
PT1A,2010-2019,7.199999999999999,0.16666666666666666,4.4,382.958658008658,PT1A
ES41,2010-2019,7.0,1.0,2.3095238095238093,355.04202741702744,Castilla y Leon
FRJ1,2010-2019,6.976190476190476,29.083333333333332,23.76031746031746,1685.1363331113332,Languedoc-Roussillon
UKI5,2010-2019,6.95,0.41666666666666663,2.8333333333333335,274.8979418242576,Outer London - South
FRJ2,2010-2019,6.944444444444445,111.14285714285715,26.923611111111114,3781.3894009727132,Midi-Pyrenees
BE22,2010-2019,6.819444444444445,18.580952380952382,7.5,912.364787989788,Limburg (BE)
HU12,2010-2019,6.7,7.566666666666667,1.6944444444444446,385.4675893679764,Pest
UKM3,2010-2019,6.666666666666667,4.5,7.083333333333333,465.0917799591713,South Western Scotland
RO11,2010-2019,6.466666666666667,0.4,2.166666666666667,100.61627611518915,Nord-Vest
FRE1,2010-2019,6.3583333333333325,37.016666666666666,14.61825396825397,2058.8280053280055,Nord-Pas-de-Calais
NL34,2010-2019,6.333333333333334,0.375,0.0,311.83041541791545,NL34
DK05,2010-2019,6.25,7.866666666666667,3.55,968.1505161505162,Nordjylland
EL52,2010-2019,6.0,0.125,0.25,136.70540935672514,EL52
UKJ4,2010-2019,5.966666666666667,5.833333333333334,4.10995670995671,881.415583028083,Kent
ES23,2010-2019,5.75,0.0,0.0,73.96996517974779,La Rioja
RO32,2010-2019,5.5,2.5358974358974358,2.1,245.10533038925095,Bucuresti-Ilfov
DE27,2010-2019,5.090909090909092,212.3210622710623,53.77619047619048,6404.287669337924,Schwaben
BG41,2010-2019,5.066666666666666,2.55,0.43333333333333335,213.11392496392497,BG41
BE32,2010-2019,5.0,17.866666666666667,6.333333333333334,750.3907231657232,Hainaut
FRG0,2010-2019,4.833333333333334,93.43333333333334,17.32857142857143,2947.874475013291,Pays de la Loire
PL42,2010-2019,4.833333333333334,1.0,0.5,108.68722242520197,Zachodniopomorskie
SI03,2010-2019,4.809523809523809,2.5,0.0,621.1335578164526,Vzhodna Slovenija
ES53,2010-2019,4.666666666666667,0.0,0.16666666666666666,105.61296203796203,Illes Balears
DEC0,2010-2019,4.616666666666667,47.40833333333334,6.914285714285714,1479.1362734487734,Saarland
UKH6,2010-2019,4.566666666666666,2.166666666666667,0.45,397.596636185452,UKH6
AT31,2010-2019,4.533333333333333,140.48333333333335,25.06666666666667,4810.649336841573,Oberosterreich
DEZZ,2010-2019,4.533333333333333,13.105952380952381,5.392857142857143,480.8270599283757,DEZZ
DE14,2010-2019,4.316666666666666,286.62265512265515,66.23174603174604,8429.422368769003,Tubingen
CZ06,2010-2019,4.3,4.783333333333333,0.33333333333333337,510.8198024198025,Jihovychod
UKM2,2010-2019,4.183333333333334,3.611111111111111,0.16666666666666666,271.31630591630596,Eastern Scotland
FRB0,2010-2019,4.15,72.74444444444444,10.350000000000001,2596.2548474186633,Centre-Val de Loire
PL41,2010-2019,4.083333333333334,3.3333333333333335,0.8666666666666667,364.34338984029387,Wielkopolskie
ES70,2010-2019,4.055555555555555,0.0,0.0,125.62227398205658,Canarias
PL63,2010-2019,4.047619047619048,2.677731751007613,1.5,349.76806847172696,Pomorskie
AT32,2010-2019,4.033333333333333,33.483333333333334,3.25,1080.6560780722546,Salzburg
ES13,2010-2019,4.0,3.3333333333333335,0.0,163.38156565656567,Cantabria
DEG0,2010-2019,3.9761904761904763,76.91825396825396,30.744444444444447,2832.152813771196,Thuringen
DE40,2010-2019,3.891666666666667,76.08809523809525,26.5974025974026,2826.316215157591,Brandenburg
PL81,2010-2019,3.8857142857142857,0.0,0.25,139.54444828477335,Lubelskie
SI04,2010-2019,3.857142857142857,6.200000000000001,2.3333333333333335,695.6891333812387,Zahodna Slovenija
DEA3,2010-2019,3.8333333333333335,132.55911310911313,24.800432900432906,5068.204099731538,Munster
AT33,2010-2019,3.75,36.16666666666667,13.869047619047619,1600.1768570509948,Tirol
BE33,2010-2019,3.75,20.02619047619048,3.595833333333333,1149.4246231114219,Liege
CZ02,2010-2019,3.7333333333333334,6.933333333333334,1.3333333333333335,307.11309523809524,Stredni Cechy
ITF1,2010-2019,3.678571428571429,3.166666666666667,1.8333333333333335,468.67355699855705,Abruzzo
IS01,2010-2019,3.666666666666667,2.0,0.75,204.34761904761905,IS01
ITI3,2010-2019,3.666666666666667,8.283333333333333,3.0,1243.2421617654377,Marche
LT02,2010-2019,3.5603174603174605,0.0,0.33333333333333337,68.63339438339436,LT02
NL11,2010-2019,3.5555555555555554,4.961904761904762,4.875,455.8596292596293,Groningen
DE72,2010-2019,3.533333333333333,85.50119047619049,9.583333333333334,2736.0185980685983,Giessen
IS02,2010-2019,3.5000000000000004,1.0,0.0,113.03452380952382,IS02
UKH5,2010-2019,3.5,4.300000000000001,1.1428571428571428,351.62174219150023,UKH5
DE24,2010-2019,3.488095238095238,105.10162337662337,25.344047619047622,3313.2548878301777,Oberfranken
FRF1,2010-2019,3.4761904761904763,57.69015151515152,19.973412698412695,2955.234298633308,Alsace
PL61,2010-2019,3.4761904761904763,0.09090909090909091,0.0,126.78392336208833,Kujawsko-Pomorskie
MT00,2010-2019,3.3333333333333335,0.2,0.0,89.80952380952381,MT00
SK02,2010-2019,3.3,2.066666666666667,2.0,195.75573454323455,Zapadne Slovensko
FRI1,2010-2019,3.283333333333333,55.32222222222222,20.394047619047615,2543.4566558441556,Aquitaine
RO21,2010-2019,3.2,3.0,0.5,77.34166666666667,Nord-Est
DEA4,2010-2019,3.033333333333333,231.78690476190476,36.45238095238095,6454.330825138914,Detmold
DEA5,2010-2019,3.0095238095238095,219.13623043623045,36.93571428571428,7832.802336999086,Arnsberg
ES42,2010-2019,3.0,0.0,0.1984126984126984,158.7545093795094,Castilla-La Mancha
ITH1,2010-2019,3.0,11.333333333333334,2.0,623.9130341880342,Provincia di Bolzano
UKD4,2010-2019,2.866666666666667,7.587931034482759,5.416666666666667,680.8525885991403,Lancashire
ES12,2010-2019,2.8333333333333335,1.0,0.2,227.77564935064936,Asturias
FRF3,2010-2019,2.8333333333333335,31.114285714285714,6.500000000000001,1439.2329836829838,Lorraine
SK01,2010-2019,2.8095238095238093,1.0,0.14285714285714285,177.18809523809526,Bratislavsky kraj
LU00,2010-2019,2.783333333333333,9.216666666666667,1.9166666666666665,850.3633422133421,Luxembourg
ITF6,2010-2019,2.7666666666666666,1.7,0.0,163.04933204050852,Calabria
UKM5,2010-2019,2.7,25.95,2.2,1002.2284992784994,North Eastern Scotland
HU32,2010-2019,2.666666666666667,1.3333333333333335,0.5,109.14982313008629,Eszak-Alfold
DE94,2010-2019,2.6166666666666667,145.82539682539684,21.21666666666667,3598.489080580171,Weser-Ems
PT1C,2010-2019,2.611111111111111,0.0,0.0,77.48174603174604,PT1C
LTZZ,2010-2019,2.5952380952380953,0.0,0.2,38.0484126984127,LTZZ
UKK4,2010-2019,2.5833333333333335,2.7,2.142857142857143,376.061544011544,Devon
NL23,2010-2019,2.5666666666666664,1.1666666666666667,0.33333333333333337,229.61388888888888,Flevoland
ITI2,2010-2019,2.5,1.3333333333333335,0.5,366.2932900432901,Umbria
ME14,2010-2019,2.5,0.0,0.0,88.80430402930403,ME14
PL62,2010-2019,2.5,0.09090909090909091,0.0,49.11604928140465,Warminsko-Mazurskie
UKC3,2010-2019,2.5,3.866666666666667,0.0,375.74808802308803,UKC3
CY00,2010-2019,2.4166666666666665,1.0,0.5,119.56468253968254,CY00
CZ07,2010-2019,2.3428571428571425,1.9285714285714286,0.0,251.23795648795647,Stredni Morava
IE02,2010-2019,2.3333333333333335,1.088888888888889,0.2625,195.7535562618683,IE02
NO09,2010-2019,2.25,4.25,0.75,679.7862554112553,NO09
FRC2,2010-2019,2.1761904761904765,40.84285714285714,5.388888888888889,1666.5110060690943,Franche-Comte
PT1B,2010-2019,2.166666666666667,0.0,0.0,70.56482683982685,PT1B
PL82,2010-2019,2.142857142857143,0.0,1.6166666666666667,147.96420523920523,Podkarpackie
FRD2,2010-2019,2.125,67.58333333333334,12.066666666666666,2222.6192612942614,Haute-Normandie
ITG2,2010-2019,2.125,0.9166666666666666,0.5,170.6546717171717,Sardegna
PL92,2010-2019,2.092857142857143,0.09090909090909091,0.19444444444444448,227.29368916108047,Mazowiecki
DE23,2010-2019,2.0833333333333335,175.35238095238097,36.75,5125.317120787709,Oberpfalz
SK03,2010-2019,2.0333333333333337,0.25,0.0,83.0563492063492,Stredne Slovensko
CZ08,2010-2019,2.0,2.0,1.0,155.20527250527252,Moravskoslezsko
EL65,2010-2019,2.0,0.0,0.0,9.116666666666667,EL65
ITF2,2010-2019,2.0,0.0,0.0,44.21208791208791,Molise
LT01,2010-2019,2.0,0.0,0.0,168.32847985347985,LT01
NL12,2010-2019,2.0,2.0,0.0,388.84318181818185,Friesland
PL84,2010-2019,2.0,0.0,0.11111111111111112,45.484998728705825,Podlaskie
UKG3,2010-2019,2.0,19.845238095238095,9.15,1673.899518999519,West Midlands
UKI1,2010-2019,2.0,1.3333333333333335,3.2523809523809524,182.38509356140935,Inner London - West
UKL4,2010-2019,2.0,2.25,1.25,233.75946275946274,UKL4
ME15,2010-2019,1.9,0.0,0.75,61.929759129759134,ME15
DE26,2010-2019,1.8666666666666667,153.48650793650793,41.96133540372671,4747.626150572219,Unterfranken
DEE0,2010-2019,1.8333333333333335,20.085714285714285,10.102380952380951,1112.7411451708558,Sachsen-Anhalt
SE31,2010-2019,1.8333333333333335,9.850000000000001,0.674185463659148,1228.808247736083,Norra Mellansverige
NO07,2010-2019,1.666666666666667,0.0,1.0,115.79166666666667,Nord-Norge
NO06,2010-2019,1.6666666666666667,8.767857142857142,1.25,835.9937021312021,Trondelag
PTZZ,2010-2019,1.6666666666666667,0.0,1.5,28.81197691197691,PTZZ
ITZZ,2010-2019,1.5,0.4,2.0,101.02777777777777,ITZZ
RO12,2010-2019,1.4261904761904762,0.2857142857142857,2.5583333333333336,92.77041847041848,Centru
IE01,2010-2019,1.4,3.2,3.2,146.12125652125653,IE01
DE80,2010-2019,1.3333333333333335,12.466666666666669,4.381818181818182,728.7469830607988,Mecklenburg-Vorpommern
DED4,2010-2019,1.3333333333333335,30.541666666666668,5.580952380952381,1276.8682139927496,Chemnitz
EL51,2010-2019,1.3333333333333335,0.0,0.0,15.983333333333336,EL51
CZ05,2010-2019,1.3333333333333333,8.064285714285715,1.0,502.716274003774,Severovychod
RO42,2010-2019,1.3333333333333333,1.8333333333333335,0.33333333333333337,272.09012050751176,Vest
UKE1,2010-2019,1.2857142857142856,6.875396825396826,0.0,410.2077596380228,East Yorkshire and Northern Lincolnshire
BE35,2010-2019,1.25,3.5000000000000004,6.75,304.93733268647065,Namur
CZ04,2010-2019,1.2,1.0,0.0,115.1329725829726,Severozapad
DE73,2010-2019,1.2,45.334523809523816,12.726190476190476,1862.0975094350097,Kassel
UKM9,2010-2019,1.2,0.6011904761904763,0.0,187.05780454925193,UKM9
DED5,2010-2019,1.1666666666666667,17.852380952380955,7.838095238095239,720.1966672216672,Leipzig
FRF2,2010-2019,1.125,25.27777777777778,4.7,741.6396103896103,Champagne-Ardenne
IEZZ,2010-2019,1.119047619047619,0.2,0.25,89.28347853836985,IEZZ
DE91,2010-2019,1.1166666666666667,147.38463203463203,58.72539682539682,4009.218449115683,Braunschweig
FRZZ,2010-2019,1.1111111111111112,1.0,0.625,99.68770951270952,FRZZ
DEB1,2010-2019,1.0333333333333332,65.79166666666666,14.103968253968254,2597.879627110935,Koblenz
BG32,2010-2019,1.0,0.0,0.0,25.116666666666664,BG32
EL43,2010-2019,1.0,1.0,0.5,49.85119047619048,EL43
EL53,2010-2019,1.0,0.0,0.0,10.166666666666668,EL53
EL64,2010-2019,1.0,0.0,0.0,20.727777777777778,EL64
ES43,2010-2019,1.0,0.0,0.0,28.20218253968254,Extremadura
HR02,2010-2019,1.0,1.1818181818181819,0.0,47.86038961038961,HR02
HR03,2010-2019,1.0,1.0,0.0,50.25303030303031,HR03
HR05,2010-2019,1.0,2.090909090909091,1.9,126.57197067638245,HR05
ME02,2010-2019,1.0,0.0,0.0,25.485714285714288,ME02
ME11,2010-2019,1.0,0.0,0.0,22.530036630036633,ME11
ME19,2010-2019,1.0,0.5,0.0,102.57651237651237,ME19
ME22,2010-2019,1.0,0.0,0.0,47.21626984126984,ME22
ME27,2010-2019,1.0,0.0,0.0,4.483333333333333,ME27
MEZZ,2010-2019,1.0,0.0,0.0,13.3,MEZZ
NL13,2010-2019,1.0,3.8333333333333335,0.0,268.23814241314244,Drenthe
PL72,2010-2019,1.0,1.0,0.0,54.21128454878455,Swietokrzyskie
RSZZ,2010-2019,1.0,2.0,1.3333333333333335,160.85054112554116,RSZZ
SE32,2010-2019,1.0,5.333333333333334,1.5333333333333334,393.94246031746036,Mellersta Norrland
SK04,2010-2019,0.9857142857142858,2.5833333333333335,0.0,116.71619491619492,Vychodne Slovensko
NLZZ,2010-2019,0.9166666666666667,2.873015873015873,1.75,352.36020229770236,NLZZ
CHZZ,2010-2019,0.9,1.5333333333333332,0.5768115942028986,83.37071213810344,CHZZ
HU33,2010-2019,0.8333333333333334,3.416666666666667,1.8333333333333335,210.8355466428996,Del-Alfold
DEB2,2010-2019,0.7833333333333334,8.578968253968254,0.5333333333333333,572.010064935065,Trier
FRE2,2010-2019,0.7678571428571428,47.72698412698413,9.35952380952381,1649.515884115884,Picardie
EL61,2010-2019,0.75,0.0,0.25,15.266666666666667,EL61
FRD1,2010-2019,0.75,20.14087301587302,12.700000000000001,725.1148989898991,Basse-Normandie
UKE3,2010-2019,0.75,6.016666666666667,2.0,519.0227345753661,South Yorkshire
UKD1,2010-2019,0.7499999999999999,1.4,0.08333333333333334,218.5547619047619,Cumbria
FRI3,2010-2019,0.6722222222222223,23.71666666666667,8.077380952380953,916.2241341991341,Poitou-Charentes
BG34,2010-2019,0.6666666666666667,0.0,0.0,11.366666666666667,BG34
CZ03,2010-2019,0.6666666666666667,1.2227272727272727,0.0,176.49876651126652,Jihozapad
FRC1,2010-2019,0.6111111111111112,42.733333333333334,6.940476190476191,1263.043947718948,Bourgogne
PT1D,2010-2019,0.6111111111111112,1.0,0.5428571428571429,52.28387066150224,PT1D
FRK1,2010-2019,0.5666666666666667,72.35952380952381,12.440476190476192,2688.8099025974025,Auvergne
AT21,2010-2019,0.5333333333333334,19.216666666666665,3.2,792.4753357753357,Karnten
SEZZ,2010-2019,0.5333333333333334,0.0,0.015037593984962405,82.9273921655967,SEZZ
BG33,2010-2019,0.5,0.0,0.0,25.90952380952381,BG33
HU22,2010-2019,0.5,1.7833333333333334,0.25,119.26995679758838,Nyugat-Dunantul
RO22,2010-2019,0.5,0.0,0.0,16.15396825396825,Sud-Est
SE21,2010-2019,0.5,15.077380952380953,4.729166666666667,1360.189384948642,Smaland med oarna
UKF3,2010-2019,0.5,3.0,0.3333333333333333,521.755278055278,Lincolnshire
PT15,2010-2019,0.4444444444444444,0.0,0.0,36.61911976911977,Algarve
BEZZ,2010-2019,0.4,0.0,0.0,44.16898656898658,BEZZ
PL52,2010-2019,0.4,2.0,0.0,73.5363978127136,Opolskie
AT11,2010-2019,0.39285714285714285,7.226190476190477,1.4166666666666667,241.95007215007217,Burgenland
AT34,2010-2019,0.33333333333333337,113.77460317460319,17.750000000000004,2690.363205585264,Vorarlberg
DE22,2010-2019,0.33333333333333337,66.44329004329003,14.291666666666666,2376.3881771694078,Niederbayern
EL54,2010-2019,0.33333333333333337,0.0,0.0,8.176190476190477,EL54
ESZZ,2010-2019,0.33333333333333337,0.75,0.75,25.524732620320854,ESZZ
HU21,2010-2019,0.33333333333333337,1.0833333333333335,1.5555555555555558,119.92844932844932,Kozep-Dunantul
HU31,2010-2019,0.33333333333333337,4.811688311688312,0.25,91.05025062656642,Eszak-Magyarorszag
NO02,2010-2019,0.33333333333333337,0.0,0.0,93.66071428571428,Hedmark og Oppland
UKK2,2010-2019,0.33333333333333337,0.0,0.0,9.2,Dorset and Somerset
FIZZ,2010-2019,0.25,0.0,0.0,25.679615705931493,FIZZ
ME30,2010-2019,0.25,0.0,0.0,9.436446886446888,ME30
UKL3,2010-2019,0.25,2.9333333333333336,0.2,355.33556998557003,UKL3
BG42,2010-2019,0.2,0.0,0.0,39.28333333333334,BG42
DE50,2010-2019,0.2,25.916666666666668,6.03030303030303,789.5363136863137,Bremen
HUZZ,2010-2019,0.2,0.25,0.0,3.9636904761904765,HUZZ
NOZZ,2010-2019,0.2,0.0,0.0,24.271825396825395,NOZZ
EEZZ,2010-2019,0.16666666666666666,0.0,0.33333333333333337,3.8511904761904763,EEZZ
RO41,2010-2019,0.16666666666666666,0.07692307692307693,0.0,24.77671495171495,Sud-Vest Oltenia
LVZZ,2010-2019,0.14285714285714285,0.0,0.0,8.565079365079365,LVZZ
ITF5,2010-2019,0.11111111111111112,0.0,0.0,48.675,Basilicata
ATZZ,2010-2019,0.0,1.6666666666666667,1.0,39.39285714285716,ATZZ
BE34,2010-2019,0.0,2.0,1.0,272.47067099567096,Luxembourg (BE)
BG31,2010-2019,0.0,0.0,0.0,13.583333333333334,BG31
BGZZ,2010-2019,0.0,0.0,0.0,2.8000000000000003,BGZZ
CZZZ,2010-2019,0.0,0.0,0.0,14.942857142857143,CZZZ
DKZZ,2010-2019,0.0,0.0,0.0,40.16352813852815,DKZZ
EL41,2010-2019,0.0,0.0,0.0,0.6666666666666666,EL41
EL42,2010-2019,0.0,0.0,0.0,11.416666666666668,EL42
EL62,2010-2019,0.0,0.0,0.0,3.0,EL62
EL63,2010-2019,0.0,0.0,0.0,49.43968253968254,EL63
ES64,2010-2019,0.0,0.0,0.0,1.3333333333333335,ES64
FI20,2010-2019,0.0,0.0,0.5,19.583333333333336,Aland
FRI2,2010-2019,0.0,34.650000000000006,0.75,421.24126984126985,Limousin
FRM0,2010-2019,0.0,0.0,1.125,36.52857142857143,Corse
FRY1,2010-2019,0.0,0.0,0.0,8.216666666666667,FRY1
FRY2,2010-2019,0.0,0.0,0.0,8.452380952380953,FRY2
FRY3,2010-2019,0.0,0.0,0.0,3.755555555555556,FRY3
FRY4,2010-2019,0.0,1.0,1.0,43.92142857142857,FRY4
FRY5,2010-2019,0.0,0.5833333333333334,0.0,1.5333333333333334,FRY5
HR06,2010-2019,0.0,0.0,0.0,46.27976190476191,HR06
HRZZ,2010-2019,0.0,0.16666666666666666,0.0,3.1166666666666667,HRZZ
HU23,2010-2019,0.0,0.7,0.0,76.60343632975213,Del-Dunantul
ISZZ,2010-2019,0.0,0.0,0.0,3.277777777777778,ISZZ
ITC2,2010-2019,0.0,0.7,0.33333333333333337,65.95884948384949,Valle d'Aosta
LI00,2010-2019,0.0,0.0,0.0,0.5,LI00
LIZZ,2010-2019,0.0,16.583333333333336,1.6666666666666667,443.5948412698413,LIZZ
ME01,2010-2019,0.0,0.0,0.0,15.416666666666668,ME01
ME04,2010-2019,0.0,0.0,0.0,1.0,ME04
ME05,2010-2019,0.0,0.0,0.0,23.833333333333332,ME05
ME06,2010-2019,0.0,0.0,0.0,0.6428571428571428,ME06
ME07,2010-2019,0.0,0.0,0.0,1.6666666666666667,ME07
ME08,2010-2019,0.0,0.0,0.0,42.84160561660561,ME08
ME10,2010-2019,0.0,0.0,0.0,0.7,ME10
ME13,2010-2019,0.0,0.0,0.0,3.516666666666667,ME13
ME16,2010-2019,0.0,0.0,0.0,6.333333333333334,ME16
ME17,2010-2019,0.0,0.0,0.0,8.998534798534799,ME17
ME18,2010-2019,0.0,0.0,0.0,0.25,ME18
ME20,2010-2019,0.0,0.0,0.0,1.5,ME20
ME21,2010-2019,0.0,0.0,0.0,37.88939393939395,ME21
ME23,2010-2019,0.0,0.0,0.0,1.0,ME23
ME24,2010-2019,0.0,0.0,0.0,13.01031746031746,ME24
ME25,2010-2019,0.0,0.0,0.0,1.6666666666666667,ME25
ME26,2010-2019,0.0,0.0,0.0,13.135714285714286,ME26
ME28,2010-2019,0.0,0.0,0.0,21.651190476190475,ME28
ME29,2010-2019,0.0,0.0,1.0,5.083333333333334,ME29
ME31,2010-2019,0.0,0.0,0.0,10.660256410256412,ME31
ME32,2010-2019,0.0,0.0,0.0,0.07692307692307693,ME32
MKZZ,2010-2019,0.0,0.0,0.0,10.511904761904763,MKZZ
MTZZ,2010-2019,0.0,0.0,0.0,27.166666666666668,MTZZ
PLZZ,2010-2019,0.0,0.25,0.0,16.215956265956265,PLZZ
PT20,2010-2019,0.0,0.0,0.0,6.0,Acores
PT30,2010-2019,0.0,0.0,1.0,6.366666666666667,Madeira
RO31,2010-2019,0.0,0.47692307692307695,0.0,44.782417582417594,Sud-Muntenia
ROZZ,2010-2019,0.0,0.07692307692307693,0.33333333333333337,10.057875457875456,ROZZ
SIZZ,2010-2019,0.0,0.0,0.0,5.592857142857143,SIZZ
SKZZ,2010-2019,0.0,0.0,0.0,3.892857142857143,SKZZ
UKC1,2010-2019,0.0,0.0,0.0,6.733766233766235,Tees Valley and Durham
UKK1,2010-2019,0.0,0.0,1.1428571428571428,34.502518315018314,"Gloucestershire, Wiltshire"
UKK3,2010-2019,0.0,1.8666666666666665,1.25,195.50203634085213,Cornwall and Isles of Scilly
UKM6,2010-2019,0.0,0.0,0.0,1.0,Highlands and Islands
NL41,2020-2029,90.66666666666666,38.2,39.0,10631.227014709166,Noord-Brabant
ITC4,2020-2029,86.88571428571429,20.799999999999997,6.666666666666667,6724.046699134199,Lombardia
UKI3,2020-2029,81.91217948717949,24.383333333333333,6.75,3843.172478338655,Inner London
DE12,2020-2029,77.475,40.38333333333333,9.483333333333334,5958.892114451596,Karlsruhe
ES51,2020-2029,65.86666666666667,2.166666666666667,3.0,2750.513005424228,Cataluna
FR10,2020-2029,65.82142857142858,83.36190476190477,12.25,15710.171016363625,Ile-de-France
DE21,2020-2029,65.57803030303032,103.95,25.194444444444443,13640.713781963874,Oberbayern
ES30,2020-2029,51.35,1.0,5.416666666666667,1731.0947964754544,Madrid
FRL0,2020-2029,44.84285714285714,14.583333333333334,8.166666666666668,2480.1335997336,Provence-Alpes-Cote d'Azur
SE22,2020-2029,34.75,18.15,13.283333333333331,2901.414071160034,Sydsverige
ITH5,2020-2029,34.49285714285715,14.85,1.0,4517.883536793444,Emilia-Romagna
ITH3,2020-2029,31.000000000000004,6.75,0.75,3108.977003754945,Veneto
CH01,2020-2029,30.85238095238095,15.708333333333334,2.0,3375.0742313242313,Region lemanique
DE71,2020-2029,29.060714285714287,21.007142857142856,5.816666666666667,5719.134147633413,Darmstadt
ITI4,2020-2029,27.650000000000002,7.0,3.0,1110.5529963868753,Lazio
DE30,2020-2029,25.595238095238095,29.686111111111117,10.722222222222223,3547.6857184782884,Berlin
ITC1,2020-2029,24.78333333333333,4.4,0.0,2236.9614273583315,Piemonte
IE06,2020-2029,24.676190476190477,3.5,4.0,1031.9170280012386,Eastern and Midland
CH04,2020-2029,23.85,20.5,2.3333333333333335,3668.5498510304624,Zurich
UKI4,2020-2029,22.34285714285714,1.3333333333333335,2.3333333333333335,1034.0503064391437,Outer London - East
DK01,2020-2029,21.450000000000003,5.5,2.0,3479.807201132201,Hovedstaden
FI1B,2020-2029,20.416666666666668,10.021428571428572,9.883333333333333,3493.224538358467,Helsinki-Uusimaa
SE11,2020-2029,20.4,27.511904761904763,11.25,4281.76801248226,Stockholm
DEA2,2020-2029,20.385714285714286,28.21111111111111,6.5,4881.844931086777,Koln
NL32,2020-2029,20.31666666666667,4.833333333333334,0.5,1496.238645447484,Noord-Holland
NL22,2020-2029,19.7,5.5,1.0,1938.5626257800172,Gelderland
ES52,2020-2029,19.0,1.0,1.0,771.974623987124,Comunitat Valenciana
MT00,2020-2029,18.0,0.0,0.0,79.92619047619047,MT00
DE25,2020-2029,17.4,37.67698412698413,4.916666666666667,4529.92824394568,Mittelfranken
AT31,2020-2029,17.25,16.733333333333334,1.0,2416.8824120324125,Oberosterreich
UKJ1,2020-2029,16.61111111111111,26.91666666666667,3.083333333333334,2918.6376203688424,"Berkshire, Bucks and Oxon"
SE23,2020-2029,16.485714285714288,13.2,5.666666666666667,4014.1088672118926,Vastsverige
NL36,2020-2029,16.211904761904762,7.95,0.25,2311.2183533857446,NL36
BE24,2020-2029,16.066666666666666,2.5,4.5,1545.490616736205,Vlaams-Brabant
ES61,2020-2029,16.04491341991342,0.3666666666666667,1.0,561.6837369501843,Andalucia
DE60,2020-2029,16.04047619047619,14.317460317460318,1.5,2394.9586191586195,Hamburg
PL91,2020-2029,15.916666666666668,1.0,1.0,614.8557066617593,Warszawski stoleczny
FRK2,2020-2029,15.392857142857142,47.800000000000004,5.642857142857142,8347.78310676252,Rhone-Alpes
UKH2,2020-2029,13.902380952380954,1.25,2.0,1042.898890966736,Bedfordshire and Hertfordshire
ITC3,2020-2029,13.433333333333334,2.75,0.0,511.5268786768787,Liguria
UKJ2,2020-2029,13.3,4.333333333333334,15.5,1412.111117233686,"Surrey, E/W Sussex"
NL35,2020-2029,13.0,1.75,0.25,778.0725891440413,NL35
CH02,2020-2029,12.907142857142858,19.46666666666667,5.666666666666667,3259.1608904983905,Espace Mittelland
UKH4,2020-2029,12.816666666666666,5.5773809523809526,5.666666666666666,2142.2673101826636,UKH4
PT11,2020-2029,12.767857142857142,0.14285714285714285,1.0,527.5659398479058,Norte
FRH0,2020-2029,12.642857142857142,7.833333333333333,5.0,1980.7699243137326,Bretagne
DE11,2020-2029,12.416666666666666,96.29027777777777,13.149999999999999,8897.635040548546,Stuttgart
EL30,2020-2029,12.189130434782609,1.0,2.3333333333333335,498.96308425873644,EL30
DE13,2020-2029,12.00952380952381,35.71666666666667,1.4333333333333336,4397.321882709268,Freiburg
LT02,2020-2029,11.777884615384615,0.0,0.0,101.06659312909314,LT02
EE00,2020-2029,11.408333333333333,0.0,0.0,234.55119047619047,EE00
NO08,2020-2029,11.166666666666668,8.25,1.5,964.8441316195399,NO08
UKJ3,2020-2029,11.0,4.458333333333334,8.5,1156.587005100163,Hampshire and Isle of Wight
CH03,2020-2029,10.914285714285715,13.666666666666668,0.0,3172.5695224642323,Nordwestschweiz
CH05,2020-2029,10.866666666666667,12.116666666666667,1.5,2097.199250928283,Ostschweiz
UKI1,2020-2029,10.825,0.25,0.6666666666666667,191.44963457595037,Inner London - West
LT01,2020-2029,10.388782051282053,0.0,0.0,223.28658147408146,LT01
FRE1,2020-2029,9.85,4.1000000000000005,0.0,960.9614579864581,Nord-Pas-de-Calais
IE05,2020-2029,9.655952380952382,3.0,0.6666666666666666,660.605103350382,Southern
DK04,2020-2029,9.5,16.283333333333335,5.25,1814.8217532467534,Midtjylland
BE22,2020-2029,9.0,0.0,0.0,415.9357142857143,Limburg (BE)
PL21,2020-2029,8.785714285714285,0.625,0.0,800.280815383447,Malopolskie
DEA1,2020-2029,8.65952380952381,51.16391941391941,8.083333333333334,4903.8893451448785,Dusseldorf
ES21,2020-2029,8.583333333333334,2.0,4.0,831.5624333999333,Pais Vasco
FRJ2,2020-2029,8.5,22.083333333333332,1.25,2170.0850173547433,Midi-Pyrenees
BE23,2020-2029,8.25,2.75,0.25,1299.852403152403,Oost-Vlaanderen
AT13,2020-2029,7.958333333333333,5.333333333333333,1.0,1319.0967121958502,Wien
CH06,2020-2029,7.791666666666667,10.883333333333333,0.0,1458.0451631701633,Zentralschweiz
SE21,2020-2029,7.785714285714286,3.25,0.25,597.6212841790207,Smaland med oarna
NO0A,2020-2029,7.733333333333334,7.0,0.0,838.1508603423896,NO0A
DK03,2020-2029,7.7,5.333333333333334,0.0,1417.323484848485,Syddanmark
PL71,2020-2029,7.666666666666667,0.125,1.0,197.755337995338,Lodzkie
ITH4,2020-2029,7.583333333333334,0.5,0.0,718.6659983429024,Friuli-Venezia Giulia
ES24,2020-2029,7.5,2.666666666666667,1.0,342.11743811743816,Aragon
ITI1,2020-2029,7.466666666666667,1.0,0.25,1469.3257440658758,Toscana
BE25,2020-2029,7.0,4.583333333333334,0.0,1002.4565369271252,West-Vlaanderen
RO21,2020-2029,6.875,0.0,0.0,73.90833333333333,Nord-Est
BE21,2020-2029,6.833333333333333,2.0,4.25,1481.304939646669,Antwerpen
PT1A,2020-2029,6.638528138528138,0.5,0.0,235.82333630421866,PT1A
ITG1,2020-2029,6.4,0.5,0.33333333333333337,398.2218086437127,Sicilia
UKC4,2020-2029,6.333333333333334,5.2,1.0,524.7494240059458,UKC4
UKI7,2020-2029,6.0,1.5833333333333335,1.8333333333333335,466.4591767029267,Outer London
SE12,2020-2029,5.833333333333334,6.785714285714286,5.461904761904762,2030.4402526616093,Ostra Mellansverige
NL42,2020-2029,5.75,1.125,1.5,1244.791638916639,Limburg (NL)
ITI3,2020-2029,5.7272727272727275,2.0,1.0,497.7572059605341,Marche
PT19,2020-2029,5.65,0.14285714285714285,0.0,328.03804437736324,PT19
UKD7,2020-2029,5.5,1.0,0.0,273.10476190476186,Merseyside
IE04,2020-2029,5.25,0.0,0.0,534.1376080489857,Northern and Western
ITF1,2020-2029,5.25,0.0,0.6666666666666667,395.6917467465455,Abruzzo
LV00,2020-2029,5.25,0.0,0.0,133.8580280830281,LV00
BG41,2020-2029,5.2,1.5,0.65,184.55714285714288,BG41
UKK6,2020-2029,5.083333333333333,2.0,0.0,316.01499333999334,UKK6
RO32,2020-2029,4.708333333333334,0.0,0.0,121.67619406737055,Bucuresti-Ilfov
DEB3,2020-2029,4.666666666666667,11.067857142857143,1.0,3305.4007694632955,Rheinhessen-Pfalz
FRB0,2020-2029,4.666666666666667,10.555555555555555,1.0,928.5925685425685,Centre-Val de Loire
ES41,2020-2029,4.658333333333333,1.0,0.0,176.64735542235542,Castilla y Leon
DEF0,2020-2029,4.642857142857142,14.377777777777778,1.5,1805.4710997335997,Schleswig-Holstein
SI04,2020-2029,4.636363636363637,1.0,0.0,409.2360861360861,Zahodna Slovenija
ES22,2020-2029,4.625,0.0,0.6666666666666667,318.195115995116,Navarra
FRJ1,2020-2029,4.583333333333334,0.5,0.0,695.8159812409813,Languedoc-Roussillon
ITF4,2020-2029,4.55,1.5,0.0,346.2625319125319,Puglia
FI1D,2020-2029,4.5,8.404761904761905,3.25,1042.1275974025975,Pohjois- ja Ita-Suomi
BE31,2020-2029,4.466666666666667,0.0,0.25,435.87784715284715,Brabant wallon
DEA5,2020-2029,4.333333333333334,35.3459706959707,0.16666666666666666,3503.615593440787,Arnsberg
FI19,2020-2029,4.333333333333334,3.25,5.25,1446.5044372294374,Lansi-Suomi
DK02,2020-2029,4.2,1.5,0.0,308.4242063492064,Sjaelland
RO12,2020-2029,4.1,0.0,0.25,51.641666666666666,Centru
UKF1,2020-2029,4.066666666666667,4.5,2.0,1336.2099847220204,Derbyshire and Nottinghamshire
DEG0,2020-2029,4.0,3.672222222222222,0.5,1171.0759264814992,Thuringen
ES11,2020-2029,4.0,0.0,0.0,263.09649859943977,Galicia
CH07,2020-2029,3.8166666666666664,1.0,1.0,425.75438172938175,Ticino
PL22,2020-2029,3.797619047619048,3.325,0.0,270.9081270037152,Slaskie
FI1C,2020-2029,3.75,2.666666666666667,1.0,714.2161227661228,Etela-Suomi
ITF3,2020-2029,3.75,2.5,1.3333333333333335,545.2622821622822,Campania
UKK7,2020-2029,3.666666666666667,4.7,0.5333333333333334,754.5385715591599,UKK7
AT12,2020-2029,3.5833333333333335,8.566666666666666,0.0,1293.734145021645,Niederosterreich
FRG0,2020-2029,3.5011904761904766,12.458333333333336,0.0,1300.9463034041983,Pays de la Loire
DE40,2020-2029,3.491666666666667,9.883333333333335,0.0,1073.2723363839461,Brandenburg
PL81,2020-2029,3.366666666666667,0.0,0.0,46.5515873015873,Lubelskie
UKL5,2020-2029,3.3333333333333335,1.2,0.0,335.78531746031746,UKL5
UKF2,2020-2029,3.2666666666666666,1.8107142857142855,0.0,334.45218253968255,Leicestershire
AT32,2020-2029,3.25,2.2500000000000004,0.0,511.98380785880784,Salzburg
ME09,2020-2029,3.2222222222222223,0.0,0.0,58.660317460317465,ME09
BE33,2020-2029,3.2,0.5,0.25,597.2503968253968,Liege
UKH3,2020-2029,3.166666666666667,1.5,0.0,293.86360870513795,Essex
UKI6,2020-2029,3.166666666666667,1.5,0.0,173.33321123321124,Outer London - West
PL61,2020-2029,3.1666666666666665,0.875,0.0,66.77032967032967,Kujawsko-Pomorskie
DE14,2020-2029,3.0928571428571425,34.88809523809525,0.4,3500.3254373077903,Tubingen
FRI1,2020-2029,3.0833333333333335,4.0,1.0,1226.4827162603478,Aquitaine
HU11,2020-2029,3.0833333333333335,2.0,2.166666666666667,466.515594924658,Budapest
CZ05,2020-2029,3.0,3.777777777777778,0.0,241.07819632058764,Severovychod
DE72,2020-2029,3.0,9.583333333333334,0.0,1202.6696932152815,Giessen
EL43,2020-2029,3.0,0.0,0.0,38.85741758241758,EL43
ME14,2020-2029,3.0,0.0,0.0,40.38617934353229,ME14
NL11,2020-2029,3.0,0.0,0.0,187.7749589490969,Groningen
NL21,2020-2029,3.0,1.75,0.0,602.9775574099103,Overijssel
UKG3,2020-2029,3.0,3.2,1.2,802.339590964591,West Midlands
UKH6,2020-2029,3.0,1.125,0.0,136.73126710454295,UKH6
AT22,2020-2029,2.961904761904762,5.333333333333334,2.0,1586.5401515151516,Steiermark
CZ01,2020-2029,2.8761904761904766,0.16666666666666666,0.0,294.3367100926025,Praha
HU12,2020-2029,2.833333333333334,1.0,0.5,197.66408046630795,Pest
FRE2,2020-2029,2.8333333333333335,4.5,0.0,632.4997113997114,Picardie
PL63,2020-2029,2.7916666666666665,0.0,1.0,273.7594153997018,Pomorskie
DE27,2020-2029,2.7,19.6,2.3333333333333335,2719.7606922489276,Schwaben
CZ03,2020-2029,2.666666666666667,1.0,0.0,115.32341450819712,Jihozapad
DE92,2020-2029,2.5833333333333335,18.183333333333334,1.1666666666666667,2889.458723629312,Hannover
UKE4,2020-2029,2.5833333333333335,2.0,0.0,355.92858837069366,West Yorkshire
UKN0,2020-2029,2.572649572649573,3.3333333333333335,0.0,365.6322816072816,Northern Ireland
PL51,2020-2029,2.571428571428571,0.125,0.0,534.3454837542918,Dolnoslaskie
ITI2,2020-2029,2.5,0.0,0.0,182.68016428016426,Umbria
NLZZ,2020-2029,2.45,0.25,1.0,296.00123252351517,NLZZ
HU21,2020-2029,2.375,0.0,0.5,54.6417803814543,Kozep-Dunantul
CZ02,2020-2029,2.3428571428571425,1.5,0.0,170.65871800459902,Stredni Cechy
DE91,2020-2029,2.3333333333333335,34.19722222222222,1.916666666666667,2157.7270580726463,Braunschweig
FRF3,2020-2029,2.3333333333333335,7.583333333333334,0.0,655.6700195229607,Lorraine
FRK1,2020-2029,2.3333333333333335,1.0,0.0,887.4459368117264,Auvergne
LTZZ,2020-2029,2.3333333333333335,0.0,0.0,32.68452380952381,LTZZ
UKF3,2020-2029,2.3333333333333335,0.14285714285714285,0.0,89.4232142857143,Lincolnshire
UKG1,2020-2029,2.3,0.4,0.0,386.17230167493324,Herefordshire
DEA4,2020-2029,2.25,37.93333333333333,0.5,2999.9156139182455,Detmold
FRC1,2020-2029,2.25,3.95,0.0,356.62716450216453,Bourgogne
DE23,2020-2029,2.217857142857143,25.25952380952381,0.0,1955.41375732111,Oberpfalz
BG42,2020-2029,2.2,0.0,0.0,33.366666666666674,BG42
ES23,2020-2029,2.2,0.0,0.0,31.705194805194807,La Rioja
EL61,2020-2029,2.0434782608695654,0.0,0.0,9.243478260869564,EL61
EL52,2020-2029,2.0072463768115942,1.0,0.0,108.36438923395445,EL52
DE93,2020-2029,2.0,8.333333333333334,0.0,792.0888961313884,Luneburg
DED5,2020-2029,2.0,1.7,0.0,326.0086940836941,Leipzig
ES42,2020-2029,2.0,0.0,0.0,74.26611111111112,Castilla-La Mancha
HU33,2020-2029,2.0,1.0,0.0,129.3671557550759,Del-Alfold
LVZZ,2020-2029,2.0,0.0,0.0,13.450000000000001,LVZZ
PL62,2020-2029,2.0,0.0,0.0,20.011081402257876,Warminsko-Mazurskie
SE33,2020-2029,2.0,1.666666666666667,0.0,399.3341868449011,Ovre Norrland
SI03,2020-2029,2.0,0.0,0.0,358.20815018315017,Vzhodna Slovenija
SK04,2020-2029,2.0,0.5,0.0,105.6440947940948,Vychodne Slovensko
UKK5,2020-2029,2.0,2.75,1.3333333333333335,840.7021686646688,UKK5
PL41,2020-2029,1.9761904761904763,0.0,0.0,178.2721361971362,Wielkopolskie
BE32,2020-2029,1.9666666666666668,1.5,0.0,392.9313131313131,Hainaut
PL43,2020-2029,1.925,0.0,0.0,77.22777777777779,Lubuskie
ITG2,2020-2029,1.9166666666666667,0.0,0.0,59.81584249084249,Sardegna
PL52,2020-2029,1.9107142857142856,0.0,0.0,62.24166666666667,Opolskie
BE10,2020-2029,1.8928571428571428,2.166666666666667,1.4714285714285715,655.4681100761983,Bruxelles
PT1C,2020-2029,1.8906926406926405,0.0,0.0,38.93371530430353,PT1C
PT1D,2020-2029,1.7742424242424242,0.0,0.0,51.211368103860366,PT1D
RO11,2020-2029,1.7651515151515154,0.0,0.0,41.21554834054834,Nord-Vest
DE24,2020-2029,1.75,8.95,0.6666666666666666,1388.6509712509715,Oberfranken
DED2,2020-2029,1.75,12.204761904761904,1.0,1402.946302716891,Dresden
IEZZ,2020-2029,1.7,0.0,0.0,90.71161649667842,IEZZ
PTZZ,2020-2029,1.6893939393939394,0.0,0.0,40.73069985569987,PTZZ
FRD1,2020-2029,1.6428571428571428,0.0,1.0,246.64872294372296,Basse-Normandie
ME19,2020-2029,1.6,0.5,0.0,33.19761904761905,ME19
EL63,2020-2029,1.5833333333333335,0.0,0.0,28.792460317460318,EL63
DEC0,2020-2029,1.5,5.0,0.0,432.96750275867925,Saarland
FRC2,2020-2029,1.5,5.033333333333334,1.0,693.8790515040515,Franche-Comte
ITZZ,2020-2029,1.5,0.0,0.0,57.75,ITZZ
SK01,2020-2029,1.5,1.0,1.0,110.96468253968254,Bratislavsky kraj
UKD3,2020-2029,1.5,2.5833333333333335,0.0,509.67387292214516,Greater Manchester
UKJ4,2020-2029,1.5,2.5,0.0,343.1000934250934,Kent
CZ04,2020-2029,1.4285714285714286,0.0,0.0,35.394719169719174,Severozapad
EL65,2020-2029,1.4,0.0,0.0,7.616666666666666,EL65
UKH5,2020-2029,1.4,0.0,0.0,173.0618131868132,UKH5
DK05,2020-2029,1.3333333333333335,7.000000000000001,2.1666666666666665,984.3929986679988,Nordjylland
NO06,2020-2029,1.3333333333333335,1.0,0.0,305.58452380952383,Trondelag
UKD6,2020-2029,1.3333333333333335,2.6666666666666665,0.0,355.52471139971146,Cheshire
UKM3,2020-2029,1.3333333333333335,1.5,0.0,228.5447191697192,South Western Scotland
UKM1,2020-2029,1.2857142857142856,4.166666666666667,1.5,443.0686327561328,UKM1
UKI5,2020-2029,1.2833333333333332,0.0,0.8,109.33241260655055,Outer London - South
DE26,2020-2029,1.25,20.469444444444445,0.8,1772.6531579531581,Unterfranken
DEZZ,2020-2029,1.25,0.0,0.0,223.57710345210347,DEZZ
ES62,2020-2029,1.25,0.0,1.0,146.46031746031747,Murcia
HR06,2020-2029,1.25,0.0,0.0,47.695238095238096,HR06
DE50,2020-2029,1.2333333333333334,2.375,0.0,356.6733006759323,Bremen
RSZZ,2020-2029,1.1666666666666667,0.16666666666666666,0.0,92.55239368474662,RSZZ
AT33,2020-2029,1.0,3.75,0.0,596.9982683982685,Tirol
AT34,2020-2029,1.0,15.5,1.5,1416.9285103785105,Vorarlberg
CZ06,2020-2029,1.0,2.0,0.0,248.86224053724055,Jihovychod
DE73,2020-2029,1.0,7.5,0.0,893.6814282939283,Kassel
DEA3,2020-2029,1.0,25.485714285714288,0.0,2270.229643559055,Munster
DEB2,2020-2029,1.0,0.7,0.0,313.07174475850945,Trier
ES12,2020-2029,1.0,0.0,0.0,145.5470342522974,Asturias
ES53,2020-2029,1.0,0.0,0.0,62.48679653679654,Illes Balears
ES70,2020-2029,1.0,1.0,0.0,76.06111111111112,Canarias
ESZZ,2020-2029,1.0,0.0,0.0,32.224206349206355,ESZZ
HR02,2020-2029,1.0,0.0,0.0,22.686694677871145,HR02
HU22,2020-2029,1.0,0.0,0.0,43.312855645263866,Nyugat-Dunantul
IS02,2020-2029,1.0,0.6666666666666667,0.0,73.52619047619048,IS02
ITF2,2020-2029,1.0,0.0,0.0,19.701659451659452,Molise
ITH1,2020-2029,1.0,3.0,0.0,335.45198412698414,Provincia di Bolzano
LU00,2020-2029,1.0,2.9523809523809526,0.0,546.9346759520673,Luxembourg
ME15,2020-2029,1.0,0.0,0.0,21.457936507936505,ME15
ME25,2020-2029,1.0,0.0,0.0,1.0,ME25
ME31,2020-2029,1.0,0.0,0.0,4.333333333333333,ME31
MEZZ,2020-2029,1.0,0.0,0.0,11.333333333333334,MEZZ
NL12,2020-2029,1.0,0.0,0.0,139.02588702147526,Friesland
NL13,2020-2029,1.0,0.0,0.0,118.66709956709957,Drenthe
NO07,2020-2029,1.0,1.0,0.0,70.23333333333333,Nord-Norge
PL82,2020-2029,1.0,0.125,0.0,90.79647574647575,Podkarpackie
SK02,2020-2029,1.0,0.0,0.0,126.12811355311354,Zapadne Slovensko
UKK4,2020-2029,1.0,1.5,0.0,184.78214285714284,Devon
UKM0,2020-2029,1.0,1.8333333333333335,0.0,240.63169915832958,UKM0
EEZZ,2020-2029,0.9166666666666667,0.0,0.0,17.726190476190474,EEZZ
SE31,2020-2029,0.9,1.0,0.0,623.6177063132945,Norra Mellansverige
PLZZ,2020-2029,0.8333333333333334,0.0,0.0,35.251283846872084,PLZZ
UKE3,2020-2029,0.8333333333333334,3.0,0.0,284.6381465756466,South Yorkshire
FRI2,2020-2029,0.8,1.0,0.0,147.8781512605042,Limousin
MKZZ,2020-2029,0.8,0.0,0.0,9.05,MKZZ
RO22,2020-2029,0.6818181818181819,0.0,0.0,7.849675324675325,Sud-Est
FRF2,2020-2029,0.6666666666666667,3.5,0.0,286.588260758849,Champagne-Ardenne
UKM9,2020-2029,0.6666666666666667,0.0,0.0,60.43210180623974,UKM9
DE22,2020-2029,0.6666666666666666,11.033333333333335,1.3333333333333335,1048.3880018674138,Niederbayern
AT11,2020-2029,0.5,1.0,0.0,96.76547619047619,Burgenland
FIZZ,2020-2029,0.5,0.0,0.0,33.49226963512678,FIZZ
HR05,2020-2029,0.5,0.0,0.0,100.63333333333333,HR05
PT15,2020-2029,0.5,0.0,0.0,31.776874003189793,Algarve
UKC3,2020-2029,0.5,1.7083333333333333,0.0,161.1126497898237,UKC3
UKM2,2020-2029,0.5,1.6666666666666667,0.0,99.97640415140415,Eastern Scotland
IE01,2020-2029,0.4761904761904762,0.0,0.0,72.92012797144378,IE01
SEZZ,2020-2029,0.4761904761904762,0.0,0.0,76.43208616780046,SEZZ
CHZZ,2020-2029,0.4,0.0,0.0,44.219539937187,CHZZ
EL54,2020-2029,0.4,0.0,0.0,9.688888888888888,EL54
NO02,2020-2029,0.4,0.0,0.0,51.11330481375854,Hedmark og Oppland
RO31,2020-2029,0.4,0.0,0.0,26.627380952380953,Sud-Muntenia
ES43,2020-2029,0.375,0.0,0.0,15.909523809523808,Extremadura
FRD2,2020-2029,0.33333333333333337,4.333333333333334,0.0,780.7197539302803,Haute-Normandie
FRZZ,2020-2029,0.33333333333333337,0.0,0.0,67.7090048840049,FRZZ
ITH2,2020-2029,0.33333333333333337,0.0,0.0,261.48849206349206,Provincia di Trento
ME29,2020-2029,0.33333333333333337,0.0,0.0,2.5,ME29
UKG2,2020-2029,0.33333333333333337,0.0,0.0,364.27449813258636,Shropshire and Staffordshire
UKL3,2020-2029,0.33333333333333337,0.25,0.0,197.06233766233765,UKL3
IE02,2020-2029,0.2833333333333333,0.0,0.3333333333333333,54.10483030041854,IE02
FRF1,2020-2029,0.25,5.483333333333334,0.0,1096.9386197136196,Alsace
HR03,2020-2029,0.25,1.0,0.0,42.2125,HR03
NL23,2020-2029,0.25,0.5,0.0,109.32777777777777,Flevoland
SE32,2020-2029,0.25,1.0,0.0,171.68993316624898,Mellersta Norrland
BE35,2020-2029,0.2,0.33333333333333337,0.0,141.67857142857144,Namur
FRY1,2020-2029,0.2,0.0,0.0,5.233333333333333,FRY1
ITF6,2020-2029,0.2,1.0,0.0,73.08022931660702,Calabria
PL92,2020-2029,0.16666666666666666,0.0,0.0,96.61695336826917,Mazowiecki
CZ07,2020-2029,0.14285714285714285,0.2,0.0,185.5313492063492,Stredni Morava
ME22,2020-2029,0.14285714285714285,0.25,0.0,40.8726911976912,ME22
UKK3,2020-2029,0.11111111111111112,0.5,0.0,48.06843434343435,Cornwall and Isles of Scilly
EL64,2020-2029,0.043478260869565216,0.0,0.0,14.565700483091788,EL64
AT21,2020-2029,0.0,5.2,0.6666666666666667,582.8619047619047,Karnten
ATZZ,2020-2029,0.0,0.0,0.0,16.38452380952381,ATZZ
BE34,2020-2029,0.0,0.0,0.0,98.81398225957051,Luxembourg (BE)
BEZZ,2020-2029,0.0,0.0,0.0,48.7388888888889,BEZZ
BG31,2020-2029,0.0,0.0,0.25,0.5595238095238095,BG31
BG32,2020-2029,0.0,0.5,0.0,11.176190476190476,BG32
BG33,2020-2029,0.0,0.9,0.0,13.021703296703297,BG33
BG34,2020-2029,0.0,0.5,0.0,4.066666666666666,BG34
BGZZ,2020-2029,0.0,0.0,0.0,0.9166666666666666,BGZZ
CY00,2020-2029,0.0,0.0,0.0,95.56829004329005,CY00
CZ08,2020-2029,0.0,0.0,0.0,111.71825396825398,Moravskoslezsko
CZZZ,2020-2029,0.0,0.0,0.0,11.449662592309654,CZZZ
DE80,2020-2029,0.0,1.7500000000000004,0.5,304.00389610389607,Mecklenburg-Vorpommern
DE94,2020-2029,0.0,17.991666666666667,0.25,1471.7022235934,Weser-Ems
DEB1,2020-2029,0.0,7.000000000000001,0.0,1016.378232122195,Koblenz
DED4,2020-2029,0.0,3.3095238095238098,0.0,554.4981601731602,Chemnitz
DEE0,2020-2029,0.0,3.8230158730158736,0.0,474.78211951447247,Sachsen-Anhalt
DKZZ,2020-2029,0.0,0.0,0.0,51.01753246753247,DKZZ
EL41,2020-2029,0.0,0.0,0.0,1.0,EL41
EL42,2020-2029,0.0,0.0,0.0,4.033333333333333,EL42
EL51,2020-2029,0.0,0.0,0.0,15.01880341880342,EL51
EL53,2020-2029,0.0,0.0,0.0,1.25,EL53
EL62,2020-2029,0.0,0.0,0.0,0.2,EL62
ES13,2020-2029,0.0,0.0,0.0,76.8690836940837,Cantabria
FI20,2020-2029,0.0,0.0,0.0,4.0,Aland
FRI3,2020-2029,0.0,5.416666666666667,0.0,452.4453634085213,Poitou-Charentes
FRM0,2020-2029,0.0,0.0,0.0,15.992857142857144,Corse
FRY2,2020-2029,0.0,0.0,0.0,4.257575757575758,FRY2
FRY3,2020-2029,0.0,0.0,0.0,0.8571428571428571,FRY3
FRY4,2020-2029,0.0,0.0,0.0,16.423809523809524,FRY4
FRY5,2020-2029,0.0,0.0,0.0,0.5,FRY5
HRZZ,2020-2029,0.0,0.0,0.0,6.625,HRZZ
HU23,2020-2029,0.0,0.0,0.0,17.740873015873014,Del-Dunantul
HU31,2020-2029,0.0,0.0,0.33333333333333337,21.527736726874654,Eszak-Magyarorszag
HU32,2020-2029,0.0,0.0,0.0,48.3252886002886,Eszak-Alfold
HUZZ,2020-2029,0.0,0.0,0.0,1.6,HUZZ
IS01,2020-2029,0.0,2.3333333333333335,0.0,83.78928571428571,IS01
ISZZ,2020-2029,0.0,0.0,0.0,2.4261904761904765,ISZZ
ITC2,2020-2029,0.0,0.0,0.0,22.726190476190474,Valle d'Aosta
ITF5,2020-2029,0.0,0.0,0.0,27.46984126984127,Basilicata
LIZZ,2020-2029,0.0,0.41666666666666663,0.0,148.89835164835165,LIZZ
ME01,2020-2029,0.0,0.0,0.0,9.0,ME01
ME02,2020-2029,0.0,0.45,0.0,10.933333333333332,ME02
ME03,2020-2029,0.0,0.0,0.0,0.4,ME03
ME05,2020-2029,0.0,0.0,0.0,6.146428571428571,ME05
ME07,2020-2029,0.0,0.0,0.0,1.45,ME07
ME08,2020-2029,0.0,0.0,0.0,23.9468253968254,ME08
ME10,2020-2029,0.0,0.0,0.0,1.0,ME10
ME11,2020-2029,0.0,0.0,0.0,11.166666666666668,ME11
ME13,2020-2029,0.0,0.0,0.0,0.975,ME13
ME16,2020-2029,0.0,0.0,0.0,3.4611111111111112,ME16
ME17,2020-2029,0.0,0.0,0.0,2.666666666666667,ME17
ME18,2020-2029,0.0,0.0,0.0,0.5,ME18
ME20,2020-2029,0.0,0.0,0.0,0.2,ME20
ME21,2020-2029,0.0,0.0,0.0,11.587301587301587,ME21
ME23,2020-2029,0.0,0.0,0.0,1.25,ME23
ME24,2020-2029,0.0,0.0,0.0,6.375,ME24
ME26,2020-2029,0.0,0.0,0.0,2.0,ME26
ME27,2020-2029,0.0,0.0,0.0,1.0,ME27
ME28,2020-2029,0.0,0.0,0.0,4.072222222222222,ME28
ME30,2020-2029,0.0,0.0,0.0,4.35,ME30
MTZZ,2020-2029,0.0,0.0,0.0,26.250000000000004,MTZZ
NL34,2020-2029,0.0,0.0,0.0,116.73098845598847,NL34
NO09,2020-2029,0.0,2.1666666666666665,0.0,344.3138278388278,NO09
NOZZ,2020-2029,0.0,0.0,0.0,21.75,NOZZ
PL42,2020-2029,0.0,0.0,0.0,27.756782106782104,Zachodniopomorskie
PL72,2020-2029,0.0,0.0,0.0,34.10189088689089,Swietokrzyskie
PL84,2020-2029,0.0,0.0,0.0,29.290293040293044,Podlaskie
PT1B,2020-2029,0.0,0.0,0.0,49.925872167048645,PT1B
PT20,2020-2029,0.0,0.0,0.0,1.45,Acores
PT30,2020-2029,0.0,0.0,0.0,4.89090909090909,Madeira
RO41,2020-2029,0.0,0.0,0.0,9.816666666666668,Sud-Vest Oltenia
RO42,2020-2029,0.0,0.0,0.0,42.505158730158726,Vest
ROZZ,2020-2029,0.0,0.0,0.0,6.135714285714285,ROZZ
SIZZ,2020-2029,0.0,0.0,0.0,4.676190476190476,SIZZ
SK03,2020-2029,0.0,1.0,0.0,46.32261904761905,Stredne Slovensko
SKZZ,2020-2029,0.0,0.5,0.0,4.483333333333333,SKZZ
UKC1,2020-2029,0.0,0.0,0.0,1.45,Tees Valley and Durham
UKD1,2020-2029,0.0,0.0,0.0,93.30335497835497,Cumbria
UKD4,2020-2029,0.0,3.0,0.0,259.75079365079364,Lancashire
UKE1,2020-2029,0.0,5.666666666666666,0.0,202.43690476190477,East Yorkshire and Northern Lincolnshire
UKE2,2020-2029,0.0,0.0,0.0,186.0055555555556,North Yorkshire
UKK1,2020-2029,0.0,0.0,0.0,35.49334733893558,"Gloucestershire, Wiltshire"
UKK2,2020-2029,0.0,0.0,0.0,1.1388888888888888,Dorset and Somerset
UKL4,2020-2029,0.0,0.0,0.0,114.32222222222222,UKL4
UKM5,2020-2029,0.0,3.0,0.0,243.11299337916986,North Eastern Scotland
FR10,all,437.67738095238093,1279.420634920635,851.0768148518148,113171.46311207175,Ile-de-France
NL41,all,414.02182539682536,416.85714285714283,686.5333333333332,58367.567564209916,Noord-Brabant
ITC4,all,394.9642857142858,180.65,128.4159090909091,46982.45418169423,Lombardia
DE12,all,337.7197043995431,1284.3595002220002,224.8299866799867,43404.69861995979,Karlsruhe
FI1B,all,255.47103174603177,100.6484126984127,586.1744669073616,21286.343440076038,Helsinki-Uusimaa
UKI3,all,253.16336996336997,65.20476190476191,195.7569846819847,10925.582995206916,Inner London
DE21,all,252.72803030303032,2425.6528402153403,633.4007076257077,89812.8896357313,Oberbayern
FRL0,all,246.84166666666667,190.58333333333334,190.62938026885396,16906.071754007542,Provence-Alpes-Cote d'Azur
SE11,all,243.26785714285714,233.38134920634923,527.6590225563909,29901.168276843007,Stockholm
ES51,all,235.62676767676768,31.547727272727276,51.747678649852574,15008.539117522836,Cataluna
UKJ1,all,215.37619047619046,106.31904761904762,232.76661671661674,23373.724436692883,"Berkshire, Bucks and Oxon"
ITH3,all,198.93333333333334,79.26666666666667,28.083333333333336,18435.927803832063,Veneto
ITH5,all,195.7440476190476,100.72777777777779,50.15119047619048,24513.14621300893,Emilia-Romagna
NL36,all,192.18214285714288,74.1357142857143,116.8107142857143,16654.656828157684,NL36
SE22,all,191.71800976800975,111.81785714285715,199.61349396217815,17496.879625011134,Sydsverige
ES30,all,190.13502886002885,15.899999999999999,81.73423520923521,8465.113098559737,Madrid
DE71,all,180.71415672141478,1072.6862054612056,236.0761044511044,52587.6716558446,Darmstadt
UKJ2,all,157.55396825396826,61.10833333333334,130.35595238095237,13418.171873461686,"Surrey, E/W Sussex"
IE06,all,154.89835164835165,18.746825396825393,83.95297619047619,4800.334217184604,Eastern and Midland
CH01,all,154.6825396825397,152.2107142857143,97.67788600288601,18336.95609781861,Region lemanique
DK01,all,149.15873015873018,84.04761904761907,135.71554834054834,20094.45352560351,Hovedstaden
FRK2,all,133.11031746031748,694.4892857142858,284.9400793650794,52715.99495861789,Rhone-Alpes
UKJ3,all,131.17380952380955,42.05757575757576,168.1744227994228,9239.1155547368,Hampshire and Isle of Wight
DE11,all,130.9142857142857,3320.2271450771455,393.87482746721884,76418.77314368408,Stuttgart
DEA2,all,128.0468253968254,946.3829725829727,191.97430318219793,45317.209795669856,Koln
ITI4,all,127.48690476190477,31.533333333333335,26.652380952380952,7388.336560108393,Lazio
NL32,all,120.375,31.892857142857146,64.31133540372672,10726.553407670348,Noord-Holland
ITC1,all,116.80714285714286,79.19166666666666,72.75634920634921,18010.41759941735,Piemonte
FRH0,all,116.62619047619049,139.74642857142857,209.88333333333333,12763.576402781502,Bretagne
CH02,all,115.49047619047619,326.6353174603175,100.41507936507938,19992.26025006985,Espace Mittelland
CH04,all,109.36813186813188,526.9913059163059,108.81852869352869,24079.170053385726,Zurich
DE30,all,104.98492063492064,603.6834457209458,169.95074647574648,24180.185200849974,Berlin
NL22,all,92.37692307692308,51.86190476190476,41.463034188034186,9212.727177688375,Gelderland
DEA1,all,87.96150793650796,1137.1467032967032,154.53635239029975,51025.281654164035,Dusseldorf
UKI4,all,85.79747474747475,16.626190476190477,53.04112554112554,3665.657313670901,Outer London - East
SE23,all,85.53333333333333,151.95714285714286,88.90744569757726,18976.978963076806,Vastsverige
DE25,all,84.72142857142856,1008.8802663023253,188.5651306296043,31312.96499755266,Mittelfranken
UKH2,all,81.44126984126984,41.00833333333334,68.80183982683982,8486.005970303808,Bedfordshire and Hertfordshire
UKI7,all,80.72896825396826,23.00952380952381,71.42550505050505,4975.096951339794,Outer London
NL35,all,73.24166666666667,28.610714285714288,51.357142857142854,5903.210275110703,NL35
FI19,all,73.08333333333334,66.56666666666666,215.37891275391277,10501.534001282645,Lansi-Suomi
CH03,all,70.575,360.76468253968255,58.1984126984127,23305.718249748876,Nordwestschweiz
UKD3,all,67.94166666666666,22.725,27.086111111111112,4859.067332425605,Greater Manchester
BE24,all,67.78968253968253,43.52857142857143,42.952380952380956,9243.908957994527,Vlaams-Brabant
ITI1,all,66.8607142857143,43.099999999999994,18.517857142857146,9663.39253464245,Toscana
UKH4,all,64.99484126984127,74.43303918303918,114.38538961038961,12341.29723587035,UKH4
SE12,all,64.20119047619048,89.56626984126984,137.22350668337512,13981.071079508303,Ostra Mellansverige
ES52,all,64.17619047619047,5.090909090909091,15.342857142857143,3508.0193411836367,Comunitat Valenciana
BE21,all,63.352380952380955,41.260714285714286,67.98928571428571,10499.304501380688,Antwerpen
ITC3,all,63.21666666666667,13.883333333333333,10.716666666666667,3593.461915104037,Liguria
DK04,all,62.46796536796538,108.18611111111113,39.79891774891775,8945.298106651235,Midtjylland
DE60,all,58.807142857142864,230.6250360750361,51.42619047619048,13490.002862277473,Hamburg
UKK5,all,58.45595238095238,27.238888888888887,88.03928571428571,5363.752560202096,UKK5
UKH6,all,58.38809523809524,10.008333333333333,100.71890331890333,3065.5179543500462,UKH6
NO08,all,58.226190476190474,51.667857142857144,55.90300207039337,6493.210989768496,NO08
ES61,all,57.12031024531024,9.335714285714285,11.016666666666667,2382.276371276642,Andalucia
ITH4,all,53.41666666666667,22.03333333333333,17.833333333333336,5561.792984279671,Friuli-Venezia Giulia
UKH3,all,53.1,22.09444444444445,37.062179487179485,5816.220393133124,Essex
UKF1,all,51.166666666666664,28.235714285714288,27.699206349206346,7764.8875869799085,Derbyshire and Nottinghamshire
UKM0,all,51.08571428571429,14.952380952380953,31.352813852813856,1979.965602477233,UKM0
UKK6,all,48.738888888888894,25.60952380952381,27.04047619047619,3697.6593068481225,UKK6
UKF2,all,48.61904761904762,35.70357142857143,21.083333333333336,4374.006850823755,Leicestershire
UKI1,all,48.609523809523814,4.916666666666667,21.90995670995671,1235.3522980674297,Inner London - West
FI1C,all,48.25,44.56111111111112,86.64920634920634,6105.180654275591,Etela-Suomi
BE23,all,46.333333333333336,26.764285714285716,34.57222222222222,6847.309659265984,Oost-Vlaanderen
EL30,all,46.15579710144928,13.041666666666668,14.150000000000002,2054.4758946421134,EL30
DEB3,all,45.34324018275631,437.91676101676103,71.2718253968254,29069.20514205538,Rheinhessen-Pfalz
UKK7,all,44.23333333333334,67.77045454545454,97.48452380952381,7235.551188791914,UKK7
DE13,all,43.61825396825397,948.2292929292929,78.95714285714287,31990.857700931425,Freiburg
IE05,all,42.98888888888889,16.788095238095238,15.573214285714286,2668.797444228692,Southern
UKE4,all,42.458333333333336,22.083333333333336,19.483333333333334,3774.0019103101918,West Yorkshire
CH06,all,42.19551282051282,221.09891774891776,42.92289377289377,9662.404379401987,Zentralschweiz
PL91,all,41.647619047619045,8.253030303030304,8.972222222222221,1909.3740523534118,Warszawski stoleczny
FI1D,all,40.88928571428572,62.56904761904761,138.60992063492063,5997.985033408374,Pohjois- ja Ita-Suomi
DEA4,all,40.53333333333334,569.6364690864691,60.11904761904763,17950.34866165482,Detmold
UKD7,all,40.247619047619054,13.166666666666668,14.369444444444444,3286.4798838588313,Merseyside
DK03,all,39.516666666666666,52.9,12.866666666666667,6055.304201076701,Syddanmark
BE10,all,39.285714285714285,22.3,23.632539682539687,4099.1823152614625,Bruxelles
NO0A,all,38.84166666666667,47.95,6.666666666666667,4155.498519116364,NO0A
UKL5,all,38.099999999999994,11.175,11.658333333333333,2995.610678210678,UKL5
UKG1,all,36.40876623376623,51.21233766233766,29.674675324675327,5254.02502811516,Herefordshire
DEF0,all,36.070238095238096,334.04841269841273,37.13939393939394,13955.019599496649,Schleswig-Holstein
DE92,all,34.93333333333334,391.1015567765568,57.865202779676466,17833.59728314111,Hannover
NL42,all,34.542857142857144,33.269047619047626,37.25000000000001,8284.068977015417,Limburg (NL)
UKI6,all,32.25119047619048,9.976190476190476,27.657575757575756,2053.8792631345264,Outer London - West
ES21,all,32.1,11.070512820512821,21.833333333333336,3992.4607156732154,Pais Vasco
IE04,all,31.974999999999998,4.75,14.1625,2069.3295551654837,Northern and Western
CH05,all,31.621428571428574,378.9229548229548,44.857142857142854,14621.829797363438,Ostschweiz
ITF3,all,31.351190476190478,9.283333333333335,20.8,2518.684325385993,Campania
AT13,all,30.760714285714286,190.03055555555557,43.66428571428571,9426.452436064905,Wien
UKC4,all,30.130952380952383,30.866666666666667,5.333333333333334,4226.668393493743,UKC4
CH07,all,29.733333333333334,44.36666666666667,6.9,3072.4652791652793,Ticino
UKM1,all,29.390476190476193,17.523809523809526,37.27142857142857,2780.5939071595394,UKM1
UKD6,all,28.40757575757576,15.450000000000003,23.995454545454542,4559.199377415621,Cheshire
DK02,all,27.116666666666667,19.483333333333334,10.707936507936509,2766.684770159035,Sjaelland
NL21,all,27.116666666666667,27.423015873015878,19.96785714285714,4386.997169923002,Overijssel
UKG2,all,27.066666666666666,18.433333333333337,24.452380952380953,3148.531876443297,Shropshire and Staffordshire
FRE1,all,26.908333333333335,60.0404761904762,23.153968253968255,6655.526572679434,Nord-Pas-de-Calais
FRJ2,all,26.627777777777776,187.67142857142858,69.69742063492063,11161.43304164858,Midi-Pyrenees
PT11,all,26.567857142857143,8.4,9.983333333333334,1535.4458625246275,Norte
DED2,all,26.44358974358974,216.68733709101355,18.3008658008658,7874.583514349428,Dresden
UKI5,all,26.308333333333337,6.833333333333334,20.412121212121214,1325.8744281208901,Outer London - South
AT12,all,26.160714285714285,205.58809523809524,25.96978021978022,8043.706577661469,Niederosterreich
ES22,all,25.291666666666664,7.5,6.166666666666666,1458.4682400932402,Navarra
AT31,all,25.03333333333333,327.6333333333333,30.400000000000006,12537.211404430847,Oberosterreich
UKK4,all,24.700000000000003,9.616666666666667,12.817857142857143,1587.1252997002998,Devon
MT00,all,24.333333333333336,5.2,0.0,309.60714285714283,MT00
NL11,all,24.28888888888889,5.961904761904762,15.89166666666667,1516.1003432869811,Groningen
ES24,all,24.094444444444445,24.42948717948718,8.1,1841.6410145410146,Aragon
UKG3,all,23.916666666666668,39.07857142857143,25.992857142857144,5403.252559807917,West Midlands
ES11,all,23.65833333333333,9.125,0.5,1078.3737357342857,Galicia
FRF1,all,23.519047619047623,144.65681818181818,53.540079365079364,9954.497703159639,Alsace
DE14,all,22.941666666666666,885.0702908202908,100.83174603174605,26869.03631288433,Tubingen
DEA5,all,22.395238095238092,737.4980769230768,69.64682539682539,25659.718940157072,Arnsberg
BE22,all,22.15277777777778,34.69761904761905,11.2,2544.0149711399713,Limburg (BE)
BE25,all,21.883333333333333,47.60000000000001,18.172222222222224,5218.249238566731,West-Vlaanderen
EE00,all,21.741666666666667,3.0,3.5833333333333335,769.1090191241508,EE00
FRB0,all,21.685714285714287,153.15238095238095,28.86190476190476,8468.436914097503,Centre-Val de Loire
DE93,all,21.58795442908346,149.4523199023199,22.33452380952381,8013.613305815743,Luneburg
FRJ1,all,21.55952380952381,50.116666666666674,30.493650793650794,4896.582265365354,Languedoc-Roussillon
HU11,all,21.411904761904765,30.894172494172494,30.267857142857146,3243.413055921158,Budapest
UKE2,all,21.32063492063492,13.666666666666668,13.528968253968255,2145.979988471281,North Yorkshire
PL21,all,21.319047619047623,6.443181818181818,7.077777777777778,1956.3725564925794,Malopolskie
SE33,all,21.023809523809526,20.316666666666666,31.78684210526316,2501.037513630261,Ovre Norrland
ITF1,all,20.395238095238096,7.166666666666667,6.25,1827.4094790142776,Abruzzo
ITI3,all,19.560606060606062,14.150000000000002,7.7,3355.839879991484,Marche
CZ01,all,19.426190476190477,0.3666666666666667,7.179166666666667,1148.8807812991738,Praha
BE31,all,19.31886446886447,10.05,19.06904761904762,3705.6700824287514,Brabant wallon
FRD1,all,19.276190476190475,34.21511544011544,26.53333333333333,2680.6139064609224,Basse-Normandie
UKJ4,all,19.108333333333334,21.75,13.055411255411256,4056.6159892045025,Kent
DK05,all,19.0,21.366666666666667,32.53333333333333,2889.442647118963,Nordjylland
LV00,all,18.773809523809526,0.0,0.0,498.22015207015204,LV00
ITF4,all,18.75952380952381,9.6,3.607142857142857,1689.0711899211901,Puglia
FRF3,all,18.633333333333333,66.46428571428572,15.033333333333335,5435.450842866284,Lorraine
PT1A,all,18.338528138528137,1.6666666666666665,7.9,945.0313629997454,PT1A
ITG1,all,18.316666666666666,1.5,5.095238095238096,1996.3717709363218,Sicilia
FRG0,all,18.251190476190477,164.875,26.17857142857143,8139.249068630859,Pays de la Loire
UKN0,all,17.26139416139416,13.399999999999999,16.294372294372295,2037.5584229262802,Northern Ireland
AT22,all,17.045238095238098,211.76695526695525,23.349999999999998,8837.885455067808,Steiermark
PL71,all,16.904761904761905,3.2992424242424243,3.861111111111111,796.6098546459224,Lodzkie
SE21,all,16.76190476190476,53.14404761904761,9.870833333333334,3932.8552933014435,Smaland med oarna
DE40,all,16.575000000000003,196.7612193362193,40.06406926406926,7003.738998213888,Brandenburg
LT02,all,16.338202075702075,0.0,0.33333333333333337,201.71452158952158,LT02
PL43,all,15.425,0.0,5.0,405.7210363166245,Lubuskie
BE33,all,15.4,41.90952380952381,8.345833333333333,3765.047217184016,Liege
ES62,all,15.25,1.2,2.25,605.2205794205795,Murcia
BG41,all,15.166666666666668,6.383333333333333,2.0833333333333335,652.742350193666,BG41
DE27,all,14.95757575757576,604.3469641469642,76.24285714285715,19837.01137259545,Schwaben
DE94,all,14.816666666666668,337.5436868686869,28.48803418803419,10224.960975787646,Weser-Ems
EL52,all,14.340579710144928,3.325,1.5833333333333335,457.8305128763939,EL52
UKE3,all,14.166666666666668,14.302380952380954,9.2,2190.3914700066016,South Yorkshire
PT19,all,14.083333333333334,5.90952380952381,3.473809523809524,842.8937442330631,PT19
DEG0,all,14.05952380952381,222.10126262626264,36.26111111111111,8310.710226185922,Thuringen
ME09,all,14.022222222222222,0.0,0.4,497.7846569280393,ME09
DEC0,all,13.858333333333334,138.43333333333334,13.957142857142857,4448.4362349904995,Saarland
BE32,all,13.666666666666668,27.033333333333335,11.777777777777779,2575.007597223039,Hainaut
DEA3,all,13.666666666666668,401.67553557553555,35.890725940725936,16585.990596404798,Munster
ES41,all,13.658333333333333,2.0,2.8095238095238093,1008.6542707292707,Castilla y Leon
UKM3,all,13.516666666666667,10.983333333333334,21.833333333333332,1817.1718308723105,South Western Scotland
PL51,all,13.421428571428573,7.208333333333333,2.9833333333333334,1241.924483817696,Dolnoslaskie
DE72,all,13.366666666666667,253.69365079365082,18.595238095238095,9037.699756818982,Giessen
ITH2,all,13.226190476190476,2.166666666666667,4.333333333333334,1224.602442002442,Provincia di Trento
UKD4,all,13.200000000000001,18.75459770114943,15.166666666666668,2538.00020764676,Lancashire
DEB1,all,12.95,228.4547008547009,27.09563492063492,8642.793150773376,Koblenz
AT32,all,12.592857142857142,77.71904761904761,7.583333333333334,3003.2650843437605,Salzburg
SI04,all,12.493506493506494,11.438095238095238,5.0,1582.1335459131512,Zahodna Slovenija
FRI1,all,12.483333333333334,85.15952380952382,31.120238095238097,7102.519716242936,Aquitaine
LT01,all,12.388782051282053,0.0,0.0,459.75784077034075,LT01
PL22,all,12.373809523809523,4.749242424242425,1.75,870.299712023891,Slaskie
FRE2,all,12.310714285714287,85.8531746031746,11.419047619047621,5544.781495770312,Picardie
SI03,all,12.30952380952381,7.961904761904763,0.3333333333333333,1561.1426265255213,Vzhodna Slovenija
DE26,all,11.900000000000002,526.7416666666667,59.79466873706005,15774.900625460516,Unterfranken
SE31,all,11.542857142857144,40.266666666666666,25.67418546365915,4405.582844381268,Norra Mellansverige
RO32,all,11.375,3.5358974358974358,2.1,502.6782777033747,Bucuresti-Ilfov
NLZZ,all,11.366666666666667,3.4563492063492065,3.75,1135.8741804089632,NLZZ
NL34,all,11.3,1.7416666666666667,2.3333333333333335,954.8363608613608,NL34
LU00,all,11.283333333333335,25.788095238095238,7.116666666666667,2875.1468859642773,Luxembourg
FRC1,all,11.277777777777779,76.93333333333334,19.44047619047619,4593.838093236313,Bourgogne
NL13,all,10.95,15.416666666666668,4.166666666666667,1170.0478788755104,Drenthe
RO21,all,10.575,3.0,1.0,169.334126984127,Nord-Est
ES12,all,10.233333333333334,1.0,1.2,567.5122801175432,Asturias
HU12,all,10.033333333333335,9.15,5.111111111111112,899.3715799565053,Pest
AT33,all,10.0,83.82070707070707,18.99404761904762,4134.29915142329,Tirol
UKM2,all,9.69047619047619,8.277777777777779,2.7083333333333335,807.6419885669886,Eastern Scotland
FRC2,all,9.676190476190477,82.89285714285715,11.972222222222221,5068.556118309794,Franche-Comte
ITI2,all,9.666666666666668,4.333333333333334,1.0,1196.7411272937588,Umbria
ES23,all,9.092857142857143,0.0,1.0,181.9299218897045,La Rioja
UKH5,all,9.066666666666666,11.8,5.142857142857142,1378.1937465760047,UKH5
ES70,all,9.055555555555555,1.0,1.0,332.06433747412007,Canarias
NL12,all,9.0,2.666666666666667,4.033333333333333,1275.5444656650538,Friesland
FRK1,all,8.733333333333334,107.29285714285714,17.94047619047619,5960.180351781861,Auvergne
ME14,all,8.5,0.0,0.0,214.33215003950298,ME14
DEZZ,all,8.408333333333333,48.93928571428572,10.926190476190476,2159.744065510513,DEZZ
DE91,all,8.402380952380954,390.70547508047514,73.92539682539682,12811.272083491429,Braunschweig
DE23,all,8.235714285714286,573.2860633647399,52.42619047619048,13606.045553402566,Oberpfalz
RO11,all,8.23181818181818,1.4,3.366666666666667,164.67230064621367,Nord-Vest
DE24,all,8.088095238095239,305.6878458959342,40.03293650793651,9639.17011445792,Oberfranken
BE35,all,8.001190476190477,6.2,11.583333333333334,988.7121586774731,Namur
DEE0,all,7.75,64.49920634920635,12.429304029304028,3397.8515197635834,Sachsen-Anhalt
PL81,all,7.645238095238096,0.0,0.25,236.04722606255115,Lubelskie
UKC3,all,7.5,12.158333333333335,1.8333333333333337,1501.3092587364326,UKC3
ES53,all,7.4,0.0,0.16666666666666666,307.03171411921414,Illes Balears
NL23,all,7.4,2.6666666666666665,0.8333333333333334,758.6575738588897,Flevoland
FRI3,all,7.3388888888888895,49.53333333333333,13.827380952380953,3151.777758835675,Poitou-Charentes
IS02,all,7.309523809523809,1.6666666666666667,0.6666666666666667,320.6404761904762,IS02
IE02,all,7.116666666666667,2.6722222222222225,3.095833333333333,499.3934413449026,IE02
PL41,all,7.05952380952381,5.333333333333334,0.8666666666666667,688.4510238729279,Wielkopolskie
DE22,all,7.059523809523809,218.76367243867244,21.375,7055.694186426258,Niederbayern
CZ06,all,7.05,7.5166666666666675,0.5833333333333334,1027.952757330389,Jihovychod
EL43,all,7.0,1.0,0.5,162.8106227106227,EL43
UKL4,all,7.0,10.083333333333334,2.5833333333333335,947.5547369297369,UKL4
PL63,all,6.839285714285715,2.677731751007613,3.5,713.9512933952383,Pomorskie
PL61,all,6.642857142857142,0.9659090909090909,0.0,230.85782446098943,Kujawsko-Pomorskie
ME19,all,6.6,1.0,0.6666666666666667,274.6098457098457,ME19
ES42,all,6.5,0.2,2.1984126984126986,422.88300255300254,Castilla-La Mancha
IS01,all,6.485714285714286,6.333333333333334,2.0833333333333335,512.1214285714286,IS01
CZ02,all,6.326190476190477,10.133333333333333,1.3333333333333335,625.1063731272542,Stredni Cechy
FRF2,all,6.291666666666667,41.97777777777778,7.378571428571429,2752.0485586480945,Champagne-Ardenne
ITG2,all,6.208333333333333,0.9166666666666666,0.5,512.4070582195582,Sardegna
NO06,all,6.0,12.767857142857142,3.75,1857.9865592740593,Trondelag
NO09,all,5.816666666666666,15.5,4.083333333333334,2192.097893772894,NO09
CZ04,all,5.628571428571428,1.0,0.0,192.25388222888222,Severozapad
SK01,all,5.559523809523809,2.361111111111111,1.3928571428571428,425.4752126528443,Bratislavsky kraj
RO12,all,5.526190476190476,0.2857142857142857,2.8083333333333336,162.32557720057721,Centru
UKM5,all,5.5095238095238095,44.95,6.961904761904763,2469.874172842981,North Eastern Scotland
UKM9,all,5.45,2.8011904761904765,1.8928571428571428,702.1441973860985,UKM9
UKF3,all,5.388888888888889,9.785714285714286,4.267676767676768,1217.339758852259,Lincolnshire
SK02,all,5.3,3.733333333333334,2.25,396.79813381063383,Zapadne Slovensko
UKE1,all,5.285714285714286,20.375396825396827,3.2,1618.4190053367686,East Yorkshire and Northern Lincolnshire
ITF6,all,4.966666666666667,2.7,1.5,411.75023235278655,Calabria
LTZZ,all,4.928571428571429,0.0,0.2,73.89960317460319,LTZZ
FRD2,all,4.875,122.83333333333336,18.816666666666666,6632.346522104653,Haute-Normandie
DED5,all,4.833333333333334,46.41587301587302,13.588095238095239,1849.2240166696051,Leipzig
PL42,all,4.833333333333334,1.25,0.5,173.36860770658726,Zachodniopomorskie
CZ05,all,4.7333333333333325,17.04206349206349,2.0,995.4353433402346,Severovychod
UKK1,all,4.642857142857142,1.0,6.742857142857143,307.9113418444301,"Gloucestershire, Wiltshire"
DE73,all,4.533333333333333,154.7773199023199,15.959523809523809,5829.859750337382,Kassel
PT1C,all,4.501803751803752,0.2,0.0,133.14879466938288,PT1C
ITZZ,all,4.5,3.066666666666667,2.8333333333333335,422.2035825285825,ITZZ
PL62,all,4.5,0.9242424242424243,0.0,78.803321159853,Warminsko-Mazurskie
CZ07,all,4.485714285714286,4.378571428571429,0.0,573.5892912642912,Stredni Morava
BG42,all,4.4,0.0,0.0,98.19634502923975,BG42
EL65,all,4.4,0.0,0.0,37.892857142857146,EL65
FRI2,all,4.3,64.37619047619049,3.7500000000000004,1258.0552505948615,Limousin
HR03,all,4.25,2.3333333333333335,0.0,148.5639790764791,HR03
UKK3,all,4.21111111111111,4.7,4.95,726.7117155505314,Cornwall and Isles of Scilly
ME15,all,4.15,0.0,0.75,155.98491785991786,ME15
ES13,all,4.0,10.944444444444445,0.5,331.68676046176046,Cantabria
ITH1,all,4.0,30.75,2.0,1569.8106893106894,Provincia di Bolzano
UKD1,all,4.0,5.316666666666667,2.0833333333333335,840.4065295815296,Cumbria
NO07,all,3.95,1.0,1.0,359.96835839599,Nord-Norge
CZ03,all,3.833333333333334,6.572727272727272,0.0,414.37450924679183,Jihozapad
DE80,all,3.833333333333334,31.600180375180376,7.024675324675325,2033.0120503034975,Mecklenburg-Vorpommern
AT34,all,3.8333333333333335,225.102380952381,26.783333333333335,6523.522673894733,Vorarlberg
EL61,all,3.7934782608695654,0.0,0.25,53.66966873706004,EL61
NO02,all,3.7333333333333334,0.0,2.083333333333333,320.455307255761,Hedmark og Oppland
PL84,all,3.5,0.0,0.11111111111111112,87.69314891185601,Podlaskie
UKL3,all,3.45,6.8500000000000005,3.7583333333333337,1092.1395243645243,UKL3
PTZZ,all,3.3560606060606064,1.0,1.5,103.59267676767678,PTZZ
DED4,all,3.166666666666667,95.25119047619049,9.589285714285715,3443.2617177112534,Chemnitz
PT1B,all,3.1666666666666665,0.0,0.0,166.08474662592312,PT1B
PL82,all,3.142857142857143,1.625,2.6166666666666667,302.2321095571096,Podkarpackie
DE50,all,3.1,51.708333333333336,9.446969696969697,2306.947029621565,Bremen
DEB2,all,3.026923076923077,24.812301587301587,4.943589743589744,1818.780569267334,Trier
SEZZ,all,3.0095238095238095,1.25,1.181704260651629,281.41998537022,SEZZ
HU33,all,3.0,5.916666666666667,2.3333333333333335,529.5448884822955,Del-Alfold
ITF2,all,3.0,0.0,0.0,97.98874736374736,Molise
SK04,all,2.9857142857142858,5.083333333333334,0.0,292.7769563769564,Vychodne Slovensko
IE01,all,2.9595238095238097,4.2,5.783333333333333,413.6918479181637,IE01
ESZZ,all,2.8333333333333335,2.0833333333333335,1.416666666666667,119.96382765227303,ESZZ
IEZZ,all,2.819047619047619,1.2,1.75,241.43197482192807,IEZZ
HU21,all,2.7083333333333335,1.5833333333333335,2.055555555555556,283.50216707078835,Kozep-Dunantul
HU32,all,2.666666666666667,2.717948717948718,0.625,367.8127356402814,Eszak-Alfold
CZ08,all,2.5,5.166666666666667,1.0,391.9112248862249,Moravskoslezsko
HR05,all,2.5,2.090909090909091,6.733333333333334,483.1904050198168,HR05
PT15,all,2.4444444444444446,0.5,0.5,92.16266043897625,Algarve
CY00,all,2.4166666666666665,2.25,1.5,335.7793401043401,CY00
PL92,all,2.4023809523809523,0.09090909090909091,0.19444444444444448,373.38994655865366,Mazowiecki
PT1D,all,2.3853535353535356,1.0,0.5428571428571429,134.40476257488643,PT1D
PL52,all,2.3107142857142855,2.25,0.0,156.5257196020354,Opolskie
CHZZ,all,2.3,3.283333333333333,0.9934782608695653,306.00222898726736,CHZZ
RSZZ,all,2.1666666666666665,2.166666666666667,1.3333333333333335,279.3529348102878,RSZZ
LVZZ,all,2.142857142857143,0.0,0.0,25.21935841935842,LVZZ
SK03,all,2.0333333333333337,1.9166666666666667,0.0,171.36309523809524,Stredne Slovensko
HR02,all,2.0,1.6818181818181819,0.0,99.96375095492743,HR02
ME11,all,2.0,0.0,0.0,52.63003663003663,ME11
ME31,all,2.0,0.0,0.0,17.943589743589744,ME31
MEZZ,all,2.0,0.0,0.0,24.633333333333333,MEZZ
EL54,all,1.7333333333333334,0.0,0.0,27.95793650793651,EL54
EL63,all,1.7083333333333335,1.0,0.0,139.6353896103896,EL63
ES43,all,1.7083333333333333,0.0,0.0,82.16170634920636,Extremadura
AT21,all,1.5333333333333334,64.9857142857143,5.366666666666667,2571.49665922313,Karnten
HU22,all,1.5,1.7833333333333334,0.25,240.01517452521435,Nyugat-Dunantul
FRZZ,all,1.4444444444444446,5.0,0.625,497.53951048951046,FRZZ
EL51,all,1.3333333333333335,0.0,0.0,42.16880341880342,EL51
UKK2,all,1.3333333333333335,0.0,0.0,27.63174603174603,Dorset and Somerset
RO42,all,1.3333333333333333,3.0833333333333335,0.7333333333333334,335.72940622179755,Vest
HR06,all,1.25,1.0,0.0,139.5328754578755,HR06
SE32,all,1.25,14.5,4.566666666666666,1324.8565998329157,Mellersta Norrland
RO22,all,1.1818181818181819,0.0,0.0,33.46316738816739,Sud-Est
ME22,all,1.1428571428571428,0.25,0.0,115.95562770562772,ME22
EEZZ,all,1.0833333333333335,0.0,0.33333333333333337,44.769047619047626,EEZZ
BEZZ,all,1.0666666666666669,1.25,1.8333333333333335,238.24051577077896,BEZZ
EL64,all,1.0434782608695652,0.0,0.0,54.91252587991719,EL64
NOZZ,all,1.0333333333333334,1.5,0.0,81.23492063492064,NOZZ
BG32,all,1.0,0.5,0.0,53.66747835497836,BG32
CZZZ,all,1.0,0.0,0.0,35.32148798913504,CZZZ
EL53,all,1.0,0.0,0.0,15.200000000000001,EL53
FI20,all,1.0,0.0,2.5,51.54166666666667,Aland
FRY3,all,1.0,0.0,0.0,9.612698412698414,FRY3
LIZZ,all,1.0,31.983333333333338,2.666666666666667,1255.3058913308914,LIZZ
ME02,all,1.0,0.45,0.0,43.31349206349206,ME02
ME25,all,1.0,0.0,0.0,10.166666666666668,ME25
ME27,all,1.0,0.0,0.0,9.483333333333334,ME27
MTZZ,all,1.0,0.0,0.0,60.65,MTZZ
PL72,all,1.0,1.0,0.0,110.5317651792652,Swietokrzyskie
ROZZ,all,1.0,0.07692307692307693,0.33333333333333337,23.91978021978022,ROZZ
AT11,all,0.8928571428571428,17.926190476190477,1.5416666666666667,670.5230991230991,Burgenland
PLZZ,all,0.8333333333333334,0.25,0.0,65.87449119507944,PLZZ
MKZZ,all,0.8,0.0,0.0,24.645238095238096,MKZZ
FIZZ,all,0.75,0.0,0.4761904761904762,97.05952270369563,FIZZ
BG34,all,0.6666666666666667,0.5,0.0,23.325,BG34
BE34,all,0.6666666666666666,4.142857142857142,2.1666666666666665,793.9401218062983,Luxembourg (BE)
ITF5,all,0.6111111111111112,0.0,0.0,172.03650793650792,Basilicata
FRY1,all,0.5333333333333334,0.0,0.0,34.3107142857143,FRY1
BG33,all,0.5,1.9,0.0,64.19496979628559,BG33
ITC2,all,0.5,0.7,0.33333333333333337,196.78503996003997,Valle d'Aosta
RO31,all,0.4,0.47692307692307695,0.0,81.26199911199913,Sud-Muntenia
HU23,all,0.33333333333333337,1.8666666666666667,0.0,178.53102725734306,Del-Dunantul
HU31,all,0.33333333333333337,6.145021645021645,0.7083333333333334,217.16719526455302,Eszak-Magyarorszag
ME17,all,0.33333333333333337,0.0,0.0,39.24314264167205,ME17
ME29,all,0.33333333333333337,0.0,1.0,12.283333333333333,ME29
ATZZ,all,0.25,2.166666666666667,1.0,128.0092203548086,ATZZ
FRY2,all,0.25,0.0,0.0,23.83217893217893,FRY2
ME08,all,0.25,0.0,0.0,119.55509768009767,ME08
ME30,all,0.25,0.0,0.0,41.94536378654026,ME30
HUZZ,all,0.2,0.25,0.0,13.09727355977356,HUZZ
RO41,all,0.16666666666666666,0.5769230769230769,0.0,48.1241896991897,Sud-Vest Oltenia
BG31,all,0.0,0.0,0.25,25.353968253968254,BG31
BGZZ,all,0.0,0.0,0.0,17.020707070707072,BGZZ
DKZZ,all,0.0,1.0,2.0833333333333335,171.77193362193364,DKZZ
EL41,all,0.0,0.0,0.0,2.666666666666667,EL41
EL42,all,0.0,0.0,0.0,28.026923076923076,EL42
EL62,all,0.0,0.0,0.0,5.2,EL62
ELZZ,all,0.0,0.0,0.0,1.0,ELZZ
ES64,all,0.0,0.0,0.0,1.3333333333333335,ES64
FRM0,all,0.0,1.0,2.125,101.24047619047619,Corse
FRY4,all,0.0,1.0,1.0,102.20476190476191,FRY4
FRY5,all,0.0,0.5833333333333334,1.0,4.033333333333333,FRY5
HRZZ,all,0.0,0.16666666666666666,0.0,16.009343434343435,HRZZ
ISZZ,all,0.0,0.0,0.0,27.95152625152625,ISZZ
LI00,all,0.0,0.0,0.0,0.5,LI00
ME01,all,0.0,0.0,0.0,32.41666666666667,ME01
ME03,all,0.0,0.0,0.0,3.233333333333334,ME03
ME04,all,0.0,0.0,0.0,1.0,ME04
ME05,all,0.0,0.0,0.0,46.96309523809524,ME05
ME06,all,0.0,0.0,0.0,2.392857142857143,ME06
ME07,all,0.0,0.0,0.0,4.283333333333334,ME07
ME10,all,0.0,0.0,0.0,2.283333333333333,ME10
ME12,all,0.0,0.0,0.0,1.6666666666666667,ME12
ME13,all,0.0,0.0,0.0,12.519444444444446,ME13
ME16,all,0.0,0.0,0.0,14.11111111111111,ME16
ME18,all,0.0,0.0,0.0,1.8409090909090908,ME18
ME20,all,0.0,0.0,0.0,4.283333333333334,ME20
ME21,all,0.0,0.0,0.0,77.12669552669553,ME21
ME23,all,0.0,0.0,0.0,6.75,ME23
ME24,all,0.0,0.0,0.0,27.411507936507938,ME24
ME26,all,0.0,0.0,0.0,20.445238095238096,ME26
ME28,all,0.0,0.0,0.0,35.968650793650795,ME28
ME32,all,0.0,0.0,0.0,0.07692307692307693,ME32
NO0B,all,0.0,0.0,0.0,0.5,NO0B
PT20,all,0.0,0.0,0.0,14.616666666666667,Acores
PT30,all,0.0,0.0,1.0,21.4129329004329,Madeira
SIZZ,all,0.0,0.0,0.0,22.29821428571428,SIZZ
SKZZ,all,0.0,0.5,0.0,12.892857142857142,SKZZ
UKC1,all,0.0,0.5,0.6666666666666667,98.96352813852815,Tees Valley and Durham
UKH1,all,0.0,0.0,0.0,0.33333333333333337,East Anglia
UKM6,all,0.0,0.0,0.0,1.0,Highlands and Islands
UKZZ,all,0.0,0.0,0.0,6.4523809523809526,UKZZ
