year,country,nouveaute_count,influence_count,rupture_count,total_patents,nouveaute_share,influence_share,rupture_share,population,nouveaute_per_million,influence_per_million,rupture_per_million
1983,AT,3.0,0.0,4.0,378.3486111111111,0.0192896509491733,0.0,0.02850356294536817,7561910,0.39672516599642155,0.0,0.5289668879952287
1983,BE,5.0,0.0,3.0,323.51666666666665,0.03214941824862217,0.0,0.021377672209026127,9855520,0.5073299024303132,0.0,0.3043979414581879
1983,CH,13.5,9.666666666666666,8.5,1215.0654761904761,0.08680342927127986,0.0781144781144781,0.06057007125890736,6418773,2.1032057061372944,1.5059991476044825,1.3242406297901483
1983,DE,47.4,76.83333333333334,39.5,6776.118055555556,0.30477648499693816,0.6208754208754209,0.2814726840855107,78128282,0.6066945130061864,0.9834253533609423,0.5055787608384887
1983,DK,4.5,0.0,2.0,156.14285714285714,0.02893447642375995,0.0,0.014251781472684084,5114297,0.879886326507827,0.0,0.3910605895590342
1983,ES,0.0,1.0,0.0,69.36666666666666,0.0,0.008080808080808079,0.0,38171525,0.0,0.02619753861025987,0.0
1983,FI,0.0,0.0,0.0,91.88333333333334,0.0,0.0,0.0,4855787,0.0,0.0,0.0
1983,FR,21.0,13.0,29.0,2881.3,0.13502755664421312,0.10505050505050503,0.20665083135391923,56108330,0.37427597649047833,0.23169465211315324,0.5168573008678033
1983,GB,32.023809523809526,13.0,31.333333333333336,2553.4988095238095,0.20590936925903247,0.10505050505050503,0.22327790973871733,56332848,0.5684748891767292,0.2307712189520402,0.5562178097818405
1983,GR,0.0,0.0,0.0,7.333333333333334,0.0,0.0,0.0,9846627,0.0,0.0,0.0
1983,HU,6.0,0.0,3.0,122.25,0.0385793018983466,0.0,0.021377672209026127,10689463,0.5613004133135594,0.0,0.2806502066567797
1983,IE,0.5,0.0,0.0,22.0,0.003214941824862217,0.0,0.0,3510600,0.14242579616020054,0.0,0.0
1983,IT,5.0,0.6666666666666667,2.0,836.8416666666667,0.03214941824862217,0.0053872053872053875,0.014251781472684084,56564074,0.08839533022320846,0.01178604402976113,0.03535813208928339
1983,LI,0.0,0.0,0.0,14.5,0.0,0.0,0.0,26446,0.0,0.0,0.0
1983,LU,0.0,0.0,0.0,41.0,0.0,0.0,0.0,365622,0.0,0.0,0.0
1983,NL,10.0,7.333333333333334,10.0,922.3476190476191,0.06429883649724434,0.059259259259259255,0.07125890736342043,14367070,0.6960361437648734,0.5104265054275738,0.6960361437648734
1983,NO,0.0,0.0,0.0,72.08333333333333,0.0,0.0,0.0,4128432,0.0,0.0,0.0
1983,PL,0.0,0.0,0.0,14.0,0.0,0.0,0.0,36571808,0.0,0.0,0.0
1983,PT,0.0,0.0,0.0,2.0,0.0,0.0,0.0,9957865,0.0,0.0,0.0
1983,RO,0.0,0.0,0.0,2.0,0.0,0.0,0.0,22560478,0.0,0.0,0.0
1983,SE,7.6,2.25,8.0,824.95,0.0488671157379057,0.01818181818181818,0.05700712589073634,8329033,0.9124708714685125,0.27013940273738857,0.9604956541773816
1984,AT,1.0,0.0,1.0,415.2055555555556,0.006024096385542169,0.0,0.008,7561434,0.1322500467503915,0.0,0.1322500467503915
1984,BE,3.0,1.0,5.0,348.73333333333335,0.018072289156626505,0.0069284064665127015,0.04,9855372,0.30440251266010054,0.1014675042200335,0.5073375211001675
1984,CH,15.333333333333334,4.0,2.5,1454.3849206349207,0.09236947791164658,0.027713625866050806,0.02,6441865,2.3802630656391175,0.6209381910362916,0.3880863693976822
1984,DE,47.5,87.33333333333334,42.5,8306.746825396825,0.286144578313253,0.605080831408776,0.34,77858685,0.6100796590643678,1.1216903205253639,0.545860747583908
1984,DK,0.0,0.0,0.0,192.15,0.0,0.0,0.0,5111619,0.0,0.0,0.0
1984,ES,2.0,0.0,0.0,101.33333333333333,0.012048192771084338,0.0,0.0,38330364,0.052177954793228676,0.0,0.0
1984,FI,2.0,0.0,0.0,130.08333333333334,0.012048192771084338,0.0,0.0,4881803,0.4096847005092176,0.0,0.0
1984,FR,20.666666666666668,14.0,26.5,3137.9523809523807,0.1244979919678715,0.09699769053117782,0.212,56383085,0.3665401896094665,0.24830141876770312,0.4699991140960095
1984,GB,37.5,12.0,27.0,2855.927380952381,0.22590361445783133,0.08314087759815242,0.216,56422072,0.6646335143452371,0.21268272459047588,0.47853613032857073
1984,GR,0.0,0.0,0.0,12.666666666666666,0.0,0.0,0.0,9895801,0.0,0.0,0.0
1984,HU,1.0,1.0,0.0,121.96666666666667,0.006024096385542169,0.0069284064665127015,0.0,10668095,0.09373744796985779,0.09373744796985779,0.0
1984,IE,1.0,0.0,0.5,29.0,0.006024096385542169,0.0,0.004,3532423,0.2830918041242512,0.0,0.1415459020621256
1984,IT,16.0,4.0,4.0,1102.4722222222222,0.0963855421686747,0.027713625866050806,0.032,56576718,0.2828018408561628,0.0707004602140407,0.0707004602140407
1984,LI,0.0,0.0,0.0,10.833333333333334,0.0,0.0,0.0,26596,0.0,0.0,0.0
1984,LU,0.0,0.0,0.0,36.583333333333336,0.0,0.0,0.0,365998,0.0,0.0,0.0
1984,NL,4.0,12.0,10.0,1035.0166666666667,0.024096385542168676,0.08314087759815242,0.08,14424211,0.27731152851272073,0.8319345855381622,0.6932788212818018
1984,NO,2.0,2.0,0.0,71.41666666666667,0.012048192771084338,0.013856812933025403,0.0,4140099,0.483080235520938,0.483080235520938,0.0
1984,PL,2.0,2.0,2.0,37.5,0.012048192771084338,0.013856812933025403,0.016,36904134,0.05419447046230647,0.05419447046230647,0.05419447046230647
1984,PT,0.0,0.0,0.0,2.0,0.0,0.0,0.0,9996232,0.0,0.0,0.0
1984,RO,0.0,0.0,0.0,1.0,0.0,0.0,0.0,22640547,0.0,0.0,0.0
1984,SE,11.0,5.0,4.0,841.2797619047619,0.06626506024096386,0.03464203233256351,0.032,8336605,1.3194819713780368,0.5997645324445622,0.4798116259556498
1985,AT,1.0,2.0,1.0,526.9833333333333,0.005371530886302596,0.012016823552974164,0.007377351530800442,7564985,0.13218796864765758,0.26437593729531517,0.13218796864765758
1985,BE,5.666666666666667,2.0,3.666666666666667,417.1088023088023,0.030438675022381376,0.012016823552974164,0.027050288946268288,9858308,0.5748112826934062,0.20287457036237863,0.37193671233102754
1985,CH,10.533333333333335,1.5,10.083333333333332,1460.8960317460317,0.05658012533572068,0.009012617664730624,0.07438829460223778,6470365,1.6279349516346195,0.23182617982138565,1.5583870976882033
1985,DE,59.083333333333336,98.66666666666667,32.63333333333333,8333.603427128428,0.3173679498657117,0.5928299619467254,0.24074757162178775,77684873,0.7605513280987579,1.270088536627545,0.4200732018102589
1985,DK,2.0,1.0,0.8333333333333333,217.38095238095238,0.010743061772605192,0.006008411776487082,0.0061477929423337015,5113691,0.39110693235082056,0.19555346617541028,0.1629612218128419
1985,ES,0.0,0.0,0.0,87.66666666666667,0.0,0.0,0.0,38469512,0.0,0.0,0.0
1985,FI,4.0,1.0,2.0,167.97619047619048,0.021486123545210383,0.006008411776487082,0.014754703061600883,4902206,0.8159591824578568,0.2039897956144642,0.4079795912289284
1985,FR,34.16666666666667,27.6,31.166666666666668,3241.5674603174602,0.18352730528200537,0.16583216503104348,0.22992745604328046,56665619,0.6029523239950255,0.4870678285540303,0.5500101687174135
1985,GB,30.8,16.666666666666668,23.96666666666667,2931.3041847041845,0.16544315129811996,0.10014019627478471,0.17681052502151728,56550268,0.5446481703676452,0.29472303591322796,0.42381172564322184
1985,GR,1.0,0.0,0.0,9.583333333333334,0.005371530886302596,0.0,0.0,9934300,0.10066134503689238,0.0,0.0
1985,HU,9.0,0.0,4.0,116.7,0.04834377797672336,0.0,0.029509406123201767,10648713,0.8451725574724381,0.0,0.37563224776552806
1985,IE,1.0,0.0,0.0,35.5,0.005371530886302596,0.0,0.0,3538082,0.28263901175834816,0.0,0.0
1985,IT,8.0,4.0,6.0,1215.6353535353535,0.042972247090420766,0.024033647105948328,0.044264109184802655,56593071,0.1413600615524116,0.0706800307762058,0.1060200461643087
1985,LI,0.0,0.0,0.0,14.333333333333334,0.0,0.0,0.0,26878,0.0,0.0,0.0
1985,LU,0.0,0.0,0.0,21.133333333333333,0.0,0.0,0.0,366706,0.0,0.0,0.0
1985,NL,14.166666666666666,9.0,12.25,1096.7809523809524,0.07609668755595343,0.05407570598838374,0.09037255625230542,14491632,0.9775756565352106,0.6210480641517808,0.845315420651035
1985,NO,0.33333333333333337,0.0,1.3333333333333335,122.46666666666667,0.0017905102954341987,0.0,0.009836468707733925,4152516,0.08027261865657673,0.0,0.3210904746263069
1985,PL,0.0,0.0,0.0,16.833333333333332,0.0,0.0,0.0,37201885,0.0,0.0,0.0
1985,PT,0.0,0.0,0.0,6.416666666666667,0.0,0.0,0.0,10023613,0.0,0.0,0.0
1985,RO,0.0,0.0,0.0,2.0,0.0,0.0,0.0,22732999,0.0,0.0,0.0
1985,SE,5.416666666666667,3.0,6.616666666666667,919.55,0.02909579230080573,0.018025235329461247,0.04881347596212959,8350386,0.6486726082682486,0.35926482919472225,0.7923785399461375
1986,AT,4.0,4.0,1.5,599.475,0.02114537444933921,0.023289665211062592,0.011117974058060531,7569794,0.5284159648201787,0.5284159648201787,0.19815598680756702
1986,BE,5.666666666666667,1.5,2.0,393.1380952380952,0.02995594713656388,0.008733624454148471,0.014823965410747377,9861823,0.5746064055972884,0.15210169559928222,0.20280226079904295
1986,CH,16.166666666666668,7.0,4.416666666666667,1460.55,0.0854625550660793,0.040756914119359534,0.03273625694873379,6504124,2.4856024680136275,1.0762402438821892,0.6790563443542385
1986,DE,70.66666666666666,83.13333333333334,43.66666666666667,9386.099783549784,0.373568281938326,0.4840368753032509,0.3236565781346511,77720436,0.9092417683640716,1.0696457407075448,0.5618427908287424
1986,DK,5.5,0.0,4.5,228.1767316017316,0.02907488986784141,0.0,0.033353922174181594,5120534,1.0741067240252677,0.0,0.8788145923843099
1986,ES,1.0,0.0,1.0,120.70833333333333,0.005286343612334802,0.0,0.007411982705373688,38584624,0.02591705960384634,0.0,0.02591705960384634
1986,FI,2.0,0.0,3.0,173.13333333333333,0.010572687224669605,0.0,0.022235948116121063,4918154,0.4066566439359158,0.0,0.6099849659038736
1986,FR,22.333333333333336,25.5,29.666666666666668,3730.6452380952383,0.1180616740088106,0.14847161572052403,0.21988882025941942,56956002,0.392115537416642,0.4477140091398972,0.5208698929862856
1986,GB,35.5,20.25,22.0,3236.9357142857143,0.18766519823788547,0.11790393013100436,0.16306361951822113,56681396,0.626307792419227,0.3572600787743478,0.38813440656966175
1986,GR,0.0,0.0,0.0,5.833333333333334,0.0,0.0,0.0,9967213,0.0,0.0,0.0
1986,HU,1.0,1.2,2.0,109.47857142857143,0.005286343612334802,0.0069868995633187774,0.014823965410747377,10630564,0.09406838621168172,0.11288206345401805,0.18813677242336344
1986,IE,0.0,0.0,0.33333333333333337,41.083333333333336,0.0,0.0,0.0024706609017912298,3539690,0.0,0.0,0.09417020511212378
1986,IT,9.0,16.0,8.0,1454.6949134199135,0.04757709251101322,0.09315866084425037,0.05929586164298951,56596155,0.15902140348580215,0.2827047173080927,0.14135235865404636
1986,LI,0.0,0.0,0.0,19.15,0.0,0.0,0.0,27238,0.0,0.0,0.0
1986,LU,1.0,0.0,0.5,32.38333333333333,0.005286343612334802,0.0,0.003705991352686844,368355,2.7147724342007034,0.0,1.3573862171003517
1986,NL,8.5,9.166666666666668,4.5,1163.4952380952382,0.044933920704845816,0.05337214944201844,0.033353922174181594,14572278,0.5832993304135428,0.6290482975048011,0.3088055278659932
1986,NO,0.5,0.0,0.0,121.47619047619048,0.002643171806167401,0.0,0.0,4167354,0.11998020806487764,0.0,0.0
1986,PL,0.0,1.0,0.0,19.333333333333332,0.0,0.005822416302765648,0.0,37456119,0.0,0.026697907490095277,0.0
1986,PT,0.0,0.0,0.0,3.7,0.0,0.0,0.0,10032734,0.0,0.0,0.0
1986,RO,0.0,0.0,0.0,1.0,0.0,0.0,0.0,22836841,0.0,0.0,0.0
1986,SE,6.333333333333334,3.0,7.833333333333334,958.1428571428571,0.03348017621145375,0.017467248908296942,0.058060531192093895,8369829,0.7566861083223246,0.3584302618368906,0.93590123924077
1987,AT,2.0,2.0,3.5,534.8727716727717,0.010575482506389353,0.011437285550895921,0.02489036387341472,7574586,0.2640408333868016,0.2640408333868016,0.4620714584269028
1987,BE,3.0,6.5,0.0,461.1309523809524,0.01586322375958403,0.03717117804041174,0.0,9870234,0.30394416181014555,0.658545683921982,0.0
1987,CH,17.0,5.5,11.166666666666668,1498.747619047619,0.08989160130430951,0.031452535264963784,0.0794121133104184,6545106,2.597360531670534,0.8403225249522315,1.7061093688424096
1987,DE,57.86666666666667,96.7,49.866666666666674,9911.015792540793,0.30598396051819865,0.5529927563858178,0.3546284224250326,77839920,0.7434060398143608,1.2422931575469245,0.6406310112685968
1987,DK,1.4,0.0,1.2333333333333334,227.75,0.007402837754472547,0.0,0.00877089012682233,5127024,0.2730628918452498,0.0,0.24055540472081532
1987,ES,2.0,1.0,0.0,161.75833333333333,0.010575482506389353,0.0057186427754479605,0.0,38684815,0.05169987241763984,0.02584993620881992,0.0
1987,FI,3.0,1.0,0.0,214.5,0.01586322375958403,0.0057186427754479605,0.0,4932123,0.6082573366479304,0.2027524455493101,0.0
1987,FR,29.0,23.5,28.166666666666668,3827.8194444444443,0.15334449634264563,0.13438810522302705,0.20030816640986132,57266167,0.5064072124820227,0.41036446528715637,0.4918552810888612
1987,GB,43.0,19.0,28.25,3505.4190476190474,0.2273728738873711,0.10865421273351124,0.2009007941211331,56802050,0.7570149316794024,0.33449496981182897,0.4973412051149562
1987,GR,0.0,0.0,0.0,17.766666666666666,0.0,0.0,0.0,10000595,0.0,0.0,0.0
1987,HU,1.0,0.0,1.0,103.28333333333333,0.0052877412531946765,0.0,0.0071115325352613485,10612741,0.09422636432944138,0.0,0.09422636432944138
1987,IE,2.0,0.0,0.0,48.28333333333333,0.010575482506389353,0.0,0.0,3540057,0.5649626545561272,0.0,0.0
1987,IT,5.75,10.0,5.833333333333334,1658.252380952381,0.030404512205869393,0.0571864277544796,0.04148393978902454,56601931,0.10158664021550784,0.1766724177661006,0.10305891036355869
1987,LI,0.0,0.0,0.0,26.416666666666668,0.0,0.0,0.0,27557,0.0,0.0,0.0
1987,LU,0.0,0.0,0.0,26.833333333333332,0.0,0.0,0.0,370750,0.0,0.0,0.0
1987,NL,9.0,8.666666666666668,4.0,1275.7,0.04758967127875209,0.049561570720548995,0.028446130141045394,14665037,0.6137045545810761,0.5909747562632586,0.2727575798138116
1987,NO,1.0,0.0,1.0,119.67777777777778,0.0052877412531946765,0.0,0.0071115325352613485,4186905,0.23883990680466835,0.0,0.23883990680466835
1987,PL,0.0,0.0,0.0,29.666666666666668,0.0,0.0,0.0,37668045,0.0,0.0,0.0
1987,PT,0.0,0.0,0.0,8.533333333333333,0.0,0.0,0.0,10030031,0.0,0.0,0.0
1987,SE,12.1,1.0,6.6,864.4460317460317,0.0639816691636556,0.0057186427754479605,0.046936114732724896,8397804,1.4408528705837857,0.11907874963502363,0.7859197475911559
1988,AT,8.0,3.0,5.375,605.9034493284494,0.03460956089119619,0.015154066341134871,0.030616119743046108,7585317,1.0546691720332848,0.39550093951248183,0.7086058499598633
1988,BE,3.0,10.166666666666668,4.6,501.0059523809524,0.012978585334198572,0.05135544704495707,0.02620170247776969,9901664,0.302979378011615,1.0267634477060288,0.46456837961780967
1988,CH,21.5,9.833333333333334,10.5,1674.2170995670995,0.09301319489508976,0.04967166189594208,0.05980823391664821,6593386,3.260843518034588,1.4913935470080675,1.5925049739238686
1988,DE,84.08333333333333,106.80000000000001,64.25,11266.912484737484,0.36376090561684327,0.5394847617444015,0.3659694313471093,78144619,1.0759964589926956,1.3666967907284826,0.8221935281301966
1988,DK,1.0,2.5,1.0,239.9345238095238,0.004326195111399524,0.012628388617612393,0.00569602227777602,5129516,0.19495016683835278,0.487375417095882,0.19495016683835278
1988,ES,3.5,1.0,2.5,182.32896825396824,0.015141682889898334,0.005051355447044957,0.01424005569444005,38766939,0.09028311469213496,0.025795175626324277,0.06448793906581068
1988,FI,4.0,1.5,0.0,276.71666666666664,0.017304780445598095,0.0075770331705674356,0.0,4946481,0.8086556887613638,0.30324588328551144,0.0
1988,FR,32.083333333333336,23.75,28.87777777777778,4351.309951159951,0.13879875982406809,0.11996969186731773,0.16448846555488753,57598186,0.5570198570721192,0.41233937471572457,0.5013660981923594
1988,GB,38.56666666666667,18.0,35.833333333333336,3529.0707320457323,0.16684692479630833,0.09092439804680923,0.20410746495364074,56928327,0.6774600396506764,0.31618705394240726,0.6294464499779404
1988,GR,0.0,0.0,0.0,14.5,0.0,0.0,0.0,10036983,0.0,0.0,0.0
1988,HU,2.0,1.0,1.0,107.93137254901961,0.008652390222799048,0.005051355447044957,0.00569602227777602,10596487,0.18874179716353165,0.09437089858176582,0.09437089858176582
1988,IE,0.0,0.0,0.0,57.666666666666664,0.0,0.0,0.0,3524949,0.0,0.0,0.0
1988,IT,12.25,10.666666666666668,5.5,1966.296459096459,0.052995890114644166,0.053881124768479546,0.03132812252776811,56629288,0.21631915979589925,0.18835954050255174,0.09712288807162824
1988,LI,0.0,0.0,0.0,18.25,0.0,0.0,0.0,27948,0.0,0.0,0.0
1988,LU,0.0,0.0,0.0,18.035714285714285,0.0,0.0,0.0,373450,0.0,0.0,0.0
1988,NL,8.5,8.5,10.625,1461.3464285714285,0.03677265844689596,0.04293652129988213,0.06052023670137021,14760094,0.5758770912976571,0.5758770912976571,0.7198463641220713
1988,NO,2.0,0.0,0.0,113.61666666666667,0.008652390222799048,0.0,0.0,4209488,0.4751171638926159,0.0,0.0
1988,PL,0.0,0.0,0.0,26.416666666666668,0.0,0.0,0.0,37824487,0.0,0.0,0.0
1988,PT,0.0,0.0,0.0,10.533333333333333,0.0,0.0,0.0,10019610,0.0,0.0,0.0
1988,SE,10.666666666666668,1.25,5.5,907.6404761904762,0.04614608118826159,0.006314194308806196,0.03132812252776811,8436489,1.264349027974394,0.14816590171574928,0.6519299675492969
1988,SI,0.0,0.0,0.0,1.0,0.0,0.0,0.0,1995196,0.0,0.0,0.0
1989,AT,8.5,3.666666666666667,3.0,652.2675324675324,0.03700057003679328,0.017106739388822855,0.015972213419194543,7619567,1.1155489544222132,0.48121719602526847,0.39372316038431054
1989,BE,6.0,10.233333333333334,3.0,534.8642857142858,0.026118049437736435,0.04774335447607834,0.015972213419194543,9937697,0.6037616159961408,1.029748978393418,0.3018808079980704
1989,CH,24.857142857142858,9.65,10.333333333333334,1735.7,0.10820334767062238,0.045021827755129244,0.05501540177722566,6646912,3.7396527676525366,1.4518019796260277,1.5546066103076637
1989,DE,64.625,113.0404761904762,62.44444444444444,12188.904302641802,0.2813131574856195,0.5273874454306121,0.3324586645032346,78751283,0.8206215510165085,1.4354112324808244,0.7929324077735272
1989,DK,6.0,0.0,1.0,306.15714285714284,0.026118049437736435,0.0,0.005324071139731515,5132594,1.1689995351278515,0.0,0.19483325585464192
1989,ES,4.5,0.0,0.5,206.08354978354978,0.019588537078302326,0.0,0.0026620355698657575,38827764,0.11589644976723357,0.0,0.012877383307470396
1989,FI,2.0,0.0,2.0,319.1222222222222,0.008706016479245479,0.0,0.01064814227946303,4964371,0.402870776579752,0.0,0.402870776579752
1989,FR,29.392857142857142,29.0,34.916666666666664,4777.319993894994,0.12794734932891122,0.13529875698432622,0.18589881729562538,57943062,0.5072713820829342,0.5004913271583749,0.6026030634464341
1989,GB,40.35119047619048,24.75,36.86507936507937,4003.273573137389,0.17564906462144378,0.11547049087455427,0.19627230511153085,57076711,0.7069641850279439,0.43362694812600533,0.6458865396970643
1989,GR,0.0,0.0,0.0,20.964285714285715,0.0,0.0,0.0,10089498,0.0,0.0,0.0
1989,HU,3.0,0.0,0.0,90.80833333333334,0.013059024718868217,0.0,0.0,10481719,0.286212595472174,0.0,0.0
1989,IE,4.0,0.0,1.0,49.833333333333336,0.017412032958490958,0.0,0.005324071139731515,3511009,1.1392736390023495,0.0,0.28481840975058736
1989,IT,14.5,11.0,9.0,2045.6016233766234,0.06311861947452972,0.05132021816646856,0.04791664025758363,56671781,0.2558592608903539,0.19410012895130294,0.1588091964147024
1989,LI,0.0,0.0,1.0,17.885714285714286,0.0,0.0,0.005324071139731515,28317,0.0,0.0,35.31447540346788
1989,LU,0.0,0.0,0.1,31.95,0.0,0.0,0.0005324071139731515,377100,0.0,0.0,0.2651816494298595
1989,NL,10.5,11.0,12.666666666666668,1581.229292929293,0.04570658651603876,0.05132021816646856,0.06743823443659919,14848907,0.707122753210051,0.7407952652676726,0.8530369721264108
1989,NO,2.5,0.0,1.0,152.14285714285714,0.010882520599056847,0.0,0.005324071139731515,4226901,0.5914498588918927,0.0,0.23657994355675707
1989,PL,0.0,0.0,0.0,23.05952380952381,0.0,0.0,0.0,37961529,0.0,0.0,0.0
1989,PT,0.0,0.0,0.0,9.4,0.0,0.0,0.0,10005000,0.0,0.0,0.0
1989,SE,9.0,2.0,9.0,888.5777777777778,0.03917707415660465,0.00933094875753974,0.04791664025758363,8492964,1.059700712260172,0.2354890471689271,1.059700712260172
1989,SI,0.0,0.0,0.0,1.0,0.0,0.0,0.0,1996351,0.0,0.0,0.0
1990,AT,6.0,2.0,3.0,679.0396825396825,0.025434934007112362,0.008430518476886329,0.017309198144527225,7677850,0.7814687705542567,0.2604895901847522,0.39073438527712834
1990,BE,7.75,15.983333333333334,7.0,625.2297619047619,0.03285345642585347,0.0673738934944499,0.04038812900389686,9967379,0.7775364014953179,1.6035643205032473,0.7022909432860936
1990,CH,15.916666666666668,7.0,6.333333333333334,1891.1380952380953,0.06747322771331196,0.029506814669102148,0.03654164052733526,6715519,2.370132028018485,1.0423617295997525,0.9430891839235856
1990,CZ,0.0,0.0,0.0,1.0,0.0,0.0,0.0,10333355,0.0,0.0,0.0
1990,DE,74.37619047619047,118.8439393939394,44.55952380952381,12803.768002422414,0.31529224941038725,0.5009580134632825,0.2570965422816088,79433029,0.9363383395110171,1.496152682204016,0.5609697171377389
1990,DK,5.0,0.0,3.0,325.31796536796537,0.0211957783392603,0.0,0.017309198144527225,5140939,0.9725849693995591,0.0,0.5835509816397354
1990,ES,4.333333333333334,1.0,2.0,252.73928571428573,0.018369674560692262,0.004215259238443164,0.011539465429684816,38867322,0.11149040145686738,0.025728554182354008,0.051457108364708015
1990,FI,3.0,0.19999999999999998,1.0,402.2035714285714,0.012717467003556181,0.0008430518476886328,0.005769732714842408,4986431,0.6016327108507067,0.04010884739004711,0.20054423695023557
1990,FR,35.16666666666667,27.55,30.833333333333336,5101.5365249946135,0.14907697431946412,0.11613039201910917,0.17790009204097426,58261012,0.6036054894938432,0.4728719782622382,0.5292275618784881
1990,GB,43.05555555555556,27.272727272727273,40.62222222222222,3941.772803585304,0.1825192023658526,0.11496161559390447,0.23437936450515381,57247586,0.7520938185158682,0.4763996035173828,0.7095883872242617
1990,GR,0.0,0.0,0.0,24.5,0.0,0.0,0.0,10196792,0.0,0.0,0.0
1990,HU,0.5,0.0,1.6666666666666667,90.9563492063492,0.00211957783392603,0.0,0.009616221191404014,10373988,0.048197472370316984,0.0,0.16065824123438996
1990,IE,3.0,0.5,4.0,68.16666666666667,0.012717467003556181,0.002107629619221582,0.023078930859369632,3513974,0.853734262120323,0.1422890436867205,1.138312349493764
1990,IT,17.333333333333336,22.75,6.6722222222222225,2411.7055555555557,0.07347869824276905,0.09589714767458198,0.038496938836254074,56719240,0.3055988291333476,0.4010984632375187,0.11763595954780463
1990,LI,0.0,0.0,0.0,22.416666666666668,0.0,0.0,0.0,28742,0.0,0.0,0.0
1990,LU,0.0,0.33333333333333337,0.0,27.183333333333334,0.0,0.0014050864128143882,0.0,381850,0.0,0.8729431277552268,0.0
1990,NL,11.797619047619047,10.0,14.380952380952381,1700.7491341991342,0.05001194365287371,0.04215259238443164,0.08297425142297178,14951510,0.7890587002663307,0.6688287671278687,0.9618394651076969
1990,NO,0.6666666666666667,0.0,1.0,173.225,0.0028261037785680403,0.0,0.005769732714842408,4241473,0.15717809984094364,0.0,0.23576714976141544
1990,PL,0.0,0.0,0.0,17.783333333333335,0.0,0.0,0.0,38110782,0.0,0.0,0.0
1990,PT,0.0,0.0,0.0,5.25,0.0,0.0,0.0,9983218,0.0,0.0,0.0
1990,RO,0.0,0.0,0.0,2.0,0.0,0.0,0.0,23201835,0.0,0.0,0.0
1990,SE,8.0,3.8,7.25,960.2321428571429,0.03391324534281648,0.016017985106084022,0.04183056218260746,8558835,0.9347066510804333,0.44398565926320577,0.8470779025416426
1990,SI,0.0,0.0,0.0,5.0,0.0,0.0,0.0,1998161,0.0,0.0,0.0
1991,AT,7.0,5.333333333333334,2.0,644.402380952381,0.033545432762705996,0.025491914283438225,0.012194708851326175,7754891,0.9026561430715145,0.6877380137687731,0.25790175516328984
1991,BE,2.0,6.75,4.0,489.38690476190476,0.009584409360773143,0.032263204014976496,0.02438941770265235,10004486,0.19991032023034466,0.6746973307774132,0.3998206404606893
1991,CH,16.333333333333336,10.261904761904763,6.333333333333334,1657.3063603063604,0.07827267644631401,0.04904917435786551,0.03861657802919956,6799978,2.4019685553884638,1.509108523866513,0.931375562293486
1991,CZ,0.0,0.0,0.0,1.0,0.0,0.0,0.0,10308578,0.0,0.0,0.0
1991,DE,58.72222222222222,118.77142857142857,44.855555555555554,10622.16197968698,0.28140890817603365,0.567695826837068,0.2735002201822431,80013896,0.73390029929579,1.4843850194649761,0.5605970687336054
1991,DK,1.0,1.0,2.3333333333333335,335.81666666666666,0.004792204680386571,0.004779733928144667,0.014227160326547205,5154298,0.1940128413219414,0.1940128413219414,0.4526966297511967
1991,ES,5.5,0.0,2.5,275.87626262626264,0.02635712574212614,0.0,0.015243386064157718,38966376,0.14114733174057553,0.0,0.06415787806389797
1991,FI,5.0,2.0,4.0,422.14642857142854,0.023961023401932856,0.009559467856289333,0.02438941770265235,5013740,0.9972595308093359,0.39890381232373434,0.7978076246474687
1991,FR,32.53333333333333,31.833333333333336,33.7,4863.93269883711,0.15590639226857644,0.1521548633792719,0.20548084414484605,58554242,0.5556101867621023,0.5436554593829996,0.57553473239394
1991,GB,41.583333333333336,8.75,40.28333333333333,3541.6612484737484,0.19927584462607492,0.04182267187126583,0.24562176078046136,57424897,0.724134225845165,0.15237293329407278,0.7014959614700454
1991,GR,0.0,0.0,0.0,24.0,0.0,0.0,0.0,10319927,0.0,0.0,0.0
1991,HU,0.0,1.0,0.0,65.59444444444445,0.0,0.004779733928144667,0.0,10373400,0.0,0.09640040873773305,0.0
1991,IE,3.0,0.0,2.0,62.11031746031746,0.014376614041159714,0.0,0.012194708851326175,3534235,0.8488399894177948,0.0,0.56589332627853
1991,IT,12.0,12.0,8.0,2134.3981092436975,0.057506456164638856,0.057356807137736,0.0487788354053047,56758521,0.21142199952673185,0.21142199952673185,0.1409479996844879
1991,LI,0.0,0.0,0.0,26.150000000000002,0.0,0.0,0.0,29209,0.0,0.0,0.0
1991,LU,0.0,0.0,0.0,35.913492063492065,0.0,0.0,0.0,387000,0.0,0.0,0.0
1991,NL,13.333333333333334,6.5166666666666675,6.0,1467.127922077922,0.06389606240515429,0.031147932765076082,0.036584126553978524,15069798,0.8847718684307071,0.43243225069550817,0.3981473407938182
1991,NO,2.5,2.0,1.0,134.30555555555554,0.011980511700966428,0.009559467856289333,0.006097354425663087,4261732,0.5866159580189463,0.469292766415157,0.2346463832075785
1991,PL,0.0,0.0,0.0,16.35,0.0,0.0,0.0,38246193,0.0,0.0,0.0
1991,PT,0.0,0.0,0.0,7.75,0.0,0.0,0.0,9960235,0.0,0.0,0.0
1991,RO,0.0,0.0,0.0,3.0,0.0,0.0,0.0,23001155,0.0,0.0,0.0
1991,SE,8.166666666666668,3.0,7.0,913.143759018759,0.039136338223157006,0.014339201784434,0.04268148097964161,8617375,0.9476977231078686,0.3481338574681966,0.8123123340924586
1991,SI,0.0,0.0,0.0,3.0,0.0,0.0,0.0,1999429,0.0,0.0,0.0
1992,AT,7.0,1.4,2.0,656.4917582417582,0.02902714630570324,0.0060573282855597614,0.010288546976570171,7840709,0.8927764058071789,0.17855528116143576,0.2550789730877654
1992,BE,2.3333333333333335,9.583333333333332,2.5,633.8297619047619,0.009675715435234414,0.04146385433567694,0.012860683720712715,10045158,0.23228438351425965,0.9540251465764233,0.2488761251938496
1992,CH,12.666666666666668,13.5,4.833333333333334,1669.6936868686869,0.05252531236270111,0.058409951325040566,0.02486398852671125,6875364,1.842326699599711,1.9635324035207444,0.702993082741995
1992,CZ,0.0,0.0,0.0,2.0,0.0,0.0,0.0,10319123,0.0,0.0,0.0
1992,DE,74.05357142857143,122.275,73.43333333333334,11317.39575979576,0.30708055033099835,0.5290427257977285,0.3777611498230682,80624598,0.91849848886777,1.5165967091085526,0.9108055749106908
1992,DK,5.333333333333334,0.0,2.3333333333333335,360.0452380952381,0.022115920994821518,0.0,0.012003304805998535,5171370,1.031319231331994,0.0,0.4512021637077474
1992,ES,2.0,0.33333333333333337,2.0,292.5815476190476,0.00829347037305807,0.0014422210203713722,0.010288546976570171,39157685,0.05107554238714571,0.00851259039785762,0.05107554238714571
1992,FI,5.0,0.25,8.5,420.8619047619048,0.020733675932645173,0.001081665765278529,0.04372632465042323,5041992,0.9916715456906715,0.049583577284533574,1.6858416276741417
1992,FR,38.33333333333333,29.416666666666668,32.5,4977.334547908232,0.15895818215027963,0.1272760050477736,0.1671888883692653,58846584,0.651411360315041,0.4998874134591511,0.5522835446149261
1992,GB,49.36666666666667,17.866666666666667,33.59090909090909,3435.8540043290045,0.20471049370831668,0.07730304669190553,0.17280082308375813,57580402,0.8573518932130183,0.310290759461295,0.5833739940007555
1992,GR,0.0,1.0,0.33333333333333337,29.46666666666667,0.0,0.004326663061114116,0.001714757829428362,10399061,0.0,0.09616252852060393,0.03205417617353465
1992,HU,0.0,0.0,0.0,58.38333333333333,0.0,0.0,0.0,10369341,0.0,0.0,0.0
1992,IE,2.0,1.0,0.0,66.68333333333334,0.00829347037305807,0.004326663061114116,0.0,3558430,0.5620456212430763,0.28102281062153817,0.0
1992,IT,16.0,19.0,3.3333333333333335,2430.8300125313285,0.06634776298446456,0.0822065981611682,0.017147578294283622,56797087,0.2817045881243874,0.3345241983977101,0.05868845585924739
1992,LI,1.0,0.0,1.0,31.266666666666666,0.004146735186529035,0.0,0.0051442734882850855,29627,33.75299557835758,0.0,33.75299557835758
1992,LU,0.0,0.0,0.0,33.18333333333334,0.0,0.0,0.0,392175,0.0,0.0,0.0
1992,NL,13.4,12.749999999999998,9.133333333333333,1462.3599206349206,0.055566251499489065,0.05516495402920497,0.04698436452633711,15184166,0.8824982550902039,0.8396905039104551,0.6015037858077509
1992,NO,2.666666666666667,0.0,0.6666666666666667,182.94532967032967,0.011057960497410759,0.0,0.003429515658856724,4286401,0.6221225374543042,0.0,0.15553063436357606
1992,PL,1.0,0.0,0.0,18.65,0.004146735186529035,0.0,0.0,38363667,0.02606632989489769,0.0,0.0
1992,PT,0.0,0.0,1.1,13.016666666666667,0.0,0.0,0.005658700837113595,9952494,0.0,0.0,0.11052506035170682
1992,RO,0.0,0.0,0.0,3.8333333333333335,0.0,0.0,0.0,22794284,0.0,0.0,0.0
1992,SE,9.0,2.75,17.133333333333333,959.8039072039072,0.03732061667876131,0.011898323418063819,0.0881385524326178,8668067,1.0382937741482616,0.3172564309897466,1.9766037033785424
1992,SI,0.0,0.0,0.0,3.3333333333333335,0.0,0.0,0.0,1996498,0.0,0.0,0.0
1993,AT,3.0,4.0,1.0,616.8813492063492,0.012131287489048142,0.01717967072297781,0.004725756120979357,7905633,0.3794762544631151,0.5059683392841535,0.12649208482103838
1993,BE,3.0,15.666666666666668,1.0,730.5305555555556,0.012131287489048142,0.06728704366499642,0.004725756120979357,10084475,0.29748697874703445,1.5535431112345133,0.09916232624901149
1993,CH,15.833333333333334,8.25,8.8,1755.7996753246753,0.06402623952553187,0.03543307086614173,0.04158665386461834,6938265,2.2820306421466077,1.189058071434285,1.2683286095299042
1993,CZ,0.0,1.0,0.0,22.283333333333335,0.0,0.004294917680744453,0.0,10329855,0.0,0.09680677995964125,0.0
1993,DE,70.76666666666667,125.3452380952381,51.33333333333333,11437.195473970474,0.2861635926583245,0.5383474792923612,0.24258881421027365,81156363,0.8719792761864731,1.544490579195104,0.6325238272855245
1993,DK,5.5,0.0,1.0,389.8404761904762,0.022240693729921594,0.0,0.004725756120979357,5188628,1.0600104690488508,0.0,0.19272917619070015
1993,ES,4.0,1.0,2.0,302.4107142857143,0.01617504998539752,0.004294917680744453,0.009451512241958714,39361262,0.10162275792884892,0.02540568948221223,0.05081137896442446
1993,FI,6.333333333333334,1.5714285714285714,21.0,519.1873015873016,0.025610495810212745,0.006749156355455568,0.0992408785405665,5066447,1.2500541964286478,0.31016382317402535,4.144916546052885
1993,FR,33.91666666666667,29.0,29.12857142857143,4681.423063048063,0.13715094466784983,0.12455261274158912,0.13765452472395584,59103094,0.5738560263303081,0.4906680519974132,0.49284342759740174
1993,GB,53.94444444444445,11.5,47.77777777777778,3405.335497835498,0.21813852133084716,0.049391553328561204,0.22578612578012483,57718614,0.9346108769078282,0.19924248354265747,0.8277707045733596
1993,GR,1.0,0.0,0.0,27.016666666666666,0.00404376249634938,0.0,0.0,10460415,0.0955985015890861,0.0,0.0
1993,HU,1.0,0.0,0.0,50.483333333333334,0.00404376249634938,0.0,0.0,10357523,0.0965481804867824,0.0,0.0
1993,IE,2.5,1.0,1.0,75.94285714285715,0.010109406240873451,0.004294917680744453,0.004725756120979357,3576261,0.6990541238461063,0.27962164953844254,0.27962164953844254
1993,IT,15.5,15.0,9.0,2250.8035714285716,0.06267831869341539,0.06442376521116679,0.04253180508881421,56831821,0.2727345301851229,0.263936642114635,0.15836198526878104
1993,LI,0.0,0.0,0.0,10.75,0.0,0.0,0.0,30089,0.0,0.0,0.0
1993,LU,0.0,0.0,0.0,22.333333333333332,0.0,0.0,0.0,397475,0.0,0.0,0.0
1993,NL,15.0,13.166666666666668,16.0,1469.563492063492,0.060656437445240706,0.05654974946313529,0.07561209793566971,15290368,0.9810097441735869,0.8611085532190375,1.0464103937851594
1993,NO,1.0,1.0,0.0,192.58333333333334,0.00404376249634938,0.004294917680744453,0.0,4311991,0.23191143024185348,0.23191143024185348,0.0
1993,PL,0.0,0.6666666666666667,0.0,12.166666666666668,0.0,0.0028632784538296352,0.0,38461408,0.0,0.017333392128199433,0.0
1993,PT,0.0,1.0,0.0,11.092857142857143,0.0,0.004294917680744453,0.0,9964675,0.0,0.10035450227930164,0.0
1993,RO,0.0,0.0,0.0,2.5,0.0,0.0,0.0,22763280,0.0,0.0,0.0
1993,SE,14.5,2.666666666666667,22.566666666666666,1036.8075396825398,0.05863455619706602,0.011453113815318541,0.10664456313010082,8718561,1.6631184893929172,0.30586087161249054,2.588347626020701
1993,SI,0.5,0.0,0.0,13.833333333333334,0.00202188124817469,0.0,0.0,1991746,0.251036025677973,0.0,0.0
1993,SK,0.0,1.0,0.0,5.666666666666667,0.0,0.004294917680744453,0.0,5325305,0.0,0.18778267160284715,0.0
1994,AT,5.5,2.0,1.0,647.1887445887446,0.026056060007895773,0.008993816750983699,0.005159515005589475,7936118,0.6930340501489519,0.25201238187234615,0.12600619093617307
1994,BE,4.666666666666667,7.0,0.0,759.5177960927961,0.02210817212791157,0.03147835862844295,0.0,10115603,0.46133351285797464,0.6920002692869619,0.0
1994,CH,21.5,10.8,6.0,1677.225394050394,0.10185550730359258,0.04856661045531198,0.030957090033536847,6993795,3.074153589002823,1.5442259888944414,0.8579033271635785
1994,CZ,0.0,0.0,0.0,17.694444444444443,0.0,0.0,0.0,10333587,0.0,0.0,0.0
1994,DE,61.30952380952381,99.0,56.75,11757.970188145187,0.2904517511702668,0.4451939291736931,0.2928024765672027,81438348,0.7528335890301189,1.215643519684363,0.6968461590109858
1994,DK,2.25,0.0,0.0,432.6980158730159,0.010659297275957363,0.0,0.0,5206180,0.43217867995343995,0.0,0.0
1994,ES,3.5476190476190474,2.0,1.25,378.85714285714283,0.01680672268907563,0.008993816750983699,0.006449393756986843,39549108,0.08970161975888427,0.05057004066943811,0.03160627541839882
1994,FI,4.5,2.666666666666667,18.333333333333336,596.1246031746032,0.021318594551914725,0.011991755667978266,0.09459110843580705,5088333,0.8843760815182496,0.5240747149737776,3.603013665444721
1994,FR,30.80952380952381,49.2,28.333333333333332,4780.810714285714,0.14595905476284474,0.221247892074199,0.14618625849170178,59324863,0.5193357767977282,0.8293318772602981,0.47759627077998196
1994,GB,44.333333333333336,17.583333333333336,41.75,3474.890481740482,0.21002763521515988,0.0790706389357317,0.21540975148336056,57865745,0.7661412349107981,0.30386428677853083,0.7214976667111087
1994,GR,0.0,0.0,0.0,22.988095238095237,0.0,0.0,0.0,10512922,0.0,0.0,0.0
1994,HU,1.0,0.0,0.0,46.74166666666667,0.0047374654559810495,0.0,0.0,10343355,0.09668042912575271,0.0,0.0
1994,IE,2.0,2.0,2.0,70.46666666666667,0.009474930911962099,0.008993816750983699,0.01031903001117895,3590386,0.5570431702886542,0.5570431702886542,0.5570431702886542
1994,IT,13.0,15.875000000000002,4.0,2298.5642857142857,0.06158705092775365,0.07138842046093312,0.0206380600223579,56843400,0.22869849446021875,0.27927604611969026,0.07036876752622116
1994,LI,1.0,0.0,0.0,23.283333333333335,0.0047374654559810495,0.0,0.0,30470,32.81916639317361,0.0,0.0
1994,LU,0.0,0.0,0.0,34.12619047619047,0.0,0.0,0.0,402925,0.0,0.0,0.0
1994,NL,7.333333333333334,8.666666666666668,18.666666666666668,1481.0463203463203,0.034741413343861036,0.038973205920929364,0.09631094677100353,15382838,0.47672174232955805,0.5633984227531141,1.2134735259297842
1994,NO,3.0,0.25,1.0,160.58690476190475,0.01421239636794315,0.0011242270938729624,0.005159515005589475,4336613,0.6917841181585722,0.05764867651321435,0.2305947060528574
1994,PL,0.0,0.0,0.0,18.05,0.0,0.0,0.0,38542652,0.0,0.0,0.0
1994,PT,0.0,0.0,0.0,17.166666666666668,0.0,0.0,0.0,9991525,0.0,0.0,0.0
1994,RO,0.0,0.0,0.0,4.1,0.0,0.0,0.0,22730211,0.0,0.0,0.0
1994,SE,5.333333333333334,4.333333333333334,14.733333333333334,1126.7940476190477,0.025266482431898937,0.019486602960464682,0.07601685441568493,8780745,0.6073896159532403,0.49350406296200766,1.677913814070826
1994,SI,0.0,1.0,0.0,23.75,0.0,0.004496908375491849,0.0,1989443,0.0,0.5026532552076134,0.0
1994,SK,0.0,0.0,0.0,5.25,0.0,0.0,0.0,5346331,0.0,0.0,0.0
1995,AT,8.75,4.25,1.0,691.8678571428571,0.04269739071501186,0.014126249896130514,0.004810969009341298,7948278,1.1008673828469513,0.534707014525662,0.12581341518250871
1995,BE,7.75,16.0,3.0,821.1119658119658,0.0378176889190105,0.053181176079550176,0.014432907028023894,10136811,0.764540248407512,1.5784056741316377,0.29595106389968207
1995,CH,10.166666666666668,15.452380952380953,6.0,1723.6861111111111,0.04961030159268045,0.05136098701730366,0.028865814056047788,7040687,1.4439878759937301,2.1947263033253646,0.8521895661602341
1995,CZ,0.0,0.0,0.0,21.75,0.0,0.0,0.0,10327253,0.0,0.0,0.0
1995,DE,51.11666666666667,146.58928571428572,55.7,12628.33894993895,0.24943409013893594,0.48723691343418235,0.2679709738203103,81678051,0.6258311264879064,1.7947206614208477,0.6819457530885501
1995,DK,3.0,0.0,2.0,482.32686202686205,0.014639105388004066,0.0,0.009621938018682595,5233373,0.5732440626723911,0.0,0.3821627084482608
1995,ES,4.0,3.0833333333333335,2.0,383.7730158730159,0.01951880718400542,0.010248455806996648,0.009621938018682595,39724050,0.10069466733628621,0.07761880607172063,0.050347333668143104
1995,FI,5.666666666666667,1.0,30.0,689.0400793650794,0.027651643510674347,0.003323823504971886,0.14432907028023895,5107790,1.1094165317420386,0.19577938795447739,5.873381638634322
1995,FR,30.6,57.03333333333333,15.166666666666668,4981.980891330892,0.14931887495764148,0.18956873390022988,0.07296636330834302,59541294,0.5139290388952582,0.9578786334964996,0.25472517723022053
1995,GB,40.68055555555556,19.266666666666666,49.54166666666667,3678.994617882118,0.19850898000677736,0.06403899952912499,0.23834342300445016,58019030,0.7011588362569239,0.33207495310877594,0.8538865035604123
1995,GR,2.0,0.0,0.0,26.227777777777778,0.00975940359200271,0.0,0.0,10562153,0.18935533314088518,0.0,0.0
1995,HU,1.0,0.0,0.75,45.80071733821734,0.004879701796001355,0.0,0.0036082267570059735,10328965,0.096815121360175,0.0,0.07261134102013125
1995,IE,3.0,1.0,2.0,88.6968253968254,0.014639105388004066,0.003323823504971886,0.009621938018682595,3608841,0.8312918191740784,0.2770972730580261,0.5541945461160522
1995,IT,11.0,14.0,3.0,2380.4222222222224,0.05367671975601491,0.0465335290696064,0.014432907028023894,56844303,0.19351103662929953,0.24628677389183576,0.05277573726253623
1995,LI,0.0,0.0,0.0,24.366666666666667,0.0,0.0,0.0,30776,0.0,0.0,0.0
1995,LU,0.2,0.25,1.0,22.62420634920635,0.0009759403592002711,0.0008309558762429715,0.004810969009341298,408625,0.48944631385744874,0.6118078923218109,2.4472315692872435
1995,NL,10.0,14.933333333333334,6.2,1530.8606532356532,0.04879701796001355,0.0496357643409135,0.029828007857916047,15459006,0.6468721210147664,0.9659957007153845,0.4010607150291552
1995,NO,5.0,0.0,1.0,190.34234654234655,0.024398508980006776,0.0,0.004810969009341298,4359184,1.1470036594004749,0.0,0.229400731880095
1995,PL,0.0,0.0,0.0,19.792857142857144,0.0,0.0,0.0,38594998,0.0,0.0,0.0
1995,PT,1.0,0.0,0.0,14.9,0.004879701796001355,0.0,0.0,10026176,0.09973892339412355,0.0,0.0
1995,RO,0.0,0.0,0.0,8.0,0.0,0.0,0.0,22684270,0.0,0.0,0.0
1995,SE,10.0,8.0,29.5,1344.4576923076922,0.04879701796001355,0.026590588039775088,0.1419235857755683,8826939,1.1328955598311035,0.9063164478648827,3.342041901501755
1995,SI,0.0,0.0,0.0,17.69047619047619,0.0,0.0,0.0,1989872,0.0,0.0,0.0
1995,SK,0.0,0.0,0.0,6.366666666666667,0.0,0.0,0.0,5361999,0.0,0.0,0.0
1996,AT,3.0,2.3333333333333335,3.0,680.5226190476191,0.013721603903033999,0.00816183757943217,0.013978979756366352,7959017,0.3769309702441897,0.2931685324121476,0.3769309702441897
1996,BE,2.8333333333333335,9.666666666666668,2.3333333333333335,799.1736652236652,0.012959292575087667,0.03381332711479042,0.010872539810507164,10156637,0.2789637291687528,0.9517586053992741,0.22973483578603168
1996,CH,17.583333333333336,13.95,7.333333333333334,1778.5588626285994,0.08042384509833818,0.04879612895703375,0.034170839404451085,7071850,2.486383808103019,1.9726097131585085,1.0369752375026808
1996,CZ,0.33333333333333337,0.0,0.0,19.509848484848487,0.0015246226558926668,0.0,0.0,10315241,0.03231464328689299,0.0,0.0
1996,DE,56.25,136.21666666666664,50.41666666666667,13237.773738696804,0.2572800731818875,0.4764764181192793,0.2349245209056012,81914831,0.68668883660396,1.6629060330560486,0.615476660956142
1996,DK,5.316666666666666,1.0,0.4,509.7841991341991,0.024317731361488033,0.0034979303911852155,0.0018638639675155136,5263074,1.0101827689800043,0.19000302864827667,0.07600121145931067
1996,ES,0.0,1.0,0.0,377.2579365079365,0.0,0.0034979303911852155,0.0,39889852,0.0,0.02506903259505701,0.0
1996,FI,10.45,2.0,29.247619047619047,724.8642857142858,0.047796920262235094,0.006995860782370431,0.13628395819619385,5124573,2.039194289943767,0.3902764191279937,5.707328014962232
1996,FR,36.5,46.2,25.166666666666668,5174.55696519253,0.16694618082024698,0.16160438407275696,0.11726810795618439,59754504,0.6108326160652259,0.7731634756770804,0.4211676941819594
1996,GB,44.5,26.25,47.71031746031746,3857.042914378363,0.203537124561671,0.0918206727686119,0.22231385398252995,58166950,0.7650392533904563,0.4512872000336961,0.8202306887384926
1996,GR,1.0,0.0,1.0,30.2,0.004573867967678,0.0,0.004659659918788784,10608800,0.09426136792097127,0.0,0.09426136792097127
1996,HU,0.0,0.0,0.0,58.87619047619047,0.0,0.0,0.0,10311238,0.0,0.0,0.0
1996,IE,0.0,0.5,1.0,96.50320512820512,0.0,0.0017489651955926078,0.004659659918788784,3637510,0.0,0.1374566667857958,0.2749133335715916
1996,IT,13.666666666666668,15.75,3.0,2628.2339285714284,0.06250952889159933,0.05509240366116715,0.013978979756366352,56860281,0.24035524317346704,0.2769947619499102,0.05276090703807813
1996,LI,1.0,0.0,0.0,23.016666666666666,0.004573867967678,0.0,0.0,31033,32.22376180195276,0.0,0.0
1996,LU,0.0,0.0,0.0,33.07857142857143,0.0,0.0,0.0,414225,0.0,0.0,0.0
1996,NL,16.333333333333336,13.516666666666667,24.8,1798.6969447219446,0.07470651013874068,0.0472803591208535,0.11555956598596184,15530498,1.0516941139513578,0.8703305371577053,1.5968580015914493
1996,NO,2.0,1.5,1.0,239.44206349206348,0.009147735935356,0.005246895586777823,0.004659659918788784,4381336,0.4564817672052543,0.3423613254039407,0.22824088360262715
1996,PL,0.0,0.0,0.0,13.383333333333333,0.0,0.0,0.0,38624370,0.0,0.0,0.0
1996,PT,0.0,0.0,0.0,14.166666666666666,0.0,0.0,0.0,10063945,0.0,0.0,0.0
1996,RO,0.0,1.0,0.0,7.333333333333333,0.0,0.0034979303911852155,0.0,22619004,0.0,0.04421061157246358,0.0
1996,SE,7.866666666666667,15.0,18.200000000000003,1540.8464285714285,0.03598109467906693,0.052468955867778236,0.08480581052195588,8840998,0.8897939651911092,1.6966410353220303,2.058591122857397
1996,SI,0.0,0.0,0.0,22.991666666666667,0.0,0.0,0.0,1988628,0.0,0.0,0.0
1996,SK,0.0,0.0,0.0,7.583333333333334,0.0,0.0,0.0,5373361,0.0,0.0,0.0
1997,AT,0.33333333333333337,8.416666666666666,1.3333333333333335,769.495670995671,0.0012828266168196897,0.024710084650388996,0.006078037662126228,7968041,0.041833787418178864,1.0563031323090162,0.16733514967271546
1997,BE,2.8333333333333335,18.80238095238095,3.8333333333333335,991.6883236646395,0.01090402624296736,0.05520100098560733,0.017474358278612902,10181245,0.27828947573045665,1.8467663780196772,0.37650929069414724
1997,CH,12.642857142857142,18.083333333333336,7.0,2149.5396825396824,0.04865578096651822,0.05308998385281598,0.03190969772616269,7088906,1.7834708406144957,2.5509342814438978,0.98745843152667
1997,CZ,0.0,0.0,0.0,31.777958152958153,0.0,0.0,0.0,10304131,0.0,0.0,0.0
1997,DE,77.91666666666667,161.43333333333334,55.54761904761905,15785.463232600732,0.29986072168160244,0.4739443166805304,0.2532153904596516,82034771,0.9498005018709282,1.9678647403469112,0.6771228635186786
1997,DK,8.444444444444445,1.0,2.0,633.6738178488179,0.032498274292765465,0.002935851641630376,0.00911705649318934,5284991,1.597816239317048,0.18921508097175568,0.37843016194351137
1997,ES,3.0,3.25,0.0,484.73892496392494,0.011545439551377205,0.009541517835298722,0.0,40057389,0.07489254978650756,0.08113359560204984,0.0
1997,FI,11.7,5.0,29.43809523809524,865.0879054520359,0.0450272142503711,0.014679258208151882,0.1341943886688012,5139835,2.276337664535924,0.9727938737333008,5.727439740399301
1997,FR,47.083333333333336,53.38333333333334,30.0,5741.810658785659,0.18119925962578115,0.15672554680236828,0.1367558473978401,59968066,0.7851400999547549,0.8901960142141876,0.5002662583782509
1997,GB,51.957142857142856,23.747619047619047,49.340476190476195,4246.0047162486635,0.1999560173731376,0.06971948636576517,0.22491995441471752,58316954,0.8909440444564861,0.40721638252263737,0.846074302688652
1997,GR,0.7,0.0,0.2,37.733333333333334,0.0026939358953213476,0.0,0.0009117056493189341,10661259,0.0656582866995352,0.0,0.01875951048558149
1997,HU,1.0,0.0,0.0,58.23809523809524,0.0038484798504590683,0.0,0.0,10290486,0.09717714012729817,0.0,0.0
1997,IE,1.25,2.3333333333333335,2.916666666666667,120.82277167277168,0.004810599813073835,0.006850320497137545,0.013295707385901122,3674171,0.3402127990232355,0.6350638915100396,0.7938298643875494
1997,IT,14.5,23.416666666666664,2.0,2935.3959235209236,0.055802957831656494,0.06874785927484464,0.00911705649318934,56890372,0.2548761677986567,0.4116103629392099,0.035155333489469885
1997,LI,0.0,0.0,0.0,29.835714285714285,0.0,0.0,0.0,31232,0.0,0.0,0.0
1997,LU,0.5,0.0,0.5,49.55952380952381,0.0019242399252295342,0.0,0.002279264123297335,419450,1.1920371915603767,0.0,1.1920371915603767
1997,NL,11.25,14.25,15.25,2177.386940836941,0.04329539831766452,0.04183588589323286,0.06951755576056873,15610650,0.7206618558484112,0.9128383507413208,0.9768971823722907
1997,NO,5.3428571428571425,0.0,4.342857142857143,277.5857142857143,0.020561878058167022,0.0,0.019797036956639712,4405157,1.2128641823338289,0.0,0.9858575171911338
1997,PL,0.5,0.0,0.0,29.08373015873016,0.0019242399252295342,0.0,0.0,38649660,0.012936724411029749,0.0,0.0
1997,PT,0.0,0.0,0.0,21.4,0.0,0.0,0.0,10108977,0.0,0.0,0.0
1997,RO,0.33333333333333337,0.0,0.0,2.0,0.0012828266168196897,0.0,0.0,22553978,0.014779358804612355,0.0,0.0
1997,SE,8.555555555555555,7.5,15.666666666666668,1825.487527448397,0.032925883165038694,0.02201888731222782,0.07141694252998318,8846062,0.9671598000958568,0.84783488969442,1.7710328806950106
1997,SI,0.0,0.0,0.0,21.333333333333332,0.0,0.0,0.0,1985956,0.0,0.0,0.0
1997,SK,0.0,0.0,0.0,8.333333333333334,0.0,0.0,0.0,5383291,0.0,0.0,0.0
1998,AT,2.533333333333333,6.9,1.3333333333333335,1000.839393939394,0.00892516367693256,0.01840410927730954,0.004515425566031685,7976789,0.31758810886602784,0.8650097175693127,0.16715163624527782
1998,BE,4.833333333333334,14.866666666666667,6.5,1201.5642327830408,0.017028272804673967,0.0396532982496621,0.022012699634404463,10203008,0.4737165092229011,1.457086642161475,0.637067029644591
1998,CH,21.166666666666668,18.224999999999998,9.0,2368.6309523809523,0.07457209124805496,0.0486108538520241,0.03047912257071387,7110001,2.9770272418620856,2.5632907787214094,1.2658226067760048
1998,CZ,0.0,1.3333333333333335,0.75,54.631349206349206,0.0,0.003556349618803776,0.0025399268808928227,10294373,0.0,0.12952059667289434,0.07285533562850306
1998,DE,63.71666666666667,203.61388888888888,68.33333333333334,18097.055878113115,0.22447961011127093,0.5430916320998657,0.23141556025912385,82047195,0.7765855574546657,2.4816678850372504,0.8328539852378054
1998,DK,8.666666666666668,2.05,5.666666666666667,681.3357142857143,0.030533454684242976,0.005467887538910804,0.01919055865563466,5304219,1.6339194642352943,0.38648479634796373,1.0683319573846153
1998,ES,3.8333333333333335,3.142857142857143,0.33333333333333337,609.1441558441559,0.013505181879569008,0.008382824101466043,0.0011288563915079213,40223509,0.09530081856690657,0.07813483261386128,0.008287027701470138
1998,FI,8.666666666666668,4.466666666666667,32.66666666666667,1060.3710317460318,0.030533454684242976,0.011913771222992649,0.11062792636777628,5153498,1.681705642782178,0.8667252158954301,6.338736653563593
1998,FR,44.91666666666667,56.09285714285715,36.91666666666667,6435.156274281274,0.15824550071929774,0.149614358338211,0.12502084535950228,60190684,0.7462395121920641,0.9319192508737257,0.6133285786662048
1998,GB,62.49166666666667,11.416666666666668,72.5340909090909,4722.418870384002,0.22016382372801735,0.03045124361100733,0.2456417163748316,58487141,1.068468480390701,0.19519960236501674,1.2401715944551113
1998,GR,1.0,0.25,0.0,57.853968253968254,0.0035230909251049583,0.0006668155535257079,0.0,10720509,0.09327915307006412,0.02331978826751603,0.0
1998,HU,0.0,1.0,0.0,72.84444444444445,0.0,0.0026672622141028315,0.0,10266570,0.0,0.09740351451361068,0.0
1998,IE,1.0,0.08333333333333334,1.1666666666666667,137.85324675324676,0.0035230909251049583,0.000222271851175236,0.003950997370277725,3712696,0.2693460493398867,0.022445504111657227,0.31423705756320114
1998,IT,17.5,17.75,5.0,3296.0618667881827,0.06165409118933677,0.047343904300325264,0.016932845872618816,56906744,0.30752066925494803,0.31191382167287585,0.08786304835855659
1998,LI,0.0,0.0,0.0,32.63333333333333,0.0,0.0,0.0,31668,0.0,0.0,0.0
1998,LU,1.0,0.0,0.0,54.30952380952381,0.0035230909251049583,0.0,0.0,424700,2.354603249352484,0.0,0.0
1998,NL,22.0,16.183333333333337,16.0,2438.9902347652346,0.07750800035230908,0.043165193498230836,0.054185106792380214,15707209,1.4006307549609864,1.0303124720205439,1.0186405490625354
1998,NO,1.6666666666666667,1.0,5.166666666666667,312.63849206349204,0.0058718182085082645,0.0026672622141028315,0.01749727406837278,4431464,0.37609843308366414,0.2256590598501985,1.165905142559359
1998,PL,0.0,0.0,0.0,34.91111111111111,0.0,0.0,0.0,38663481,0.0,0.0,0.0
1998,PT,0.0,0.0,0.0,21.20952380952381,0.0,0.0,0.0,10160196,0.0,0.0,0.0
1998,RO,0.0,0.0,0.0,9.026190476190477,0.0,0.0,0.0,22507344,0.0,0.0,0.0
1998,SE,17.85,16.541666666666668,33.91666666666667,2059.8113997113996,0.0628871730131235,0.04412096245828434,0.114861137835931,8850974,2.016727198611136,1.868909191990245,3.831969980554306
1998,SI,0.0,0.0,0.0,18.396428571428572,0.0,0.0,0.0,1981629,0.0,0.0,0.0
1998,SK,1.0,0.0,0.0,12.305263157894737,0.0035230909251049583,0.0,0.0,5390516,0.1855109974629516,0.0,0.0
1999,AT,1.2,14.45,3.0,985.4454184704184,0.004200250848314551,0.036931071938206834,0.009542827857988583,7992324,0.1501440632286679,1.8079847613785427,0.3753601580716698
1999,BE,5.366666666666667,16.358333333333334,9.166666666666668,1217.7131396381396,0.01878445518274008,0.04180835883200693,0.02915864067718734,10226419,0.5247845474223839,1.599615010233136,0.8963711213736371
1999,CH,20.333333333333336,16.833333333333336,22.083333333333336,2411.356813508129,0.07117091715199658,0.04302235600644626,0.0702458161768604,7143991,2.8462148585200255,2.356292628774775,3.0911759733926507
1999,CZ,0.0,0.0,0.0,54.86190476190476,0.0,0.0,0.0,10283860,0.0,0.0,0.0
1999,DE,69.63888888888889,175.30238095238096,93.25555555555556,19882.59256535948,0.24375066844269863,0.44803493715510867,0.2966405711559192,82100243,0.848217816954438,2.1352236552135535,1.1358742940085518
1999,DK,3.0833333333333335,1.0,7.583333333333334,839.3938075813076,0.01079231120747489,0.002555783525135421,0.024122148196582253,5321799,0.5793780135877611,0.1879063827852198,1.4249567361212503
1999,ES,4.0,3.0,3.0,689.497915972916,0.014000836161048505,0.007667350575406263,0.009542827857988583,40386875,0.09904207740757362,0.07428155805568021,0.07428155805568021
1999,FI,15.5,3.1,33.083333333333336,1217.104761904762,0.05425324012406296,0.007922928927919806,0.10523618498948521,5165474,3.0006926760254724,0.6001385352050945,6.404704260118885
1999,FR,35.36666666666667,79.06111111111112,33.833333333333336,6801.465879442195,0.12379072639060387,0.20206308525667876,0.10762189195398236,60501986,0.5845538139304496,1.3067523289419147,0.5592102932510898
1999,GB,53.75,21.754761904761907,48.0,5199.568513650092,0.1881362359140893,0.05560046206943415,0.15268524572781733,58682466,0.9159465111776318,0.370719967779846,0.8179615355632806
1999,GR,1.0,0.0,0.0,58.19444444444444,0.0035002090402621263,0.0,0.0,10761698,0.092922139238622,0.0,0.0
1999,HU,0.33333333333333337,1.0,1.8333333333333335,67.57857142857142,0.0011667363467540422,0.002555783525135421,0.005831728135437468,10237530,0.03255993714629734,0.097679811438892,0.17907965430463535
1999,IE,8.125,3.25,8.0,187.8368797868798,0.028439198452129777,0.008306296456690117,0.025447540954636222,3754786,2.163904946913086,0.8655619787652346,2.130614101575962
1999,IT,16.0,29.25,2.8666666666666667,3453.0673122199437,0.05600334464419402,0.07475666811021106,0.009118702175411313,56916317,0.28111446494333076,0.5139123812245265,0.050366341635680094
1999,LI,0.0,1.0,0.0,34.74523809523809,0.0,0.002555783525135421,0.0,32221,0.0,31.035659973309333,0.0
1999,LU,1.0,2.0,1.0,71.76785714285714,0.0035002090402621263,0.005111567050270842,0.0031809426193295277,430475,2.3230152738254253,4.6460305476508506,2.3230152738254253
1999,NL,27.5,13.20952380952381,22.0,2645.8719848864584,0.09625574860720848,0.03376068332726504,0.0699807376252496,15812088,1.7391757495910725,0.8354066717516252,1.3913405996728578
1999,NO,4.0,3.7,1.0,338.2952380952381,0.014000836161048505,0.009456399043001058,0.0031809426193295277,4461913,0.8964764664842187,0.8292407314979023,0.2241191166210547
1999,PL,0.0,0.0,0.0,24.445238095238096,0.0,0.0,0.0,38660271,0.0,0.0,0.0
1999,PT,0.0,0.0,0.0,40.708333333333336,0.0,0.0,0.0,10217828,0.0,0.0,0.0
1999,RO,0.0,0.0,0.0,5.55952380952381,0.0,0.0,0.0,22472040,0.0,0.0,0.0
1999,SE,19.5,7.0,24.666666666666668,2122.836868686869,0.06825407628511146,0.01789048467594795,0.07846325127679502,8857874,2.2014311786327054,0.7902573461758431,2.7847163627148754
1999,SI,0.0,0.0,0.0,38.17619047619048,0.0,0.0,0.0,1983045,0.0,0.0,0.0
1999,SK,0.0,0.0,0.0,11.833333333333334,0.0,0.0,0.0,5396020,0.0,0.0,0.0
2000,AT,2.5,4.583333333333333,4.833333333333334,1086.9554945054945,0.007815029418003595,0.01045823792231978,0.013688161650670922,8011566,0.31204885536735266,0.5720895681734798,0.6032944537102152
2000,BE,3.0,16.430952380952384,4.0,1339.6073438466296,0.009378035301604313,0.037492103845157825,0.01132813377986559,10251250,0.29264723814169,1.6028242781077804,0.39019631752225337
2000,CH,21.666666666666668,16.23181818181818,14.000000000000002,2621.0525389814866,0.06773025495603115,0.03703771995431795,0.03964846822952957,7184250,3.015856445233207,2.2593615452995346,1.9487072415353033
2000,CZ,0.0,0.0,0.0,68.41785714285714,0.0,0.0,0.0,10255063,0.0,0.0,0.0
2000,DE,74.94166666666666,209.8766233766234,88.45,21771.321592167926,0.23426853185368773,0.4788959261685445,0.25049335820727786,82211508,0.9115714878586909,2.552886189323074,1.0758834395787997
2000,DK,8.0,7.0,8.8,884.9814407814408,0.0250080941376115,0.015972581554088393,0.0249218943157043,5339616,1.4982350790768473,1.3109556941922416,1.6480585869845323
2000,ES,6.600000000000001,4.0,3.3333333333333335,743.8163776699491,0.020631677663529493,0.00912718945947908,0.009440111483221325,40567864,0.16269035017470976,0.09860021222709679,0.08216684352258066
2000,FI,20.9,2.5,33.666666666666664,1426.1453785980102,0.06533364593451005,0.005704493412174425,0.09534512598053538,5176209,4.037704041703107,0.482978952356831,6.504116558405324
2000,FR,28.833333333333336,79.85,48.16666666666667,7282.752973580141,0.09013333928764146,0.18220151958485115,0.13640961093254816,60918661,0.47330871788750145,1.3107642008086815,0.7906717888409706
2000,GB,81.38809523809523,31.48383838383839,86.68650793650794,5831.8076910095815,0.254420143424397,0.07183973946022816,0.2454990897035355,58892514,1.381976922195837,0.5345983087738179,1.471944429753974
2000,GR,1.0,0.0,0.0,48.30663265306122,0.0031260117672014375,0.0,0.0,10805808,0.09254282511775148,0.0,0.0
2000,HU,1.0,1.0,0.33333333333333337,114.2489565989566,0.0031260117672014375,0.00228179736486977,0.0009440111483221326,10210971,0.09793387915801542,0.09793387915801542,0.03264462638600515
2000,IE,7.8,1.25,5.5,250.09790487290488,0.024382891784171214,0.0028522467060872127,0.015576183947315185,3805174,2.0498405591965043,0.32850008961482446,1.4454003943052276
2000,IT,15.0,21.083333333333336,4.833333333333334,3831.5965681144253,0.04689017650802157,0.048107894442670995,0.013688161650670922,56942108,0.2634254425564997,0.37025909425996906,0.08488153149042768
2000,LI,0.0,0.5,0.0,24.066666666666666,0.0,0.001140898682434885,0.0,32645,0.0,15.316281206922959,0.0
2000,LU,0.0,0.0,1.0,70.26439393939394,0.0,0.0,0.0028320334449663974,436300,0.0,0.0,2.2920009168003666
2000,NL,27.916666666666668,19.46111111111111,23.333333333333336,3109.7661782661785,0.08726782850104015,0.044406312050771134,0.06608078038254928,15925513,1.7529524271316514,1.2220084283069002,1.4651542674533207
2000,NO,5.35,2.0,2.5,381.8547619047619,0.01672416295452769,0.00456359472973954,0.007080083612415994,4490967,1.1912801853142094,0.4453383870333493,0.5566729837916867
2000,PL,0.0,0.16666666666666666,0.0,38.16904761904762,0.0,0.0003802995608116284,0.0,38258629,0.0,0.004356315712898825,0.0
2000,PT,0.0,0.0,0.0,31.185714285714287,0.0,0.0,0.0,10289898,0.0,0.0,0.0
2000,RO,0.0,0.0,0.0,7.3769841269841265,0.0,0.0,0.0,22442971,0.0,0.0,0.0
2000,SE,12.0,19.5,23.666666666666668,2285.5902882205514,0.03751214120641725,0.04449504861496052,0.0670247915308714,8872109,1.3525532655200696,2.197899056470113,2.6675356069979155
2000,SI,2.0,1.3333333333333335,0.0,37.166666666666664,0.006252023534402875,0.0030423964864930274,0.0,1988925,1.0055683346531417,0.6703788897687613,0.0
2000,SK,0.0,0.0,0.0,16.291666666666668,0.0,0.0,0.0,5388720,0.0,0.0,0.0
2001,AT,3.25,14.9,5.583333333333334,1202.3616522366522,0.009455593347141501,0.029749520258482036,0.013673708577992619,8042293,0.40411360292394216,1.852705441097458,0.6942464460488238
2001,BE,0.0,27.504761904761907,10.75,1301.4692511062397,0.0,0.05491634036848586,0.0263269911427022,10286570,0.0,2.6738516244736497,1.045051946372795
2001,CH,16.71666666666667,25.80952380952381,17.46666666666667,2767.017009787598,0.04863569295991245,0.05153160747873846,0.04277625847682467,7229854,2.312172094577106,3.5698540813581867,2.41590862922912
2001,CZ,0.0,0.0,0.0,64.11666666666667,0.0,0.0,0.0,10216605,0.0,0.0,0.0
2001,DE,68.46547049441787,219.0595238095238,95.90757575757577,22495.312427858833,0.1991943530202863,0.4373768953949568,0.23487980441746398,82349925,0.8313968773428497,2.6601059297810385,1.1646346460859045
2001,DK,6.55,8.5,8.55,966.2658064158064,0.0190566573611621,0.016971202832019954,0.0209391417925678,5358783,1.222292449610294,1.5861810414790074,1.59551151819359
2001,ES,4.196172248803828,2.6,1.0909090909090908,847.3377620881472,0.012208399507461314,0.005191191454500222,0.00267166083477739,40850412,0.10272043887351315,0.06364684889836607,0.026704971565747998
2001,FI,15.75,8.25,35.38333333333333,1503.9840326340327,0.04582326006691651,0.01647204980754878,0.08665457704799501,5188008,3.0358472847381885,1.5902057205771465,6.8202156460308725
2001,FR,40.476190476190474,91.66904761904763,38.59285714285714,7335.779281896965,0.11776196842593811,0.1830275294777592,0.09451477285316943,61364377,0.6596040317689607,1.4938479310080446,0.6289130441731225
2001,GB,86.27048302574619,30.466666666666665,103.15757575757576,6155.2576495414805,0.25099649395474755,0.06083011524888721,0.2526352170485887,59119673,1.4592516948756835,0.5153388900961389,1.744894220872564
2001,GR,2.0,0.0,0.0,62.79848484848485,0.005818826675164001,0.0,0.0,10862132,0.18412591561214683,0.0,0.0
2001,HU,0.0,0.0,0.0,110.96388888888889,0.0,0.0,0.0,10187576,0.0,0.0,0.0
2001,IE,5.25,0.41666666666666663,7.0,206.80333636951283,0.015274420022305503,0.0008319217074519585,0.01714315702315492,3866243,1.3579074051993112,0.1077704289840723,1.8105432069324148
2001,IT,26.0,32.75,10.333333333333334,4032.8020202020202,0.07564474677713201,0.06538904620572394,0.025306565129419173,56976981,0.4563246339780621,0.5747935293377513,0.18135979042717854
2001,LI,0.2,0.0,0.2,27.316666666666666,0.0005818826675164002,0.0,0.000489804486375855,33194,6.025185274447189,0.0,6.025185274447189
2001,LU,0.0,0.9166666666666667,0.0,77.75067155067156,0.0,0.001830227756394309,0.0,441525,0.0,2.076137629050828,0.0
2001,NL,56.53508771929825,26.183333333333334,50.41666666666667,3449.904541365068,0.1644839382518947,0.05227796009628107,0.12347154760724678,16046180,3.5232739330668266,1.6317486986518495,3.141973146672085
2001,NO,1.824561403508772,1.9722222222222223,3.666666666666667,401.512656641604,0.005308403282605755,0.003937762748605937,0.008979748916890675,4513751,0.4042228743917801,0.43693642432252516,0.8123325071911736
2001,PL,0.0,0.25,0.0,48.916666666666664,0.0,0.0004991530244711751,0.0,38248076,0.0,0.006536276491397894,0.0
2001,PT,0.0,0.0,0.0,46.31666666666667,0.0,0.0,0.0,10362722,0.0,0.0,0.0
2001,RO,0.0,0.0,0.0,7.0,0.0,0.0,0.0,22131970,0.0,0.0,0.0
2001,SE,10.227272727272728,8.0,20.227272727272727,2335.3669552669553,0.02975536367981592,0.015972896783077603,0.04953704464483078,8895960,1.1496536323536446,0.8992846190855174,2.2737594062105413
2001,SI,0.0,1.6,0.0,50.338095238095235,0.0,0.003194579356615521,0.0,1992060,0.0,0.8031886589761353,0.0
2001,SK,0.0,0.0,0.0,12.401190476190477,0.0,0.0,0.0,5378867,0.0,0.0,0.0
2002,AT,2.0,9.25,5.0,1240.247965922966,0.005449508787332919,0.018111409644189662,0.012927611531429486,8081957,0.24746481576182602,1.1445247728984453,0.6186620394045651
2002,BE,5.666666666666667,20.06111111111111,10.866666666666667,1247.3728105228106,0.015440274897443271,0.03927945959469602,0.028096009061640084,10332785,0.5484161982143891,1.9415008742668227,1.0516687095170052
2002,CH,14.583333333333334,23.666666666666668,14.75,2722.265628815629,0.039736001574302536,0.046339102152701483,0.03813645401771698,7284753,2.001898119721195,3.2487946628618247,2.024776955375151
2002,CZ,0.0,0.33333333333333337,0.0,70.32142857142857,0.0,0.0006526634106014293,0.0,10196916,0.0,0.03268962236555968,0.0
2002,DE,95.6452380952381,220.5888888888889,119.10357142857143,22302.626938072248,0.2606097827332746,0.4319108896890059,0.3079449406868871,82488495,1.159497916591133,2.6741776400319694,1.443881009449517
2002,DK,4.5,3.0,3.5,955.9141025641026,0.012261394771499068,0.005873970695412864,0.00904932807200064,5375931,0.8370643149995788,0.5580428766663859,0.6510500227774502
2002,ES,5.611111111111111,6.3,0.0,936.3004634254635,0.01528889965335069,0.012335338460367013,0.0,41431558,0.13543084986355353,0.15205800370818784,0.0
2002,FI,7.75,10.0,38.839285714285715,1416.5321428571428,0.02111684655091506,0.01957990231804288,0.1004198395744969,5200598,1.4902132408619162,1.922855794660537,7.4682345596190505
2002,FR,31.05,109.15,33.16111111111111,7412.837189199689,0.08460362392334357,0.21371463380143804,0.08573879247900289,61812142,0.5023284907356875,1.7658342919098322,0.5364821544464696
2002,GB,79.07857142857144,37.43333333333334,73.66507936507936,5639.465535226635,0.21546968494486698,0.07329410101054051,0.19046270589273365,59370479,1.3319510430187271,0.6305041489278423,1.2407694969932677
2002,GR,0.0,0.0,2.0,73.86666666666666,0.0,0.0,0.005171044612571794,10902022,0.0,0.0,0.1834522073061309
2002,HU,2.0,3.0,1.6666666666666667,126.42460317460318,0.005449508787332919,0.005873970695412864,0.004309203843809829,10158608,0.1968773674503436,0.2953160511755154,0.16406447287528633
2002,IE,6.311111111111111,1.25,4.0,242.0888888888889,0.01719622772891721,0.00244748778975536,0.010342089225143588,3931947,1.6050854986374716,0.3179086595012598,1.0173077104040313
2002,IT,19.25,23.416666666666668,7.0,4157.602788877789,0.05245152207807935,0.04584960459475041,0.01809865614400128,57089824,0.3371879373809245,0.41017233941142767,0.12261379541124527
2002,LI,0.0,0.0,0.0,23.833333333333332,0.0,0.0,0.0,33694,0.0,0.0,0.0
2002,LU,0.0,2.75,0.0,80.89166666666667,0.0,0.005384473137461792,0.0,446175,0.0,6.163500868493304,0.0
2002,NL,73.0,22.311111111111114,56.91666666666667,3953.171872659504,0.19890707073765154,0.04368493761625567,0.14715931126610565,16148929,4.520423614470038,1.381584568927829,3.5244855350262965
2002,NO,7.0,2.166666666666667,6.333333333333334,373.06060606060606,0.019073280755665216,0.004242312168909291,0.01637497460647735,4538159,1.5424757043550037,0.4774329561098822,1.395573256321194
2002,PL,2.166666666666667,0.0,0.5,57.0,0.005903634519610663,0.0,0.0012927611531429485,38230364,0.056673974296103144,0.0,0.013078609452946878
2002,PT,0.0,2.0,0.0,33.61666666666667,0.0,0.0039159804636085755,0.0,10419631,0.0,0.19194537695240838,0.0
2002,RO,0.0,0.0,0.0,12.357142857142858,0.0,0.0,0.0,21730496,0.0,0.0,0.0
2002,SE,11.392857142857142,13.8,9.466666666666667,2217.257668208984,0.031042737556414304,0.027020265198899173,0.024476277832839826,8924958,1.2765166113786912,1.5462257637514933,1.0606959345541644
2002,SI,0.0,0.25,0.0,53.53744588744589,0.0,0.0004894975579510719,0.0,1994530,0.0,0.12534281259244032,0.0
2002,SK,0.0,0.0,0.0,10.627777777777778,0.0,0.0,0.0,5376912,0.0,0.0,0.0
2003,AT,4.0,9.5,4.5,1307.1303432678433,0.009954338367152064,0.018040679698055992,0.011866865075627718,8121423,0.49252452433520577,1.1697457452961137,0.5540900898771065
2003,BE,7.083333333333334,18.416666666666668,2.916666666666667,1339.3996808746808,0.017627474191831784,0.03497359836202083,0.00769148662309204,10376133,0.6826563743287922,1.77490657325486,0.28109380119420857
2003,CH,21.272222222222222,33.583333333333336,13.766666666666666,2774.257842336779,0.052937724455312855,0.06377538524839092,0.036303816860994424,7339001,2.8985174170465737,4.576008823725918,1.8758229719094828
2003,CZ,1.0,0.0,1.0,99.5969298245614,0.002488584591788016,0.0,0.0026370811279172704,10193998,0.09809693900273474,0.0,0.09809693900273474
2003,DE,104.13611111111112,241.45714285714286,95.1452380952381,22230.730145371483,0.25915152155983595,0.45853168158878554,0.25090571179214777,82534176,1.2617332135370336,2.925541327960224,1.152798061438671
2003,DK,9.75,2.833333333333333,16.416666666666668,1009.9170357420358,0.02426369976993316,0.00538055359415705,0.0432920818499752,5390574,1.8087127641694558,0.5256088374509529,3.0454394405246394
2003,ES,10.2,5.166666666666667,4.333333333333333,925.691904827199,0.025383562836237765,0.009811597730521681,0.011427351554308171,42187645,0.24177694678145695,0.12246871487296024,0.10271569634506342
2003,FI,18.0,6.75,51.04761904761905,1259.649963924964,0.04479452265218429,0.01281837768019768,0.1346167128155864,5213014,3.4528969229700897,1.2948363461137837,9.792342596359621
2003,FR,54.56944444444444,98.63333333333333,38.29166666666667,7660.857529569101,0.13580067862687661,0.18730656570718485,0.1009782315231655,62249855,0.8766196233620857,1.5844749089509258,0.6151286081978291
2003,GB,82.83762128675922,32.763888888888886,60.52976190476191,5608.862786807513,0.20614842795459995,0.06221924474812,0.15962189279637337,59647577,1.3887843472126156,0.5492911956656493,1.0147899537438363
2003,GR,2.0,0.0,0.0,85.47857142857143,0.004977169183576032,0.0,0.0,10928070,0.1830149331034666,0.0,0.0
2003,HU,1.0,1.0,1.0,103.34252136752137,0.002488584591788016,0.0018990189155848414,0.0026370811279172704,10129552,0.09872104906515115,0.09872104906515115,0.09872104906515115
2003,IE,4.333333333333334,3.1333333333333333,5.166666666666667,220.58012265512266,0.010783866564414738,0.005950259268832503,0.013624919160905899,3996521,1.0842763827172017,0.7840152305801305,1.292791071701279
2003,IT,19.416666666666668,29.25,11.0,4411.710003885004,0.04832001749055065,0.055546303280856614,0.029007892407089977,57399184,0.3382742630394653,0.509589125866319,0.19164035502664986
2003,LI,0.0,0.0,0.0,25.652380952380952,0.0,0.0,0.0,34079,0.0,0.0,0.0
2003,LU,0.0,3.5,0.0,81.15277777777779,0.0,0.006646566204546945,0.0,451630,0.0,7.749706618249452,0.0
2003,NL,43.111111111111114,24.71666666666667,45.91666666666667,3586.8336628137945,0.10728564684597226,0.04693741753020533,0.1210859751235347,16225302,2.6570298112855535,1.5233409317537923,2.829942189468441
2003,NO,4.333333333333334,4.55,0.6666666666666667,379.425,0.010783866564414738,0.008640536065911027,0.0017580540852781806,4564855,0.949281704092098,0.9967457892967028,0.14604333909109202
2003,PL,0.0,0.5833333333333334,0.0,81.74642857142857,0.0,0.0011077610340911575,0.0,38204570,0.0,0.015268679462518055,0.0
2003,PT,0.0,0.0,0.0,50.17321428571429,0.0,0.0,0.0,10458821,0.0,0.0,0.0
2003,RO,1.6666666666666667,0.0,1.2000000000000002,10.853968253968254,0.00414764098631336,0.0,0.0031644973535007253,21574326,0.07725231678925529,0.0,0.05562166808826381
2003,SE,13.125,10.75,26.309523809523807,2157.2160173160173,0.03266267276721771,0.020414453342537046,0.06938034872258533,8958229,1.4651333427622806,1.200013975976725,2.9369112811833467
2003,SI,0.0,0.0,0.0,89.28333333333333,0.0,0.0,0.0,1995733,0.0,0.0,0.0
2003,SK,0.0,0.0,0.0,29.185714285714287,0.0,0.0,0.0,5373374,0.0,0.0,0.0
2004,AT,5.833333333333333,13.476190476190476,1.666666666666667,1417.460648175354,0.01741367791092726,0.02260749042876344,0.0047421618838576814,8171966,0.7138225163116603,1.6490756907444888,0.20394929037476014
2004,BE,5.892857142857142,22.664285714285715,2.0,1376.4183626558627,0.01759136850185509,0.038021325334169465,0.005690594260629217,10421137,0.5654716124408634,2.1748380924543755,0.19191763816174762
2004,CH,16.452380952380953,37.88333333333334,10.583333333333332,2972.6382187257186,0.04911367933245199,0.06355261134488606,0.030112727962496273,7389625,2.226416219007183,5.126556940755903,1.4321881466695987
2004,CZ,0.0,0.0,0.5833333333333333,115.45187590187591,0.0,0.0,0.001659756659350188,10197101,0.0,0.0,0.05720580126972688
2004,DE,102.19285714285715,271.68119380619385,102.7547619047619,22699.254017674506,0.3050663141285343,0.45576900975837314,0.2923678291737799,82516260,1.238457210043901,3.2924564662309446,1.245266834739746
2004,DK,6.0,0.5,7.333333333333334,1100.6920634920634,0.017911211565525182,0.0008387938144947566,0.0208655122889738,5404523,1.1101812315351418,0.09251510262792849,1.3568881718762846
2004,ES,5.0,2.7,2.5833333333333335,1000.9552780552781,0.014926009637937653,0.004529486598271686,0.007350350919979406,42921895,0.116490662865654,0.06290495794745317,0.0601868424805879
2004,FI,13.688095238095238,6.166666666666667,48.16666666666667,1315.770670995671,0.0408617282897636,0.010345123712101998,0.137048478443487,5228172,2.6181417210633544,1.1795072286578687,9.21290781303038
2004,FR,38.142857142857146,98.85656565656566,40.16666666666667,8014.7941393960355,0.11386413066655296,0.16584055158984412,0.11428610140097012,62707588,0.6082654166646809,1.576468953909783,0.6405391747274137
2004,GB,64.00238095238095,29.892460317460316,64.86904761904762,5697.269548828364,0.19106003098923904,0.05014722162863136,0.18457171503671788,59987905,1.0669214227831585,0.4983081225700467,1.0813687795739428
2004,GR,2.0,0.0,0.5,89.36904761904762,0.005970403855175061,0.0,0.0014226485651573043,10955141,0.1825626890607798,0.0,0.04564067226519495
2004,HU,0.0,0.0,4.0,143.14050875050876,0.0,0.0,0.011381188521258434,10107146,0.0,0.0,0.3957595942514336
2004,IE,7.114285714285714,3.0,5.0,236.02228327228326,0.021237579427694143,0.005032762886968539,0.014226485651573043,4070262,1.7478692315840392,0.7370532904270045,1.2284221507116742
2004,IT,17.0,50.526923076923076,15.5,4580.155255855256,0.05074843276898802,0.08476334108475089,0.044102105519876436,57828179,0.29397432694534614,0.8737422473033964,0.2680354157442862
2004,LI,0.0,0.0,0.0,26.816666666666666,0.0,0.0,0.0,34447,0.0,0.0,0.0
2004,LU,1.0,2.8333333333333335,0.0,101.25,0.0029852019275875305,0.004753164948803621,0.0,458095,2.1829533175433045,6.18503439970603,0.0
2004,NL,29.25,35.57976190476191,17.25,3553.212151982005,0.08731715638193527,0.059688168413820936,0.049081375497926995,16281779,1.7964867352640028,2.185250266863462,1.059466536181335
2004,NO,6.333333333333333,1.0,0.0,359.15555555555557,0.018906278874721027,0.0016775876289895132,0.0,4591910,1.3792372527626484,0.21777430306778658,0.0
2004,PL,0.0,2.3333333333333335,0.0,130.025,0.0,0.003914371134308864,0.0,38182222,0.0,0.06111046479519535,0.0
2004,PT,0.25,0.0,0.0,69.51666666666667,0.0007463004818968826,0.0,0.0,10483861,0.023846176518364754,0.0,0.0
2004,RO,0.0,0.0,0.0,17.910714285714285,0.0,0.0,0.0,21451748,0.0,0.0,0.0
2004,SE,13.833333333333334,15.0,26.5,2295.6443974543977,0.04129529333162751,0.025163814434842696,0.07540037395333712,8993531,1.5381426197711814,1.6678654913181483,2.9465623679953956
2004,SI,1.0,1.0,2.0,80.16428571428571,0.0029852019275875305,0.0016775876289895132,0.005690594260629217,1997012,0.5007481176878256,0.5007481176878256,1.0014962353756511
2004,SK,0.0,1.0,0.0,32.420634920634924,0.0,0.0016775876289895132,0.0,5372280,0.0,0.186140707483601,0.0
2005,AT,5.0,7.1,5.458333333333333,1475.0885372797138,0.013743542298803785,0.01116924330908104,0.013321935640035136,8227829,0.607693718476648,0.8629250802368401,0.663398976003674
2005,BE,10.0,24.650000000000002,5.166666666666667,1556.6492138580375,0.02748708459760757,0.03877772500969686,0.012610076483697382,10478617,0.954324411322601,2.352409673910212,0.49306761251667724
2005,CH,9.558333333333334,30.93181818181818,21.803479853479857,3152.407047935724,0.026273071694546568,0.048659859614786485,0.05321488036705858,7437115,1.285220590690521,4.159115218981847,2.931712075647594
2005,CZ,2.0,0.0,0.0,109.1023088023088,0.005497416919521513,0.0,0.0,10211216,0.19586305881689312,0.0,0.0
2005,DE,114.02607526881721,323.44880952380953,109.15708180708181,23546.076388375903,0.3134244377247147,0.5088279509301462,0.2664153194176478,82469422,1.3826467132122888,3.922045306972196,1.323606727922524
2005,DK,4.0,7.0,10.500000000000002,1194.3111582861584,0.010994833839043027,0.011011930023037648,0.025626929628159198,5419432,0.7380847291745704,1.2916482760554981,1.9374724140832476
2005,ES,9.233333333333334,6.0,1.0,1307.5995883201765,0.025379741445124324,0.009438797162603697,0.00244065996458659,43653155,0.21151583048999173,0.13744711006569857,0.022907851677616428
2005,FI,9.5,6.0,66.43412698412698,1430.2801226551226,0.02611273036772719,0.009438797162603697,0.16214311401242038,5246096,1.8108704072514115,1.1437076256324703,12.663536272330315
2005,FR,42.46507936507936,100.29166666666667,39.81666666666667,8436.789520528491,0.11672412289520559,0.15777211646102154,0.09717894425662274,63180854,0.6721194266395856,1.5873743439217627,0.6302014636691469
2005,GB,69.12440476190477,29.44166666666667,73.36666666666667,5750.666218121404,0.1900028361449744,0.046315653299276206,0.17906308606850285,60401206,1.1444209369247489,0.48743507980066936,1.2146556588069892
2005,GR,0.0,1.0,0.0,63.833333333333336,0.0,0.0015731328604339497,0.0,10987314,0.0,0.09101405493644762,0.0
2005,HU,1.0,2.8333333333333335,1.1,146.14368686868687,0.0027487084597607567,0.004457209771229524,0.0026847259610452492,10087065,0.09913686488587116,0.2808877838433016,0.10905055137445828
2005,IE,5.0,2.5,3.111111111111111,269.2777888777889,0.013743542298803785,0.003932832151084874,0.007593164334269391,4159914,1.2019479248849858,0.6009739624424929,0.7478787088173244
2005,IT,33.5,41.0,15.81111111111111,4791.438954101454,0.09208173340198536,0.06449844727779193,0.03858954588451908,58166682,0.5759310802703169,0.7048708743606864,0.2718241881342159
2005,LI,0.0,0.0,0.0,23.052380952380954,0.0,0.0,0.0,34753,0.0,0.0,0.0
2005,LU,0.0,0.8333333333333334,0.0,110.35,0.0,0.0013109440503616247,0.0,465158,0.0,1.7915059685812849,0.0
2005,NL,28.9,36.76025641025642,29.0,3735.8155098556413,0.07943767448708587,0.05782876731695211,0.07077913897301111,16319868,1.770847656365848,2.2524849104328797,1.7769751569069063
2005,NO,2.0,3.2,2.3333333333333335,423.1,0.005497416919521513,0.005034025153388639,0.005694873250702044,4623291,0.43259228112615017,0.6921476498018403,0.5046909946471753
2005,PL,0.0,2.083333333333333,0.0,125.35119047619048,0.0,0.003277360125904061,0.0,38165445,0.0,0.0545869000959725,0.0
2005,PT,0.5,1.0,0.0,86.01666666666667,0.0013743542298803783,0.0015731328604339497,0.0,10503330,0.04760395036621719,0.09520790073243438,0.0
2005,RO,0.0,0.0,0.0,23.76031746031746,0.0,0.0,0.0,21319685,0.0,0.0,0.0
2005,SE,17.0,8.6,25.666666666666668,2454.648502228765,0.04672804381593287,0.013528942599731966,0.06264360575772247,9029572,1.882702746043777,0.9524260950574401,2.8425119891249184
2005,SI,1.0,1.0,0.0,110.25567765567766,0.0027487084597607567,0.0015731328604339497,0.0,2000474,0.4998815280778455,0.4998815280778455,0.0
2005,SK,0.0,0.0,0.0,28.31111111111111,0.0,0.0,0.0,5372807,0.0,0.0,0.0
2006,AT,7.666666666666666,18.433333333333334,3.3333333333333335,1587.7416666666666,0.022737039737566717,0.028297697233158718,0.008021221861267238,8268641,0.9271979115632987,2.2293062830195836,0.40312952676665165
2006,BE,7.416666666666667,13.283333333333333,6.80952380952381,1573.9255716505716,0.02199561452873302,0.02039174023040461,0.016386210373731645,10547958,0.7031376752416598,1.25932747678113,0.6455774482154565
2006,CH,22.961666666666666,41.416666666666664,11.438095238095238,3246.994499525815,0.06809743401401232,0.06358026909981863,0.027524249872519866,7483934,3.0681278945894856,5.53407695293233,1.5283533016319009
2006,CZ,1.0,0.33333333333333337,1.0,123.05317460317461,0.002965700835334789,0.0005117124273627255,0.002406366558380171,10238905,0.09766669385056312,0.032555564616854375,0.09766669385056312
2006,DE,83.65928571428572,300.0384920634921,116.26190476190477,24349.43378358913,0.24810841352636895,0.4606002752281841,0.27976875963262804,82376451,1.0155728329967226,3.6422847600401242,1.4113487938671305
2006,DK,6.0,6.2666666666666675,4.0,1195.4964285714286,0.017794205012008735,0.00962019363441924,0.009625466233520685,5437272,1.103494546529951,1.152538748597949,0.7356630310199673
2006,ES,2.916666666666667,12.208333333333334,9.833333333333334,1409.243217893218,0.00864996076972647,0.01874146765215982,0.023662604490738353,44397319,0.06569465752350197,0.27497906649122966,0.22148484536494947
2006,FI,12.166666666666668,7.033333333333333,59.86825396825397,1377.2903318903318,0.036082693496573275,0.010797132217353508,0.14406496425781734,5266268,2.3103014633259584,1.33554413359391,11.368250527366621
2006,FR,43.88333333333333,107.85952380952381,39.166666666666664,8506.482055526174,0.13014483832394166,0.16557917622827734,0.09424935686989004,63622342,0.6897472169970312,1.6953089185167658,0.6156118343877794
2006,GB,66.20104617604619,32.25,84.53571428571428,5713.048575621594,0.19633249794433713,0.04950817734734369,0.20342391584592376,60846820,1.0879951684582068,0.5300194817083292,1.3893201696607034
2006,GR,2.5333333333333337,1.0,1.5,113.93928571428572,0.007513108782848134,0.0015351372820881764,0.003609549837570257,11020362,0.22987750614120783,0.09074112084521362,0.13611168126782042
2006,HU,0.02,1.75,2.666666666666667,154.6241847041847,5.931401670669578e-05,0.0026864902436543087,0.006416977489013791,10071370,0.001985827151618896,0.1737598757666534,0.2647769535491862
2006,IE,8.925,3.6666666666666665,3.166666666666667,305.16237373737374,0.026468879955362994,0.0056288367009899795,0.007620160768203876,4273591,2.0884076178558035,0.8579825881013571,0.7409849624511722
2006,IT,32.766666666666666,45.24166666666667,17.61904761904762,4977.666414141414,0.09717613070446993,0.06945216920380591,0.04239788698098398,58399861,0.5610743947946497,0.7746879169227247,0.3016967389536701
2006,LI,0.0,1.0,0.0,34.733333333333334,0.0,0.0015351372820881764,0.0,35037,0.0,28.541256386106117,0.0
2006,LU,1.5,0.8333333333333334,0.0,105.92943722943723,0.004448551253002184,0.0012792810684068136,0.0,472637,3.1736829744603154,1.7631572080335087,0.0
2006,NL,25.07142857142857,35.00952380952381,20.5,3554.4767389473272,0.07435435665732221,0.05374442522815368,0.04933051444679351,16346101,1.5337864712464806,2.1417660278450383,1.2541217015605128
2006,NO,2.0,1.65,5.8,519.1162698412699,0.005931401670669578,0.0025329765154454907,0.013956926038604994,4660677,0.4291222069240156,0.3540258207123128,1.2444544000796451
2006,PL,0.0,0.0,2.5,152.24166666666667,0.0,0.0,0.006015916395950428,38141267,0.0,0.0,0.06554580370914265
2006,PT,0.0,0.0,0.0,114.89761904761905,0.0,0.0,0.0,10522288,0.0,0.0,0.0
2006,RO,1.0,1.5,0.0,28.364285714285714,0.002965700835334789,0.0023027059231322646,0.0,21193760,0.04718369935301711,0.07077554902952567,0.0
2006,SE,7.5,20.3,25.315079365079367,2651.9462703962704,0.02224275626501092,0.031163286826389983,0.060917360406866926,9080505,0.8259452530448471,2.235558484908053,2.787849284272115
2006,SI,2.0,0.33333333333333337,0.25,110.5404761904762,0.005931401670669578,0.0005117124273627255,0.0006015916395950428,2006868,0.9965777519996333,0.16609629199993892,0.12457221899995416
2006,SK,0.0,0.0,0.0,30.79563492063492,0.0,0.0,0.0,5373054,0.0,0.0,0.0
2007,AT,5.4,21.583333333333336,9.0,1803.6954795204795,0.01406285721615707,0.03139263476496215,0.01983807651129756,8295487,0.6509563573543061,2.601816304857489,1.0849272622571768
2007,BE,5.133333333333333,16.71666666666667,4.666666666666667,1579.3679439096,0.01336839513140857,0.02431414105734134,0.01028641004289503,10625700,0.48310542677972584,1.5732296852599517,0.43918675161793264
2007,CH,20.45952380952381,37.58333333333333,11.726190476190476,3197.9957773435713,0.05328136334146283,0.054664394899605895,0.025847229316968378,7551117,2.7094698452591595,4.977188584593952,1.5529080632958643
2007,CZ,1.0,0.0,0.0,150.7253968253968,0.0026042328178068645,0.0,0.0,10298828,0.09709842712199873,0.0,0.0
2007,DE,94.75306637806639,291.3166666666667,114.0857142857143,24780.706159281894,0.24675904504959273,0.42371572436816485,0.2514712365384481,82266372,1.151783700611793,3.541139101973121,1.3867843143212186
2007,DK,5.0,11.5,19.25,1227.517946200686,0.013021164089034323,0.016726577596775198,0.042431441426941996,5461438,0.9155097979689598,2.1056725353286074,3.524712722180495
2007,ES,10.153846153846153,7.333333333333334,11.95,1405.2173519076382,0.02644297938080816,0.010666223395045055,0.0263405571455562,45226803,0.22450948288001152,0.1621457376355639,0.264223849737953
2007,FI,16.714285714285715,7.583333333333334,45.28650793650794,1402.699087754351,0.043527891383343315,0.011029844647148863,0.09982191215265873,5288720,3.1603650248615387,1.4338693168353278,8.562848465509223
2007,FR,46.36904761904762,117.08571428571427,38.93095238095238,8516.219711749603,0.12075579553997307,0.17029941612816088,0.08581280133233501,64016890,0.7243252150963225,1.8289816060373172,0.6081356401560959
2007,GB,81.74880952380954,40.75952380952381,77.07698412698412,5949.736639363388,0.21289293257854716,0.0592841163310962,0.16989545648568646,61322463,1.3330972946049076,0.6646752562682261,1.2569127258796522
2007,GR,2.3333333333333335,2.0,0.0,100.59404761904761,0.006076543241549351,0.002908970016830469,0.0,11048473,0.21119057206668593,0.18102049034287362,0.0
2007,HU,2.0,5.666666666666667,1.3333333333333335,170.2807081807082,0.005208465635613729,0.008242081714352997,0.002938974297970009,10055780,0.19889058829847112,0.5635233335123349,0.1325937255323141
2007,IE,3.0,3.166666666666667,4.6,293.77865745365744,0.007812698453420594,0.00460586919331491,0.010139461327996528,4398942,0.6819821675302834,0.7198700657264103,1.0457059902131012
2007,IT,28.791666666666668,48.983333333333334,24.333333333333336,5102.5527842041,0.07498020321268932,0.07124552399553957,0.05363628093795266,58756247,0.4900188173466332,0.833670219497398,0.4141403608255193
2007,LI,0.0,1.0,0.0,30.45952380952381,0.0,0.0014544850084152346,0.0,35262,0.0,28.359140150870623,0.0
2007,LU,1.0,0.6666666666666667,0.0,93.38928571428572,0.0026042328178068645,0.0009696566722768231,0.0,479993,2.0833637157208544,1.388909143813903,0.0
2007,NL,32.63333333333333,36.75,38.99285714285714,3950.8532606282606,0.08498479762109735,0.05345232405925987,0.08594925371045505,16381696,1.9920607324988409,2.2433574643309213,2.380269853796404
2007,NO,4.0,3.6,2.0,471.4155713567478,0.010416931271227458,0.0052361460302948444,0.004408461446955013,4709153,0.8494096496758547,0.7644686847082692,0.4247048248379274
2007,PL,0.5,0.0,0.25,149.20039682539684,0.0013021164089034322,0.0,0.0005510576808693766,38120560,0.013116281607615419,0.0,0.006558140803807709
2007,PT,0.0,1.3333333333333335,1.0,124.1023199023199,0.0,0.0019393133445536463,0.0022042307234775064,10542964,0.0,0.12646664954308234,0.09484998715731174
2007,RO,0.0,1.0,0.5,29.813095238095237,0.0,0.0014544850084152346,0.0011021153617387532,20882982,0.0,0.04788588143206751,0.023942940716033756
2007,SE,23.0,30.9,48.6904761904762,2878.318104994421,0.059897354809557886,0.04494358676003075,0.10732504355979765,9148092,2.5141854716808707,3.3777535249973436,5.322473384666026
2007,SI,0.0,1.0,0.0,113.625,0.0,0.0014544850084152346,0.0,2018122,0.0,0.49551018223873483,0.0
2007,SK,0.0,0.0,0.0,41.12777777777778,0.0,0.0,0.0,5374622,0.0,0.0,0.0
2008,AT,9.625,13.93452380952381,5.583333333333333,1690.2657814407814,0.023239392087013342,0.020117387231775332,0.012043716894758286,8321496,1.1566429882319238,1.6745214814167801,0.670953075424579
2008,BE,4.822222222222223,16.68730158730159,6.388888888888888,1583.5982174688056,0.011643170176927899,0.024091595268990924,0.013781367591016943,10709973,0.4502553108417942,1.5581086513758335,0.5965364141337134
2008,CH,32.59444444444445,32.2,11.0,3327.5041666666666,0.07869870901847463,0.04648740622341385,0.02372791985235961,7647675,4.262007007939596,4.210429967277637,1.438345640995466
2008,CZ,2.4,0.0,0.0,199.72427294927294,0.0057947575074111185,0.0,0.0,10384603,0.23111138673283899,0.0,0.0
2008,DE,92.10634920634921,365.161507936508,109.37777777777777,24789.965329813844,0.2223891493932176,0.5271866880931306,0.23593701315821006,82110097,1.1217420581825548,4.447218080092001,1.3320868172616793
2008,DK,8.916666666666668,7.5,32.81515151515152,1418.941341991342,0.02152913379489548,0.010827812008559127,0.07078502591768657,5493621,1.6230946158584052,1.3652197703481912,5.973319148727501
2008,ES,13.0,5.80952380952381,15.7,1378.1329725829726,0.03138826983181023,0.008387257555836277,0.033866212880185986,45954106,0.28289093470777127,0.12642012466794175,0.3416452057624622
2008,FI,20.75,7.847619047619048,38.37171717171717,1391.4102453102453,0.050100507616158634,0.011329672501654248,0.08277100269526509,5313399,3.9052214975762216,1.4769489450385802,7.221689387850822
2008,FR,55.83333333333333,94.96428571428571,30.5,8851.281930161342,0.134808594790467,0.13710072443218435,0.06579105049972438,64375116,0.867312353011268,1.47517071214731,0.47378555403302103
2008,GB,57.044444444444444,37.1,78.26868686868687,5776.137652625152,0.1377328011252254,0.05356157673567248,0.16883210263360302,61806995,0.9229447968542144,0.600255683033935,1.2663402721437416
2008,GR,1.25,0.0,0.0,104.36752136752136,0.003018102868443291,0.0,0.0,11077841,0.11283787156721242,0.0,0.0
2008,HU,1.6666666666666667,1.3333333333333335,0.6666666666666667,212.6345238095238,0.0040241371579243885,0.0019249443570771784,0.0014380557486278552,10038188,0.16603262129247498,0.13282609703398,0.06641304851699
2008,IE,2.066666666666667,4.0,8.833333333333334,351.21429126429126,0.004989930075826242,0.005774833071231535,0.01905423866931908,4489544,0.46032885893682446,0.8909590818132086,1.967534639004169
2008,IT,43.641666666666666,42.5,20.666666666666668,4895.610206460206,0.10537203148025011,0.061357601381835054,0.04457972820746351,59211181,0.737051109767033,0.7177698414763928,0.3490331778159714
2008,LI,0.0,0.8333333333333334,0.0,33.976190476190474,0.0,0.0012030902231732364,0.0,35473,0.0,23.49204559336209,0.0
2008,LU,1.0,0.33333333333333337,0.0,70.96587301587302,0.002414482294754633,0.0004812360892692946,0.0,488650,2.0464545175483475,0.6821515058494493,0.0
2008,NL,31.66666666666667,30.90833333333334,42.07777777777778,3455.9265012765013,0.0764586060005634,0.044622616377495344,0.09076528533422813,16445593,1.9255411870320926,1.8794295428163241,2.5586050790493102
2008,NO,2.0,6.095238095238095,5.5,481.6291847041847,0.004828964589509266,0.008799745632352814,0.011863959926179805,4768212,0.4194444374537038,1.278306857001764,1.1534722029976854
2008,PL,4.25,3.666666666666667,1.25,236.28178210678212,0.01026154975270719,0.00529359698196224,0.0026963545286772285,38125759,0.11147319060585784,0.09617294875799501,0.032786232531134656
2008,PT,0.0,0.33333333333333337,0.0,100.56920995670995,0.0,0.0004812360892692946,0.0,10558177,0.0,0.03157110676713729,0.0
2008,RO,1.3333333333333335,1.1428571428571428,0.0,34.74404761904762,0.003219309726339511,0.0016499523060661526,0.0,20537875,0.06492070544461555,0.0556463189525276,0.0
2008,SE,27.0,16.30952380952381,56.25555555555555,3027.7713924963923,0.06519102195837509,0.023546194367819056,0.1213479375883805,9219637,2.9285317849281918,1.7689984767864297,6.101710463823635
2008,SI,1.0,3.0,0.33333333333333337,113.46433566433566,0.002414482294754633,0.004331124803423651,0.0007190278743139276,2021316,0.49472719752873867,1.484181592586216,0.1649090658429129
2008,SK,0.2,1.0,0.0,39.5508658008658,0.0004828964589509266,0.0014437082678078837,0.0,5379233,0.03718002176146674,0.18590010880733368,0.0
2009,AT,6.166666666666667,15.166666666666668,2.0,1706.171017871018,0.016035447212525398,0.021197521298739183,0.0050317177925135225,8343323,0.7391139797256641,1.8178208690550117,0.23971264207318835
2009,BE,16.241666666666667,13.233333333333334,7.333333333333334,1438.6286414565827,0.04223390083407027,0.018495419682636165,0.01844963190588292,10796493,1.5043465194361416,1.2257066561644911,0.6792329076982067
2009,CH,28.933333333333334,35.34761904761905,11.566666666666666,3311.5249069557894,0.07523658475930835,0.04940320270032683,0.029100101233369872,7743831,3.736307434050838,4.564616537682582,1.4936620732899086
2009,CZ,1.4,3.0,1.0,209.96558441558443,0.003640479907708468,0.004192916300849509,0.0025158588962567612,10443936,0.13404907881473035,0.2872480260315651,0.0957493420105217
2009,DE,79.71944444444445,355.8186507936508,88.30714285714286,23208.76440473441,0.20729788268120106,0.49730594035299247,0.22216831096015957,81902307,0.9733479722914821,4.344427694736985,1.0782009212163324
2009,DK,7.166666666666667,10.5,16.133333333333333,1345.0611982788453,0.018635790003745732,0.01467520705297328,0.040589190192942416,5523095,1.2975816397629711,1.9011079838387717,2.9210675053268744
2009,ES,14.25,5.791666666666667,11.583333333333334,1452.9699245199245,0.03705488477488977,0.008094657858584469,0.02914203221497415,46362946,0.30735751779017667,0.12492016073928233,0.24984032147856466
2009,FI,16.083333333333336,9.142857142857142,38.93333333333334,1321.3905721729252,0.041822179892127054,0.01277841158354136,0.09795077302759658,5338871,3.0124970866187506,1.712507596242191,7.292428180664664
2009,FR,48.61666666666667,113.22261904761905,44.20238095238095,8767.57396116955,0.1264199986998286,0.1582443216765453,0.11120695335477802,64706436,0.7513420560926377,1.7497891407219377,0.6831218605886584
2009,GB,59.60357142857143,40.88333333333334,55.892857142857146,5625.676897367339,0.154989717295272,0.057140131588799145,0.14061854188006542,62276270,0.9570831944265678,0.6564833335929294,0.8974984716145836
2009,GR,0.0,0.0,1.0,97.08571428571429,0.0,0.0,0.0025158588962567612,11107017,0.0,0.0,0.09003317452381679
2009,HU,2.0,1.5,1.5,164.27490842490843,0.005200685582440669,0.0020964581504247545,0.0037737883443851416,10022650,0.19954802372626002,0.149661017794695,0.149661017794695
2009,IE,7.883333333333335,2.0,5.233333333333333,361.30357142857144,0.020499369004120308,0.0027952775338996724,0.013166328223743718,4535375,1.7381877647015593,0.4409778684232285,1.1538920890407813
2009,IT,36.333333333333336,40.0,14.600000000000001,4269.453152708145,0.09447912141433883,0.05590555067799345,0.03673153988534872,59555454,0.6100756671812684,0.6716429363463504,0.24514967176641794
2009,LI,0.0,0.0,0.0,32.07222222222222,0.0,0.0,0.0,35742,0.0,0.0,0.0
2009,LU,0.75,0.5,0.0,91.50634920634921,0.001950257093415251,0.0006988193834749181,0.0,497783,1.5066806218774045,1.0044537479182696,0.0
2009,NL,25.116666666666667,29.266666666666666,41.166666666666664,3521.531651535599,0.06531194310615074,0.04090422791273187,0.10356952456257,16530388,1.5194239038228667,1.7704766921784696,2.4903630009571867
2009,NO,6.5,6.4,7.4,509.1036075036075,0.016902228142932175,0.008944888108478953,0.018617355832300033,4828726,1.3461107546793918,1.3254013584535551,1.532495320711923
2009,PL,0.0,5.2,5.333333333333333,254.30119047619047,0.0,0.007267721588139149,0.013417914113369392,38151603,0.0,0.1362983358785737,0.13979316500366532
2009,PT,0.0,3.0,1.0,125.30119047619047,0.0,0.004192916300849509,0.0025158588962567612,10568247,0.0,0.28386921690986217,0.09462307230328738
2009,RO,1.0,0.0,2.4,30.904761904761905,0.0026003427912203343,0.0,0.0060380613510162265,20367487,0.04909785875891316,0.0,0.11783486102139158
2009,SE,22.6,24.51904761904762,40.892857142857146,2767.360597735598,0.058767747081579565,0.034268771481070034,0.102880658436214,9298515,2.430495622150419,2.6368777830704815,4.397783639952954
2009,SI,4.0,1.0,0.0,141.825,0.010401371164881337,0.0013976387669498362,0.0,2039669,1.9611025122213457,0.4902756280553364,0.0
2009,SK,0.2,0.0,0.0,31.012301587301586,0.0005200685582440669,0.0,0.0,5386406,0.037130509657088605,0.0,0.0
2010,AT,8.75,14.833333333333334,3.916666666666667,1738.2268620268621,0.02292683687633545,0.020610530448226656,0.012150698203494036,8363404,1.0462247190258895,1.7735999998724605,0.4683101123258744
2010,BE,12.533333333333331,12.93939393939394,4.267857142857142,1497.7444305694305,0.032839964440008106,0.01797895097322325,0.013240198498336202,10895586,1.1503129187666759,1.187581277353411,0.3917051494850431
2010,CH,22.316666666666666,40.828571428571436,6.333333333333334,3375.6524803698717,0.05847435157602508,0.05673023693839337,0.019647937520543547,7824909,2.852003348111354,5.217769488254935,0.8093810846021767
2010,CZ,0.0,1.5833333333333335,0.0,191.55277777777778,0.0,0.0022000004411028454,0.0,10474410,0.0,0.15116205431459465,0.0
2010,DE,75.10670995670996,346.5920634920635,85.16071428571429,24044.22128398777,0.19679534714236901,0.4815806479359695,0.2641945884458802,81776930,0.9184339636705605,4.238262105120155,1.0413782259338213
2010,DK,13.541666666666668,8.75,6.0,1285.0071428571428,0.035482009451471536,0.012157897174515722,0.018613835545778095,5547683,2.4409589853397655,1.5772350366810792,1.0815325965813114
2010,ES,10.5,9.916666666666668,4.0,1657.4301476301475,0.02751220425160254,0.013778950131117821,0.012409223697185397,46576897,0.22543365222462114,0.21290956043436443,0.08587948656176043
2010,FI,19.230555555555554,7.25,33.304761904761904,1422.649567099567,0.05038809260154613,0.010073686230313027,0.10332156016442222,5363352,3.585547910253803,1.3517665817943705,6.2096916079276365
2010,FR,58.27777777777777,116.05000000000001,45.0,8772.04646387754,0.1527000119573072,0.16124845338314855,0.1396037665933357,65026211,0.89621979939409,1.784664956105162,0.69202863442251
2010,GB,61.991666666666674,41.66666666666667,47.77420634920635,5664.375882317717,0.16243118049815183,0.057894748450074876,0.14821020338569912,62766365,0.9876574287306056,0.6638374974664643,0.7611434300712866
2010,GR,1.0,0.0,0.0,82.57063492063492,0.0026202099287240513,0.0,0.0,11121341,0.08991721412013175,0.0,0.0
2010,HU,2.0,2.166666666666667,2.25,203.6642857142857,0.005240419857448103,0.0030105269194038936,0.006980188329666785,10000023,0.199999540001058,0.21666616833447952,0.22499948250119023
2010,IE,11.666666666666668,2.0,5.0,358.0720695970696,0.030569115835113937,0.0027789479256035937,0.015511529621481746,4560155,2.5583925692584284,0.4385815833014448,1.096453958253612
2010,IT,24.43452380952381,36.476190476190474,11.916666666666666,4363.968686868687,0.06402358188935851,0.05068271692886554,0.03696914559786483,59819407,0.4084715150974969,0.6097718500651549,0.19921071211332247
2010,LI,0.0,0.0,0.0,34.36666666666667,0.0,0.0,0.0,36022,0.0,0.0,0.0
2010,LU,1.0,0.0,0.0,74.0262987012987,0.0026202099287240513,0.0,0.0,506953,1.972569449238884,0.0,0.0
2010,NL,28.174242424242422,35.33333333333333,26.0,3494.988463830855,0.07382242973427838,0.049094746685663486,0.08065995403170508,16615394,1.6956710400152066,2.1265420087741123,1.5648139309847242
2010,NO,11.291666666666668,9.333333333333334,2.0,581.5703102453102,0.029586537111842417,0.012968423652816771,0.006204611848592698,4889252,2.309487558969484,1.908949126233079,0.4090605270499455
2010,PL,0.0,6.5606060606060606,3.5,317.3891774891775,0.0,0.009115791301411788,0.010858070735037221,38042794,0.0,0.17245331824487078,0.09200165476804885
2010,PT,1.0,2.0,0.0,79.20714285714286,0.0026202099287240513,0.0027789479256035937,0.0,10573100,0.0945796407865243,0.1891592815730486,0.0
2010,RO,0.33333333333333337,1.3333333333333335,0.0,33.96666666666667,0.0008734033095746838,0.001852631950402396,0.0,20246871,0.016463449257583227,0.06585379703033291,0.0
2010,SE,17.5,24.083333333333332,35.91666666666667,2778.7132048507046,0.0458536737526709,0.033463164604143274,0.11142448778097722,9378126,1.8660444528043236,2.5680326040973784,3.8298340912317315
2010,SI,1.0,0.0,0.0,126.13333333333334,0.0026202099287240513,0.0,0.0,2048583,0.48814229152541055,0.0,0.0
2010,SK,0.0,0.0,0.0,32.213095238095235,0.0,0.0,0.0,5391428,0.0,0.0,0.0
2011,AT,5.9,17.733333333333334,0.25,1856.7933986621058,0.01687803947744827,0.023782951825791796,0.0008234519104084321,8391643,0.7030804337124447,2.1132135069775173,0.029791543801374772
2011,BE,14.916666666666668,9.13452380952381,3.0833333333333335,1593.975,0.04267187946981978,0.012250710886096968,0.01015590689503733,11038264,1.3513598394336888,0.8275326454888023,0.27933136345836024
2011,CH,29.416666666666668,51.84285714285714,10.666666666666668,3439.4379013959897,0.08415180699914179,0.06952873161315662,0.03513394817742644,7912398,3.7177941082673884,6.55210432322251,1.3480953140459653
2011,CZ,2.666666666666667,1.5,0.0,208.44642857142858,0.007628492419185659,0.0020117158499259975,0.0,10496088,0.2540629105497845,0.14291038718425378,0.0
2011,DE,74.73333333333333,368.8643106893107,76.525,24253.879205324334,0.21378850004767808,0.49470012019047593,0.25205862977602106,80274983,0.930966666580712,4.595009514848613,0.953285782695214
2011,DK,5.0,3.8,5.0,1466.2487601579708,0.014303423285973109,0.005096346819812527,0.01646903820816864,5570572,0.8975738936683701,0.6821561591879612,0.8975738936683701
2011,ES,7.933333333333334,11.476190476190476,4.3916666666666675,1510.2426227725998,0.022694764947077336,0.015391222851814775,0.014465305226174794,46742697,0.16972348286478492,0.24551836356790616,0.09395407087157738
2011,FI,11.75,8.833333333333334,34.15,1474.1231712731712,0.03361304472203681,0.011846771116230875,0.11248353096179182,5388272,2.1806620007304756,1.6393629225349675,6.3378389212719775
2011,FR,55.16666666666667,125.5047619047619,46.04166666666667,8788.987893375974,0.15781443692190333,0.16831994584333204,0.15165239350021958,65340830,0.8442908770315081,1.9207708549885563,0.7046385340784113
2011,GB,60.41666666666667,29.916666666666668,51.56666666666667,5580.736017885922,0.1728330313721751,0.0401225550068574,0.16985068072024592,63258810,0.9550711856050829,0.47292490432031,0.8151697236585177
2011,GR,0.0,1.5,0.0,76.7093776106934,0.0,0.0020117158499259975,0.0,11104899,0.0,0.13507551937212578,0.0
2011,HU,0.6666666666666667,2.0,2.0,221.98591174906966,0.0019071231047964148,0.0026822877999013303,0.006587615283267457,9971727,0.06685568775264975,0.2005670632579492,0.2005670632579492
2011,IE,4.366666666666667,7.0,5.125,344.06584804084804,0.012491656336416516,0.009388007299654656,0.016880764163372856,4580084,0.9534031835806214,1.5283562484880189,1.1189751105001566
2011,IT,17.5,52.7,5.0,4573.268479950002,0.050061981500905885,0.07067828352740005,0.01646903820816864,60026841,0.2915362479261569,0.8779405866119125,0.08329607083604483
2011,LI,0.0,0.0,0.0,46.15238095238095,0.0,0.0,0.0,36312,0.0,0.0,0.0
2011,LU,0.0,0.5,0.0,75.34761904761905,0.0,0.0006705719499753326,0.0,518347,0.0,0.9646047917707636,0.0
2011,NL,24.166666666666668,26.2761655011655,23.0,3141.9162064242946,0.06913321254887003,0.03524011907598222,0.07575757575757575,16693074,1.4477061963941853,1.5740759012489551,1.3778169317406728
2011,NO,6.333333333333334,3.0,3.0,571.8243145743146,0.018117669495565942,0.004023431699851995,0.009881422924901184,4953088,1.2786636000275653,0.605682757907794,0.605682757907794
2011,PL,1.6666666666666667,2.916666666666667,4.166666666666667,359.2667027417027,0.004767807761991037,0.00391166970818944,0.013724198506807202,38063255,0.04378676144924198,0.07662683253617346,0.10946690362310493
2011,PT,0.5,0.0,0.0,99.25559163059164,0.001430342328597311,0.0,0.0,10557560,0.04735942774656265,0.0,0.0
2011,RO,3.0,1.0,3.0,48.46666666666667,0.008582053971583866,0.0013411438999506651,0.009881422924901184,20147528,0.14890164192847877,0.049633880642826256,0.14890164192847877
2011,SE,22.466666666666665,18.133333333333333,26.633333333333333,3222.5995735258894,0.06427004863163917,0.02431940938577206,0.08772507685551163,9449213,2.377623053546011,1.919031069924377,2.8185768839514287
2011,SI,0.0,2.0,0.0,99.93755411255411,0.0,0.0026822877999013303,0.0,2052843,0.0,0.974258625720525,0.0
2011,SK,1.0,0.0,0.0,51.285714285714285,0.002860684657194622,0.0,0.0,5398384,0.18524062015595777,0.0,0.0
2012,AT,8.2,14.511111111111111,1.25,1957.0575757575757,0.026191807074982032,0.019520392372271093,0.004365021076816056,8429991,0.9727175272191868,1.7213673313662035,0.14828011085658338
2012,BE,15.333333333333334,17.333333333333336,10.708333333333334,1644.7702747735357,0.048976549815007056,0.023316854594749546,0.03739368055805756,11106932,1.380519240896886,1.5605869679703932,0.9641126220394015
2012,CH,20.926190476190477,42.96666666666667,13.50952380952381,3432.484145266498,0.06684082241057407,0.05779889533198493,0.04717548493305582,7996861,2.6168005766500726,5.372941541270589,1.68935333620577
2012,CZ,4.2,2.8333333333333335,4.366666666666667,227.22619047619048,0.013415315818893237,0.0038114089241417523,0.015248473628344092,10510785,0.3995895644331037,0.26956438870487154,0.4154462931804491
2012,DE,67.16666666666666,371.86865079365083,61.616666666666674,23675.010081191187,0.21453858234182435,0.500238880321226,0.21516643894651952,80425823,0.8351380708490439,4.623746912650814,0.7661303841014679
2012,DK,2.0,8.5,5.166666666666667,1453.085927960928,0.0063882456280443985,0.011434226772425256,0.018042087117506368,5591572,0.3576811672996431,1.5201449610234832,0.9240096821907448
2012,ES,10.333333333333332,8.0,5.666666666666666,1599.1295815295816,0.033005935744896055,0.010761625197576712,0.019788095548232788,46773055,0.22092491784710946,0.17103864607518154,0.12115237430325357
2012,FI,9.375,11.190476190476192,30.875,1572.8909035409035,0.029944901381458118,0.015053463818038855,0.1078160205973566,5413971,1.7316309969152033,2.0669627137781474,5.702838083174069
2012,FR,44.03214285714286,100.41190476190476,31.446428571428573,9082.00903092006,0.14064407205028462,0.13507441055279842,0.10981145880390109,65657659,0.6706322389158417,1.5293250824234348,0.47894532108475835
2012,GB,50.272619047619045,50.53333333333334,49.89484126984127,5847.221143008179,0.16057691942064697,0.06797759916469291,0.17423362701379902,63711000,0.7890728296152791,0.7931649688960044,0.7831432761978508
2012,GR,1.0,1.0,0.0,101.54974747474748,0.0031941228140221992,0.001345203149697089,0.0,11045011,0.09053861512677533,0.09053861512677533,0.0
2012,HU,1.0,1.0,0.16666666666666666,231.3984126984127,0.0031941228140221992,0.001345203149697089,0.0005820028102421408,9920362,0.10080277312460977,0.10080277312460977,0.01680046218743496
2012,IE,1.7857142857142856,0.33333333333333337,6.416666666666667,398.9776872637167,0.0057037907393253555,0.00044840104989902975,0.022407108194322425,4599533,0.3882381723784318,0.07247112551064061,1.3950691660798318
2012,IT,28.116666666666667,61.0,7.116666666666667,4458.577537740038,0.0898080864542575,0.08205739213152244,0.02485151999733942,60191247,0.46712218251046816,1.0134363888490299,0.11823424536572016
2012,LI,0.0,0.7,0.0,33.977380952380955,0.0,0.0009416422047879623,0.0,36657,0.0,19.09594347600731,0.0
2012,LU,1.0,1.9166666666666667,0.0,75.12420634920635,0.0031941228140221992,0.002578306036919421,0.0,530946,1.8834307067008698,3.6099088545100004,0.0
2012,NL,22.183333333333334,25.95,21.333333333333336,3569.6466243901027,0.07085629109105912,0.03490802173463946,0.07449635971099404,16754962,1.3239858934525388,1.5487949181860277,1.2732546533578135
2012,NO,5.5,2.0,1.5,522.7440476190476,0.017567675477122097,0.002690406299394178,0.005238025292179268,5018573,1.0959290619066415,0.3985196588751424,0.2988897441563568
2012,PL,3.0,5.0,3.0,468.777707015207,0.009582368442066598,0.006726015748485446,0.010476050584358536,38063164,0.07881635903941143,0.13136059839901906,0.07881635903941143
2012,PT,1.0,0.0,1.0,116.98650793650793,0.0031941228140221992,0.0,0.0034920168614528454,10514844,0.09510364585532605,0.0,0.09510364585532605
2012,RO,1.0,0.8,1.0,66.29444444444445,0.0031941228140221992,0.0010761625197576712,0.0034920168614528454,20058035,0.04985533228952886,0.03988426583162309,0.04985533228952886
2012,SE,14.25,15.533333333333335,28.333333333333336,3017.514393939394,0.04551625009981634,0.020895488925294785,0.09894047774116396,9519374,1.496947173206978,1.631759959565969,2.9763861923413595
2012,SI,1.4,0.0,1.0,117.52777777777777,0.004471771939631079,0.0,0.0034920168614528454,2057159,0.680550215126784,0.0,0.4861072965191315
2012,SK,0.0,0.0,1.0,51.65952380952381,0.0,0.0,0.0034920168614528454,5407579,0.0,0.0,0.18492563862682357
2013,AT,4.902380952380952,22.5,4.152380952380953,1955.3606227106227,0.012997210754252515,0.02922281097859355,0.014354519876702576,8479823,0.5781230283203967,2.653357269367533,0.4896777860081458
2013,BE,15.102631578947369,16.380952380952383,7.216666666666667,1541.042026394658,0.04004015344423095,0.021275443336796155,0.024947562927916004,11159407,1.3533543116536004,1.4679052731881168,0.6466890818362182
2013,CH,27.114285714285714,44.323015873015876,10.983333333333334,3534.6227188875796,0.07188549590550153,0.057566360660370866,0.03796869277020011,8089346,3.3518513998889046,5.479184086453451,1.3577529423680645
2013,CZ,0.33333333333333337,3.0,0.33333333333333337,247.71815268065268,0.0008837345826106617,0.0038963747971458066,0.001152312375423372,10514272,0.03170293990238538,0.2853264591214684,0.03170293990238538
2013,DE,72.51507936507937,336.9904761904762,57.72222222222223,22800.71101228493,0.19225225018703226,0.4376803994355785,0.19954209301081394,80645605,0.8991820368274176,4.178658913780561,0.7157516174901561
2013,DK,5.142857142857142,13.0,3.0,1457.1051226551226,0.013634762131707348,0.016884290787631828,0.010370811378810347,5614932,0.9159250980879453,2.3152551090556397,0.5342896405513015
2013,ES,11.271428571428572,11.2,9.755555555555556,1622.1281661149308,0.029882853671991946,0.014546465909344344,0.03372434218739069,46604197,0.2418543671384054,0.24032170321484134,0.20932783276054637
2013,FI,15.4,9.80952380952381,22.23809523809524,1617.456389748882,0.040828537716612566,0.012740527114476765,0.0768756970461021,5438972,2.831417407554222,1.8035621087080078,4.088657790129319
2013,FR,69.6797619047619,131.09920634920636,32.425000000000004,9135.641813922231,0.1847352459099451,0.17027054784828838,0.11209118631930852,65997932,1.0557870495815218,1.9864138523189838,0.49130327295709814
2013,GB,59.68492063492064,39.25714285714286,66.87777777777778,5796.8372576941465,0.15823688527635615,0.050986847345507985,0.23119227292244252,64139000,0.9305558339687342,0.6120635316600331,1.0427006622768953
2013,GR,2.5,0.0,1.5,105.6595238095238,0.006628009369579962,0.0,0.005185405689405173,10965211,0.22799378871961515,0.0,0.1367962732317691
2013,HU,5.2857142857142865,4.25,3.0,195.01872294372293,0.01401350552425478,0.00551986429595656,0.010370811378810347,9872734,0.5353850600770047,0.43047852803488884,0.30386719625992153
2013,IE,4.119047619047619,4.25,6.119047619047619,366.66964285714283,0.01092043448511746,0.00551986429595656,0.02115316289170047,4623816,0.8908329438385132,0.9191542223998533,1.3233761073207972
2013,IT,27.8,64.6,6.5,4382.228102453102,0.07370346418972917,0.08390193729853969,0.022470091320755753,60311613,0.46093942140131455,1.0711038353426228,0.10777360572332893
2013,LI,0.0,0.5,0.0,45.26190476190476,0.0,0.0006493957995243011,0.0,36984,0.0,13.519359723123511,0.0
2013,LU,1.6,1.5,0.0,70.98333333333333,0.004241925996531176,0.0019481873985729033,0.0,543360,2.9446407538280335,2.760600706713781,0.0
2013,NL,25.726190476190474,25.91666666666667,30.916666666666668,3465.2303613053614,0.0682053726079157,0.033660348942009616,0.10687697282051775,16804432,1.5309169911955653,1.5422518694274625,1.8397924230147542
2013,NO,7.0,5.090909090909091,1.0,579.4828255078255,0.018558426234823892,0.006612029958792884,0.0034569371262701157,5079623,1.3780550249496863,1.0022218363270445,0.1968650035642409
2013,PL,5.666666666666667,2.9333333333333336,4.0,472.1468586968587,0.015023487904381247,0.003809788690542567,0.013827748505080463,38040196,0.14896523316196023,0.07711141481325,0.10515192929079545
2013,PT,2.0,2.3333333333333335,2.0,126.56872294372295,0.005302407495663969,0.0030305137311134054,0.006913874252540231,10457295,0.19125404801145993,0.2231297226800366,0.19125404801145993
2013,RO,0.0,0.0,1.0,69.90595238095239,0.0,0.0,0.0034569371262701157,19983693,0.0,0.0,0.0500408007669053
2013,SE,14.342857142857142,28.011904761904763,17.533333333333335,3140.73699969621,0.03802583661176161,0.03638162657811144,0.06061163094726937,9600379,1.4939886376211962,2.917791554052685,1.8263167874240522
2013,SI,0.0,3.0,0.0,133.90674603174602,0.0,0.0038963747971458066,0.0,2059953,0.0,1.456343906875545,0.0
2013,SK,0.0,0.0,1.0,47.86287185037185,0.0,0.0,0.0034569371262701157,5413393,0.0,0.0,0.18472702794716733
2014,AT,7.413270637408568,16.150000000000002,6.0,2008.1652006518386,0.020009949874695804,0.020571906897184442,0.018484225462343726,8546356,0.8674188902742372,1.8896942743784606,0.7020536003882825
2014,BE,17.235632183908045,7.666666666666667,13.166666666666668,1665.7262908716257,0.04652253410503488,0.009765817515691272,0.04056260587569874,11209057,1.5376522917055417,0.6839707092814915,1.1746453485486485
2014,CH,19.033251231527093,36.46190476190476,13.314285714285715,3342.734944056246,0.05137467950697714,0.04644525758860129,0.04101737650215322,8188649,2.3243457170440562,4.452737534836914,1.6259441226856488
2014,CZ,4.0,4.5,3.0,276.49802974802975,0.010796826854652976,0.005732110280949225,0.009242112731171863,10525347,0.3800349765190639,0.42753934858394693,0.285026232389298
2014,DE,61.553639846743295,360.9062770562771,64.68333333333334,22651.361519419872,0.1661459979247389,0.4597232402607545,0.1992702194982111,80982500,0.7600856956347766,4.456595894869596,0.7987322363885202
2014,DK,8.992816091954024,11.65,4.125,1433.613919988058,0.02427346957014116,0.014839796616235216,0.01270790500536131,5643475,1.593489134257532,2.0643309308537736,0.7309326257314864
2014,ES,13.402298850574713,11.0,8.833333333333334,1586.2440693023452,0.03617557503599245,0.014011825131209217,0.027212887486228264,46460733,0.28846507545575556,0.2367590713646296,0.19012470882311164
2014,FI,11.451149425287356,17.333333333333336,26.083333333333336,1671.1027547643928,0.030909019407896633,0.022079239600693315,0.08035503569046648,5461512,2.096699490047327,3.1737242971055153,4.775844735548203
2014,FR,64.42178434592228,120.525,48.68690476190476,9581.538953389692,0.1738877128126791,0.15352502035809007,0.149989954113784,66312067,0.9714941376495213,1.8175424994669522,0.7342088244950163
2014,GB,72.87098571926158,53.93181818181819,44.214199689199695,6295.728612771739,0.19669385388468924,0.06869847321561875,0.13621087261537584,64620000,1.1276847062714574,0.8345994766607581,0.6842185033921339
2014,GR,3.0344827586206895,1.0,0.0,124.2487684729064,0.008190696234564327,0.0012738022846553833,0.0,10892413,0.278586825400459,0.09180702200696944,0.0
2014,HU,2.0,3.0,5.0,186.30125313283207,0.005398413427326488,0.00382140685396615,0.015403521218619771,9833038,0.20339593928143063,0.30509390892214594,0.5084898482035766
2014,IE,5.435714285714286,4.5,6.685714285714286,466.2089285714286,0.014672116493555206,0.005732110280949225,0.020596708372325866,4657740,1.1670282767424298,0.9661337902072679,1.4353987740222265
2014,IT,25.546264367816093,60.642857142857146,10.741666666666667,4382.140543699596,0.06895464829062531,0.07724700997660146,0.03309189808466814,60320707,0.4235073764605593,1.0053406227957034,0.1780759410970874
2014,LI,0.0,2.5,0.0,62.57063492063492,0.0,0.0031845057116384585,0.0,37248,0.0,67.1176975945017,0.0
2014,LU,0.25,2.0,0.0,73.61904761904762,0.000674801678415811,0.0025476045693107667,0.0,556319,0.44938245862535703,3.5950596690028562,0.0
2014,NL,22.66896551724138,27.5,30.3,3534.5933383666143,0.061188223915938506,0.03502956282802304,0.09334533858483582,16865008,1.34414199609282,1.630595135205391,1.7966193671535764
2014,NO,6.0,1.0,6.0,536.9542929292929,0.016195240281979464,0.0012738022846553833,0.018484225462343726,5137232,1.1679441380105084,0.19465735633508474,1.1679441380105084
2014,PL,6.2844827586206895,6.361904761904762,4.0,566.9078954570334,0.01696311805396987,0.008103808820474248,0.012322816974895817,38011735,0.16533006869117364,0.16736686083665378,0.10523066100508172
2014,PT,2.2,0.0,1.2,154.1447691197691,0.0059382547700591376,0.0,0.003696845092468745,10401062,0.21151686241270365,0.0,0.11537283404329289
2014,RO,0.6844827586206896,1.0,3.6500000000000004,75.59321291735085,0.0018475604574557034,0.0012738022846553833,0.011244570489592433,19908979,0.03438060578700142,0.0502285928374328,0.18333436385662974
2014,SE,13.666666666666668,32.92142857142857,23.916666666666664,3131.3342712842714,0.03688915842006434,0.041935390928404724,0.07368017649573123,9696110,1.409499960980916,3.3953233380632617,2.4666249317166025
2014,SI,2.0,2.0,1.0,148.59404761904761,0.005398413427326488,0.0025476045693107667,0.0030807042437239543,2061980,0.9699415125267946,0.9699415125267946,0.4849707562633973
2014,SK,0.33333333333333337,0.5,0.0,47.380921855921855,0.0008997355712210815,0.0006369011423276917,0.0,5418649,0.06151594859407453,0.09227392289111179,0.0
2015,AT,8.333333333333334,17.529761904761905,3.5,2020.8197621077416,0.02091036676240175,0.02273981431339402,0.010552953211651322,8642699,0.9642049703840587,2.028274026986466,0.40496608756130464
2015,BE,11.234523809523811,17.651587301587302,17.016666666666666,1735.136928662735,0.02819016159096933,0.022897847657914947,0.051307453471885714,11274196,0.9964811512522765,1.5656626247749552,1.5093463575288797
2015,CH,35.2459706959707,52.42777777777778,18.561904761904763,3535.217778479164,0.0884407408979534,0.06800993293620805,0.0559665464204311,8282396,4.255528315232778,6.3300254875253215,2.2411274179482317
2015,CZ,0.0,3.0,2.0,290.5220779220779,0.0,0.003891635454652151,0.00603025897808647,10546059,0.0,0.2844664532978623,0.18964430219857484
2015,DE,78.54764402264402,306.8138888888889,51.93690476190476,22594.806469085423,0.19709520538032718,0.39800260265990195,0.15659649311724907,81686611,0.9615730541525835,3.755987488437841,0.6358068247182487
2015,DK,5.0,6.166666666666667,3.2,1454.0147436792597,0.012546220057441049,0.0079994728790072,0.009648414364938351,5683483,0.8797422284891149,1.0850154151365752,0.5630350262330336
2015,ES,17.1,10.487301587301587,12.733333333333334,1671.737511853115,0.04290807259644839,0.013604251560257546,0.03839264882715053,46422303,0.36835742509370983,0.22591084262453734,0.2742934432471679
2015,FI,9.571428571428571,16.5,22.266666666666666,1514.0591364517836,0.024017049824244293,0.02140399500058683,0.0671368832893627,5479531,1.7467605478331214,3.0112066160406794,4.063608120232675
2015,FR,69.68874458874458,129.93611111111113,50.833333333333336,9899.471652908802,0.17486606502743873,0.16855465894654045,0.15326908235969777,66548272,1.0471908960873482,1.9525091667460748,0.7638565481209391
2015,GB,60.38809523809524,59.68095238095239,62.65793650793651,6329.951333208138,0.15152846634137015,0.07741883675104035,0.18892179208767806,65088000,0.9277915320503817,0.9169271199138458,0.9626649537232135
2015,GR,5.0,0.2,1.0,107.62362637362638,0.012546220057441049,0.00025944236364347674,0.003015129489043235,10820883,0.46206950024318716,0.018482780009727487,0.09241390004863743
2015,HU,1.0,4.0,3.5,208.0355006105006,0.0025092440114882096,0.005188847272869535,0.010552953211651322,9797755,0.10206419735949715,0.4082567894379886,0.35722469075824
2015,IE,11.858333333333334,3.2,8.858333333333334,466.4656926406926,0.02975545190289769,0.004151077818295628,0.02670902205710799,4701957,2.5219995277143825,0.6805676870290392,1.8839673211246581
2015,IT,28.5,58.41666666666667,5.416666666666667,4544.498830743045,0.07151345432741398,0.0757787903808655,0.01633195139898419,60229605,0.47318922314034767,0.969899548015742,0.08993362428106023
2015,LI,0.0,1.0,0.0,46.74246031746032,0.0,0.0012972118182173838,0.0,37494,0.0,26.670934016109243,0.0
2015,LU,0.7,0.5,0.5,83.52884615384616,0.0017564708080417468,0.0006486059091086919,0.0015075647445216174,569604,1.2289239541857149,0.8778028244183679,0.8778028244183679
2015,NL,29.65,44.583333333333336,34.38333333333334,3691.6118558088237,0.07439908494062542,0.057834026895525026,0.10367020226493658,16939923,1.7503031153093198,2.631849822064323,2.029721937539701
2015,NO,8.5,2.142857142857143,1.25,515.3526875901875,0.021328574097649784,0.0027797396104658222,0.0037689118613040435,5188607,1.6382046279473468,0.4129927633480706,0.24091244528637454
2015,PL,4.541666666666667,11.266666666666667,5.986111111111111,636.5165591654722,0.011396149885508954,0.014615253151915858,0.018048900135800475,37986412,0.11956029610447722,0.2965972850151435,0.15758558905513662
2015,PT,1.0,1.7,0.0,160.55339687194527,0.0025092440114882096,0.0022052600909695523,0.0,10358076,0.09654302594420044,0.16412314410514076,0.0
2015,RO,1.0,0.125,2.642857142857143,128.94262886871581,0.0025092440114882096,0.00016215147727717297,0.00796855650675712,19815616,0.05046524922566122,0.006308156153207653,0.13337244438210466
2015,SE,10.666666666666668,22.88888888888889,22.416666666666664,3223.383744033744,0.02676526945587424,0.029691737172531228,0.06758915271271917,9799186,1.088525788434536,2.335794921015775,2.287604977256954
2015,SI,0.0,0.6666666666666667,0.0,126.96785714285714,0.0,0.0008648078788115892,0.0,2063531,0.0,0.3230708269789341,0.0
2015,SK,1.0,0.0,1.0,58.795670995670996,0.0025092440114882096,0.0,0.003015129489043235,5423801,0.18437254611664403,0.0,0.18437254611664403
2016,AT,6.0,30.021428571428572,3.05,2184.9405534079447,0.014376403739971405,0.03670327163430682,0.008707103179130685,8736668,0.6867606735199278,3.436256084290781,0.3491033423726299
2016,BE,12.814102564102564,9.50952380952381,10.73076923076923,1737.5246635706692,0.03070345200449021,0.011626050194894235,0.03063407045368803,11331422,1.1308468225878945,0.8392171617581455,0.9469922866493923
2016,CH,27.26666666666667,60.74285714285715,17.285714285714285,3713.3591724452017,0.06533276810720338,0.07426234165551872,0.049347048462520506,8373338,3.2563676118970317,7.254318067998347,2.0643755555686734
2016,CZ,0.0,4.5,0.0,289.22828282828283,0.0,0.0055015610586755396,0.0,10566332,0.0,0.42588099635710863,0.0
2016,DE,76.2357142857143,327.21870808929634,49.76944444444445,22848.409151973345,0.1826659013294224,0.40004748935426476,0.1420812091625542,82348669,0.92576741326219,3.973576161738526,0.6043746067643723
2016,DK,7.75,12.733333333333333,6.0,1483.6486184567068,0.018569521497463066,0.015567380180844859,0.017128727565502988,5728010,1.353000431214331,2.2229942568768792,1.0474842048110948
2016,ES,23.208333333333336,10.666666666666668,8.869047619047619,1786.2614642000513,0.055608728355306065,0.013040737324267948,0.025319250072023264,46458139,0.4995536591195212,0.22959737295259863,0.19090406568045307
2016,FI,16.666666666666664,12.333333333333334,12.095238095238095,1367.9819985569986,0.0399344548332539,0.015078352531184813,0.034529339695537765,5495303,3.0328931210283883,2.2443409095610076,2.201013864974888
2016,FR,65.83333333333333,118.06666666666666,40.05,9600.781615791691,0.1577410965913529,0.1443446612579908,0.11433425649973243,66724104,0.9866499418760772,1.7694754906962358,0.6002328633742313
2016,GB,70.45,49.73095238095238,83.39848484848486,6305.809148757384,0.16880294058016426,0.06079952689553227,0.2380849877242376,65607000,1.0738183425549104,0.7580129007720576,1.2711827220949725
2016,GR,2.0,0.0,2.4,88.87362637362638,0.004792134579990468,0.0,0.006851491026201194,10775971,0.18559812382568586,0.0,0.22271774859082302
2016,HU,4.976190476190476,2.2,1.0,220.98948412698414,0.011923287228785807,0.002689652073130264,0.002854787927583831,9759755,0.509868380527019,0.22541549454878734,0.10246158843126697
2016,IE,11.160256410256409,5.5,12.776923076923076,461.27309912309914,0.026740725332575013,0.006724130182825659,0.03647540575166725,4762722,2.3432516972975557,1.1548018129128679,2.6826934423052773
2016,IT,22.625,80.65952380952382,7.6,4801.422634916945,0.05421102243614217,0.09861184337817527,0.021696388249637117,60115223,0.3763605767544104,1.3417487249365077,0.1264238843462329
2016,LI,0.0,0.0,0.0,34.18333333333334,0.0,0.0,0.0,37716,0.0,0.0,0.0
2016,LU,1.25,2.5,0.0,107.2182400932401,0.0029950841124940426,0.0030564228103753,0.0,582014,2.1477146597848162,4.2954293195696325,0.0
2016,NL,33.41666666666667,42.55,62.23809523809524,3963.4988053613056,0.08006858194067408,0.0520203162325876,0.17767656292152703,17030314,1.9621873481996086,2.4984859351389526,3.65454772226133
2016,NO,8.916666666666668,4.0,1.6666666666666667,494.48333333333335,0.02136493333579084,0.004890276496600479,0.004757979879306385,5234519,1.7034357247851557,0.7641580821466119,0.3183992008944216
2016,PL,5.2,10.083333333333334,0.2,565.7356671106671,0.012459549907975218,0.012327572001847044,0.0005709575855167662,37970087,0.13694991006999802,0.2655599217703487,0.0052673042334614615
2016,PT,1.0,1.0,1.125,208.98492063492063,0.002396067289995234,0.0012225691241501198,0.00321163641853181,10325452,0.09684806050137078,0.09684806050137078,0.10895406806404213
2016,RO,0.2,0.33333333333333337,3.45,104.15,0.00047921345799904687,0.00040752304138337337,0.009849018350164218,19702267,0.01015111611267881,0.016918526854464686,0.17510675294370948
2016,SE,20.38095238095238,29.733333333333334,26.583333333333336,3288.19547582639,0.04883413333895048,0.0363510552913969,0.07588977907493685,9923085,2.053892754214277,2.996379990026623,2.678938387944206
2016,SI,0.0,2.666666666666667,0.0,116.59444444444445,0.0,0.003260184331066987,0.0,2065042,0.0,1.291337738732029,0.0
2016,SK,0.0,1.2000000000000002,0.0,65.83611111111111,0.0,0.001467082948980144,0.0,5430798,0.0,0.22096200226927978,0.0
2017,AT,11.142857142857142,26.333333333333336,4.525,2206.5887284284345,0.025615812406800793,0.031012620959035862,0.011297638225905208,8797566,1.266584091879179,2.9932521487572057,0.5143468091060641
2017,BE,15.883333333333335,19.666666666666668,13.244444444444444,1787.1560966810966,0.03651347960807011,0.023161324513710328,0.033067611455565395,11375158,1.3963176013320724,1.728913714136249,1.1643305916668976
2017,CH,28.142099567099564,53.5,20.67063492063492,3859.534649865958,0.06469460516295289,0.0630066539737374,0.05160869728908202,8451840,3.3297009369675195,6.329982583674087,2.4456964306748494
2017,CZ,0.0,6.555555555555555,1.1666666666666665,262.0321123321123,0.0,0.0077204415045701085,0.002912834901706683,10594438,0.0,0.6187733181840844,0.11012067527004891
2017,DE,62.85584415584416,356.91825396825396,77.73809523809524,23621.86862058878,0.14449646907654448,0.4203406527979123,0.1940899174300474,82657002,0.7604418577369181,4.3180643542848784,0.9404901382473954
2017,DK,6.878571428571428,6.222222222222222,0.5714285714285714,1527.2917544873428,0.01581283804342895,0.007327876682303832,0.0014266946457338857,5764980,1.1931648381384545,1.0793137568945983,0.09912065114338148
2017,ES,21.103571428571428,14.000000000000002,8.366666666666667,1684.3125762729592,0.04851404984352112,0.016487722535183623,0.020889187437953646,46571232,0.4531460844448226,0.3006147657850237,0.1796531100286689
2017,FI,7.95,9.9,13.7,1468.046719487467,0.01827589692869826,0.011659175221308419,0.03420500413146991,5508214,1.4432990439369278,1.7973157905629666,2.487194578859863
2017,FR,67.56428571428572,128.47063492063492,43.394444444444446,9407.78432613863,0.15532049330508252,0.1512991558921643,0.10834358770109954,66918020,1.0096575737639237,1.9198212218567574,0.6484717336891386
2017,GB,63.53217893217894,61.71666666666667,82.83928571428572,6192.8310890059065,0.1460512646314613,0.07268337684260114,0.20682613942373426,65966000,0.9631049166567466,0.9355829770892077,1.2557876135325126
2017,GR,2.166666666666667,0.0,1.5,130.62698412698413,0.004980852412433488,0.0,0.00374507344505145,10754679,0.20146269978552284,0.0,0.13947417677459273
2017,HU,1.25,2.0,5.0,209.75137085137087,0.002873568699480858,0.0023553889335976605,0.0124835781501715,9726756,0.12851149962022282,0.20561839939235652,0.5140459984808913
2017,IE,14.2,3.5000000000000004,15.2,458.8737035609318,0.03264374042610255,0.004121930633795906,0.03795007757652136,4827445,2.9415146107309353,0.725021206870301,3.1486635269795924
2017,IT,42.69642857142857,59.58333333333333,13.326190476190476,4852.405866355866,0.09815289657798189,0.07017096198009695,0.033271708050718996,60002252,0.7115804348714874,0.993018284269286,0.2220948386435642
2017,LI,0.0,1.5,0.0,43.96230158730159,0.0,0.0017665417001982452,0.0,37962,0.0,39.51319740793425,0.0
2017,LU,0.0,1.25,0.8,106.06773504273504,0.0,0.0014721180834985376,0.0019973725040274403,596336,0.0,2.096133723270103,1.3415255828928658
2017,NL,47.53333333333333,49.7,72.5,4361.439466235519,0.10927223907892544,0.05853141499990186,0.18101188317748676,17131296,2.7746490010640956,2.9011231841420524,4.232020741454704
2017,NO,11.6,5.666666666666667,1.0,590.1500465292025,0.026666717531182365,0.0066736019785267045,0.0024967156300343,5276968,2.198232015051067,1.0738489728697742,0.18950275991819546
2017,PL,2.75,12.033333333333335,2.0,592.7222581396517,0.006321851138857889,0.014171590083812592,0.0049934312600686,37974826,0.07241639500863019,0.3168765890680667,0.05266646909718559
2017,PT,5.0,2.0,0.0,212.68499066293185,0.011494274797923433,0.0023553889335976605,0.0,10300300,0.48542275467704826,0.1941691018708193,0.0
2017,RO,2.0,0.6666666666666667,3.0,108.29523809523809,0.004597709919169374,0.0007851296445325535,0.0074901468901029,19588715,0.10209960173497853,0.03403320057832618,0.1531494026024678
2017,SE,19.75,23.933333333333334,17.983333333333334,3513.0897204560065,0.04540238545179756,0.028186154238718668,0.04489926941345016,10057698,1.9636700167374284,2.379603497075905,1.7880168338056417
2017,SI,1.0,2.0,2.0,157.47694805194806,0.002298854959584687,0.0023553889335976605,0.0049934312600686,2066388,0.4839362210775518,0.9678724421551036,0.9678724421551036
2017,SK,0.0,2.0,0.0,69.2422619047619,0.0,0.0023553889335976605,0.0,5439232,0.0,0.3676989692662494,0.0
2018,AT,7.158333333333334,29.56666666666667,7.533333333333334,2280.3210317460316,0.014528822061193573,0.03577329936093759,0.019532853654847564,8840521,0.8097184920813302,3.3444484399354595,0.8521368065675465
2018,BE,18.910714285714285,12.700000000000001,12.166666666666668,1818.5517387840916,0.03838189563313818,0.015365983152781534,0.031546422938138766,11427054,1.654907230307504,1.1113975658118007,1.064724702155662
2018,CH,50.963095238095235,43.51410256410257,22.166666666666668,3818.065319239584,0.10343661127850251,0.05264858007152817,0.05747498973660898,8514329,5.985568004019487,5.110690761902973,2.603454325839026
2018,CZ,2.0,2.333333333333333,0.0,312.9590548340548,0.0040592750811250956,0.00282314651100973,0.0,10629928,0.188148028848361,0.2195060336564211,0.0
2018,DE,77.93333333333332,348.76868686868687,79.23333333333333,24291.791400510057,0.15817641899450788,0.4219821863497622,0.205440677599879,82905782,0.9400228965132169,4.206807757614383,0.9557033468827703
2018,DK,6.75,5.0,2.0,1749.1252497502498,0.013700053398797199,0.006049599666449423,0.0051857133596940426,5793636,1.1650714680728993,0.8630159022762217,0.3452063609104887
2018,ES,26.325,11.666666666666666,13.092857142857142,1817.3187382062383,0.05343020825530907,0.014115732555048652,0.033947902101139925,46782011,0.5627162970826542,0.24938360744403798,0.2798694810887275
2018,FI,11.25,14.9,13.142857142857142,1481.0443112443113,0.022833422331328665,0.01802780700601928,0.03407754493513228,5515525,2.039697037000104,2.7014654090045824,2.3828841575112327
2018,FR,71.88690476190476,118.36666666666667,20.766666666666666,9602.574005190367,0.14590436057960648,0.14321418943707934,0.05384499038482314,67158348,1.0704090690543007,1.7625011661493917,0.3092194386119603
2018,GB,78.28333333333333,58.31666666666666,109.59880952380952,6351.390736504065,0.1588867921337048,0.07055849744302176,0.28417400537709087,66289000,1.1809400252430016,0.8797336913615632,1.6533483613240434
2018,GR,1.0,1.9000000000000001,1.25,143.534126984127,0.0020296375405625478,0.002298847873250781,0.0032410708498087767,10732882,0.09317161970102718,0.17702607743195165,0.11646452462628397
2018,HU,2.0,2.3333333333333335,0.33333333333333337,223.02644855144854,0.0040592750811250956,0.0028231465110097305,0.0008642855599490072,9706964,0.20603764472599262,0.24037725218032474,0.03433960745433211
2018,IE,11.535714285714285,2.1,13.766666666666666,443.19572927072926,0.02341331877148939,0.0025408318599087574,0.03569499362589399,4898022,2.355178128173839,0.42874450135177017,2.810658397750493
2018,IT,38.16666666666667,83.26818181818183,5.6,4872.3525237189715,0.07746449946480392,0.10074783299062454,0.014519997407143319,60148658,0.6345389562418279,1.3843730614601881,0.09310265908177037
2018,LI,0.0,0.0,0.0,51.97777777777778,0.0,0.0,0.0,38246,0.0,0.0,0.0
2018,LU,1.25,0.5,0.0,95.75079365079365,0.002537046925703185,0.0006049599666449422,0.0,607950,2.0560901389916935,0.8224360555966773,0.0
2018,NL,45.22857142857143,46.93333333333334,58.483333333333334,4356.517153679653,0.09179760647744323,0.05678557553573858,0.1516389014930533,17231624,2.624742243016179,2.723674410103966,3.393953659465488
2018,NO,12.75,7.0,2.416666666666667,575.9677404295052,0.025877878642172485,0.00846943953302919,0.006266070309630303,5311916,2.4002638595941654,1.3177919229144437,0.4549519733871294
2018,PL,6.033333333333333,9.0,3.0,663.6835308482367,0.012245479828060705,0.01088927939960896,0.007778570039541064,37974750,0.15887749974215323,0.2369995852507258,0.07899986175024194
2018,PT,3.3333333333333335,1.3333333333333335,1.0,246.19722010016127,0.006765458468541826,0.001613226577719846,0.0025928566798470213,10283822,0.32413370567220373,0.1296534822688815,0.09724011170166111
2018,RO,3.4000000000000004,0.5,1.4,137.64545454545456,0.006900767637912663,0.0006049599666449422,0.0036299993517858297,19473970,0.17459203233855244,0.025675298873316533,0.07189083684528629
2018,SE,16.04047619047619,21.5,18.723809523809525,3511.4308136308136,0.0325563526446902,0.026013278565732517,0.0485481545959928,10175214,1.5764264211520456,2.1129776730002927,1.8401391384799892
2018,SI,0.0,5.0,0.0,165.78571428571428,0.0,0.006049599666449423,0.0,2073894,0.0,2.4109236055458956,0.0
2018,SK,0.5,0.0,0.0,83.14352453102453,0.0010148187702812739,0.0,0.0,5446771,0.09179750718361393,0.0,0.0
2019,AT,8.958333333333334,18.87857142857143,7.0,2216.6557317788775,0.018678962399716934,0.02309829397271154,0.018101806320618415,8879920,1.0088304098835725,2.1259844039778995,0.788295390048559
2019,BE,12.375,12.866666666666667,6.0625,1749.4126665001666,0.02580303178007409,0.015742613271349876,0.015677457259821306,11488980,1.077119117624019,1.1199137492333233,0.5276795677248981
2019,CH,37.94880952380952,54.46904761904762,20.55769230769231,4098.097815462831,0.07912681520475437,0.06664392372477258,0.05316162350753047,8575280,4.425372643669889,6.3518681161487,2.3973202400029283
2019,CZ,1.0,3.0,2.0,244.30494505494505,0.002085093477177704,0.003670557498501266,0.005171944663033833,10671870,0.09370428987609482,0.28111286962828447,0.18740857975218964
2019,DE,96.29318181818182,302.4057701070859,92.05000000000001,23486.65690523301,0.2007802853057776,0.36999925568553804,0.2380387531161322,83092962,1.1588608649933771,3.6393668347878356,1.1077953870509516
2019,DK,6.666666666666667,11.333333333333334,3.375,1680.3227187844834,0.013900623181184695,0.013866550549893672,0.008727656618869593,5814422,1.1465742711256022,1.949176260913524,0.5804532247573361
2019,ES,28.0,19.021428571428572,15.65,1962.9265123765124,0.05838261736097572,0.023273082425021123,0.040470466988239744,47118501,0.5942464086453004,0.403693414852662,0.3321412962606769
2019,FI,9.0,31.5,9.333333333333334,1556.014898989899,0.018765841294599336,0.03854085373426329,0.024135741760824555,5521606,1.629960558576617,5.704861955018159,1.6903294681535288
2019,FR,83.54285714285713,119.91428571428573,39.954166666666666,9442.76617497999,0.17419466649336018,0.1467174268686649,0.10332036952881547,67382061,1.2398382581805734,1.7796173630587782,0.592949608155599
2019,GB,70.48376623376623,60.05833333333333,71.01709956709956,6473.592428976252,0.1469652412209441,0.07348252192138506,0.18364825454510147,66631000,1.057822428505744,0.901357226115972,1.0658267107967698
2019,GR,2.25,0.7,0.0,150.2468253968254,0.004691460323649834,0.0008564634163169619,0.0,10721582,0.209857090119723,0.0652888724816916,0.0
2019,HU,1.0,6.924242424242424,4.0,252.5944277944278,0.002085093477177704,0.008471943317247871,0.010343889326067666,9694824,0.10314782403476329,0.7142205391498003,0.41259129613905315
2019,IE,8.983333333333334,0.0,13.092424242424242,486.0011100741364,0.01873108973664638,0.0,0.03385664684339042,4976456,1.8051668362652729,0.0,2.630873103755814
2019,IT,39.66666666666667,84.7095238095238,7.833333333333334,4910.095695970696,0.08270870792804894,0.1036437259378397,0.020256783263549183,59729081,0.6641097770559482,1.4182291505460096,0.13114772908247715
2019,LI,0.0,0.0,0.0,44.9,0.0,0.0,0.0,38563,0.0,0.0,0.0
2019,LU,2.0,0.25,0.0,88.69722222222222,0.004170186954355408,0.0003058797915417721,0.0,620001,3.225801248707663,0.4032251560884579,0.0
2019,NL,30.68333333333333,43.61666666666667,46.43333333333334,4148.50626726215,0.06397761819140255,0.05336582763098785,0.12007531526010216,17344874,1.7690144842408961,2.5146718659741585,2.677063744212459
2019,NO,11.666666666666668,5.5,0.0,614.5351731601731,0.024326090567073216,0.006729355413918987,0.0,5347896,2.1815432960301897,1.0284418395570893,0.0
2019,PL,6.0,2.833333333333333,2.6666666666666665,650.4295093795093,0.012510560863066225,0.003466637637473417,0.0068959262173784435,37965475,0.15803832297633574,0.07462920807215855,0.07023925465614922
2019,PT,2.3333333333333335,2.0,2.166666666666667,281.9242063492064,0.004865218113414643,0.002447038332334177,0.005602940051619987,10286263,0.22683975058126876,0.1944340719268018,0.2106369112540353
2019,RO,3.6,2.0,2.3333333333333335,108.43452380952381,0.007506336517839735,0.002447038332334177,0.006033935440206139,19371648,0.18583860289016196,0.1032436682723122,0.12045094631769757
2019,SE,14.5,28.833333333333336,40.78333333333333,3646.658282448546,0.03023385541907671,0.03527813595781772,0.10546457158703157,10278887,1.4106585664381757,2.8051026665954533,3.9676798989358804
2019,SI,1.3928571428571428,4.0,0.39285714285714285,129.32445887445888,0.002904237343211802,0.004894076664668354,0.0010159177016673601,2088385,0.6669541980320404,1.915355645630475,0.18811528662442165
2019,SK,1.25,2.5,0.0,69.18953546453547,0.0026063668464721304,0.0030587979154177215,0.0,5454147,0.22918340851465868,0.45836681702931736,0.0
2020,AT,7.25,,,2328.8074675324674,0.014625827492378334,0.0,0.0,8916864,0.813066118312447,,
2020,BE,12.883333333333333,,,1749.1580035504571,0.02599026356691598,0.0,0.0,11538604,1.1165417699865021,,
2020,CH,48.03571428571429,,,3915.955300476957,0.09690511318841803,0.0,0.0,8638167,5.56086890722468,,
2020,CZ,1.0,,,320.7361344537815,0.002017355516190115,0.0,0.0,10697858,0.0934766567288517,,
2020,DE,74.90357142857144,,,23859.92625385508,0.15110713300376888,0.0,0.0,83160871,0.9007069133339337,,
2020,DK,12.857142857142858,,,1754.6865717615717,0.025937428065301478,0.0,0.0,5831404,2.2048108580957275,,
2020,ES,24.18095238095238,,,1816.7876512462426,0.04878157767244478,0.0,0.0,47359424,0.5105837516299265,,
2020,FI,6.0,,,1566.6369059511917,0.01210413309714069,0.0,0.0,5529543,1.0850806296288862,,
2020,FR,79.24285714285715,,,9574.743998046717,0.15986101497580812,0.0,0.0,67601110,1.1722123666735227,,
2020,GB,89.24011544011543,,,6411.088712176412,0.1800290391485595,0.0,0.0,66744000,1.3370507527285664,,
2020,GR,3.166666666666667,,,155.1453823953824,0.006388292467935364,0.0,0.0,10698599,0.2959889109468134,,
2020,HU,4.0,,,229.02782634894436,0.00806942206476046,0.0,0.0,9670419,0.41363254270575034,,
2020,IE,14.416666666666668,,,573.9658742873913,0.02908354202507416,0.0,0.0,5039747,2.8605933326944126,,
2020,IT,44.49166666666667,,,5185.820357630908,0.08975550917449186,0.0,0.0,59438851,0.7485283769477082,,
2020,LI,0.0,,,27.46904761904762,0.0,0.0,0.0,38901,0.0,,
2020,LU,0.0,,,124.18972645711776,0.0,0.0,0.0,630419,0.0,,
2020,NL,42.04166666666667,,,4277.062833245186,0.08481298815982609,0.0,0.0,17441500,2.4104387046221176,,
2020,NO,6.0,,,558.0502802752803,0.01210413309714069,0.0,0.0,5379475,1.1153504756505048,,
2020,PL,3.0,,,625.4302836052836,0.006052066548570345,0.0,0.0,37515748,0.07996641836916059,,
2020,PT,6.333333333333334,,,275.8106946287287,0.012776584935870729,0.0,0.0,10297081,0.6150610384956021,,
2020,RO,7.25,,,85.03268398268398,0.014625827492378334,0.0,0.0,19265250,0.3763252488288498,,
2020,SE,8.704761904761904,,,3648.8139534442166,0.017560599445693,0.0,0.0,10353442,0.8407601940264797,,
2020,SI,0.0,,,193.6672077922078,0.0,0.0,0.0,2102419,0.0,,
2020,SK,0.7,,,72.64404761904763,0.0014121488613330804,0.0,0.0,5458827,0.12823267709344882,,
2021,AT,7.700000000000001,,,2222.1932636807637,0.013931323899165692,0.0,0.0,8955797,0.8597783089545241,,
2021,BE,8.285294117647059,,,1846.839893152915,0.014990274799064075,0.0,0.0,11586195,0.7151005241709689,,
2021,CH,51.68650793650794,,,4178.853745287142,0.09351447834808962,0.0,0.0,8704546,5.937875213308992,,
2021,CZ,1.4333333333333333,,,318.08913031413033,0.002593276743134739,0.0,0.0,10505772,0.1364329373732205,,
2021,DE,107.63139589169,,,23281.459425565674,0.19473348543980062,0.0,0.0,83196078,1.2937075698651324,,
2021,DK,8.25,,,1947.5176767676767,0.014926418463391811,0.0,0.0,5856733,1.4086351554697816,,
2021,ES,35.71190476190476,,,1960.3123293373294,0.064612222375877,0.0,0.0,47443821,0.7527198275599422,,
2021,FI,12.666666666666668,,,1589.6659340659342,0.022917329357934904,0.0,0.0,5541017,2.2859822784638033,,
2021,FR,103.98167701863355,,,9092.857551286264,0.1881301846915607,0.0,0.0,67842811,1.5326852688729768,,
2021,GB,59.80101794340924,,,6187.525201157856,0.10819575980122771,0.0,0.0,66984000,0.8927657043982032,,
2021,GR,1.8333333333333335,,,195.8607142857143,0.003316981880753736,0.0,0.0,10569207,0.17345987578191377,,
2021,HU,2.0,,,208.80515930148283,0.0036185256880949842,0.0,0.0,9630932,0.20766422190500358,,
2021,IE,13.552380952380952,,,596.5902652902653,0.024519819305519823,0.0,0.0,5110585,2.6518257601391917,,
2021,IT,55.611111111111114,,,5359.016222666222,0.10061511704953,0.0,0.0,59133173,0.9404384762358535,,
2021,LI,0.0,,,38.958333333333336,0.0,0.0,0.0,39182,0.0,,
2021,LU,0.5,,,141.44007936507936,0.0009046314220237461,0.0,0.0,640064,0.7811718828117189,,
2021,NL,36.083333333333336,,,4363.20915422297,0.06528423428938035,0.0,0.0,17533044,2.0580187520965176,,
2021,NO,8.283333333333335,,,594.9530303030303,0.014986727224860063,0.0,0.0,5408320,1.5315908328895729,,
2021,PL,8.25,,,716.3364774114774,0.014926418463391811,0.0,0.0,36981559,0.22308415932384032,,
2021,PT,6.666666666666667,,,275.6436507936508,0.012061752293649948,0.0,0.0,10361831,0.6433869329336356,,
2021,RO,1.5,,,62.76428571428571,0.0027138942660712385,0.0,0.0,19122059,0.07844343540619762,,
2021,SE,21.283333333333335,,,3542.839904376669,0.038507144197477465,0.0,0.0,10415811,2.0433678504087043,,
2021,SI,0.0,,,169.66774891774892,0.0,0.0,0.0,2108079,0.0,,
2021,SK,0.0,,,79.50864413364414,0.0,0.0,0.0,5447247,0.0,,
2022,AT,8.125,,,2093.961106135244,0.015970250980231988,0.0,0.0,9041851,0.8985991916920552,,
2022,BE,9.65,,,1835.569794978843,0.01896774424113707,0.0,0.0,11680210,0.8261837758054007,,
2022,CH,46.58571428571429,,,3918.1332448597154,0.09156745221369057,0.0,0.0,8777088,5.307650360314753,,
2022,CZ,0.0,,,302.1478409017883,0.0,0.0,0.0,10672118,0.0,,
2022,DE,107.04206349206349,,,22564.10560922192,0.21039859931202234,0.0,0.0,83177813,1.2869064433331938,,
2022,DK,14.5,,,1817.3306166056166,0.028500755595490933,0.0,0.0,5903037,2.456362716344146,,
2022,ES,21.894444444444446,,,1895.5637251637252,0.0430350489662183,0.0,0.0,47786102,0.458175986910262,,
2022,FI,14.416666666666668,,,1545.7300435675436,0.028336958149539838,0.0,0.0,5556106,2.594742912872193,,
2022,FR,78.63730158730158,,,9718.429593402901,0.15456706987783403,0.0,0.0,68184457,1.1533024540666443,,
2022,GB,70.27272727272728,,,5837.845160677534,0.138125918967489,0.0,0.0,67604000,1.0394758782428153,,
2022,GR,3.25,,,198.6797619047619,0.006388100392092795,0.0,0.0,10436882,0.3113956831168542,,
2022,HU,0.0,,,244.42150401435393,0.0,0.0,0.0,9605074,0.0,,
2022,IE,5.392857142857142,,,509.1568931068931,0.010600034716549581,0.0,0.0,5212836,1.0345342041946346,,
2022,IT,29.766666666666666,,,5338.710209235209,0.05850844769373196,0.0,0.0,59013667,0.5044029320643075,,
2022,LI,0.0,,,33.73293650793651,0.0,0.0,0.0,39493,0.0,,
2022,LU,0.33333333333333337,,,123.01190476190476,0.0006551897838043893,0.0,0.0,653103,0.5103840180390128,,
2022,NL,60.56666666666666,,,4703.639251765992,0.11904798371725751,0.0,0.0,17700982,3.421655740154228,,
2022,NO,8.2,,,626.2137163561076,0.016117668681587975,0.0,0.0,5457127,1.5026221673052504,,
2022,PL,4.9,,,789.1225250626567,0.009631289821924523,0.0,0.0,36821749,0.13307352673551712,,
2022,PT,4.725,,,298.9234126984127,0.009287315185427216,0.0,0.0,10434332,0.45283205479756633,,
2022,RO,0.0,,,70.95595238095238,0.0,0.0,0.0,19048502,0.0,,
2022,SE,18.0,,,3493.678614725189,0.03538024832543702,0.0,0.0,10486941,1.7164204509208167,,
2022,SI,1.5,,,162.47515262515262,0.0029483540271197516,0.0,0.0,2112076,0.7102017162261206,,
2022,SK,1.0,,,83.21515151515152,0.0019655693514131676,0.0,0.0,5431752,0.18410266153535726,,
2023,AT,8.928571428571429,,,2071.684643134643,0.015615834494033521,0.0,0.0,9131761,0.9777491360725965,,
2023,BE,16.37222222222222,,,1826.3322208836914,0.028634582202437107,0.0,0.0,11779946,1.3898384782258102,,
2023,CH,57.77875457875459,,,3822.1520065397353,0.10105350850259986,0.0,0.0,8888822,6.50015880380489,,
2023,CZ,1.3,,,291.9765873015873,0.0022736655023312805,0.0,0.0,10864042,0.11966080396228218,,
2023,DE,105.13614718614718,,,21079.292529547336,0.18388033146551291,0.0,0.0,83287273,1.2623314871426656,,
2023,DK,28.266666666666666,,,1767.786691086691,0.04943764989684425,0.0,0.0,5946952,4.753135163469735,,
2023,ES,21.85,,,1865.5682240961653,0.03821507017379883,0.0,0.0,48352528,0.45188950617018414,,
2023,FI,11.619047619047619,,,1360.2170967920968,0.020321405954902286,0.0,0.0,5583911,2.0808081681544746,,
2023,FR,88.13477633477632,,,9267.745143823899,0.15414538500620328,0.0,0.0,68372286,1.289042410177368,,
2023,GB,79.7357142857143,,,5847.257573472649,0.13945564836551697,0.0,0.0,68492000,1.1641609864760014,,
2023,GR,1.5,,,142.17503052503054,0.0026234601949976315,0.0,0.0,10407351,0.14412889504735643,,
2023,HU,1.0,,,186.62063775577707,0.0017489734633317543,0.0,0.0,9592186,0.10425152306262618,,
2023,IE,5.938095238095238,,,509.6821741124373,0.010385570994165226,0.0,0.0,5311538,1.1179615467488397,,
2023,IT,42.07142857142857,,,4868.146310131217,0.07358181213588594,0.0,0.0,58984216,0.7132658772887406,,
2023,LI,0.0,,,29.66303418803419,0.0,0.0,0.0,39846,0.0,,
2023,LU,1.0,,,102.73145743145743,0.0017489734633317543,0.0,0.0,666430,1.5005326891046322,,
2023,NL,61.56428571428572,,,4608.611051709729,0.10767430200325993,0.0,0.0,17877117,3.4437479887996325,,
2023,NO,11.6,,,595.1757326007327,0.02028809217464835,0.0,0.0,5519601,2.101601184578378,,
2023,PL,7.0,,,832.2968253968254,0.01224281424332228,0.0,0.0,36687353,0.19080144593696907,,
2023,PT,3.7111111111111112,,,299.8328898225957,0.006490634852808955,0.0,0.0,10578174,0.35082719485528513,,
2023,RO,3.5,,,99.93174962292609,0.00612140712166114,0.0,0.0,19061062,0.18362040897826154,,
2023,SE,9.757142857142858,,,3004.904353326412,0.017064983935079832,0.0,0.0,10536632,0.926021033774631,,
2023,SI,3.0,,,163.2111111111111,0.005246920389995263,0.0,0.0,2120461,1.4147866902527326,,
2023,SK,1.0,,,90.25119047619047,0.0017489734633317543,0.0,0.0,5426740,0.18427269410364233,,
2024,AT,6.666666666666667,,,1121.5294316794316,0.029291236174256226,0.0,0.0,9177982,0.7263760886289238,,
2024,BE,5.583333333333334,,,857.8994079449961,0.024531410295939592,0.0,0.0,11858610,0.4708252765993092,,
2024,CH,8.355158730158731,,,1665.3356767759244,0.03670993914577172,0.0,0.0,9005582,0.9277755430086285,,
2024,CZ,2.0,,,181.40357142857144,0.008787370852276868,0.0,0.0,10905028,0.1834016382167932,,
2024,DE,67.29294068504595,,,11408.342372870507,0.29566401276988447,0.0,0.0,83516593,0.8057433650944783,,
2024,DK,4.6,,,768.4656204906205,0.020210952960236794,0.0,0.0,5976992,0.769617894753749,,
2024,ES,8.59090909090909,,,868.8491203241203,0.03774575207000745,0.0,0.0,48848840,0.17586720771484216,,
2024,FI,4.0,,,671.314985014985,0.017574741704553736,0.0,0.0,5619911,0.7117550438076332,,
2024,FR,18.507575757575758,,,4497.529884657826,0.0813164658792136,0.0,0.0,68551653,0.2699800070112935,,
2024,GB,34.019444444444446,,,2607.629288255604,0.14947073726088167,0.0,0.0,69226000,0.49142582908797916,,
2024,GR,2.0,,,54.35,0.008787370852276868,0.0,0.0,10405134,0.19221280571687013,,
2024,HU,1.0,,,111.8202380952381,0.004393685426138434,0.0,0.0,9562065,0.10457992075979404,,
2024,IE,5.666666666666667,,,255.00110737216,0.024897550748117794,0.0,0.0,5395790,1.05020148424358,,
2024,IT,26.0,,,2868.940497084615,0.11423582107959927,0.0,0.0,58952704,0.4410315089194213,,
2024,LI,1.0,,,19.075,0.004393685426138434,0.0,0.0,40450,24.721878862793574,,
2024,LU,0.0,,,55.56150793650794,0.0,0.0,0.0,677012,0.0,,
2024,NL,16.316666666666666,,,2017.0940781440781,0.07169030053649211,0.0,0.0,17993485,0.9068096962131942,,
2024,NO,2.0,,,221.59722222222223,0.008787370852276868,0.0,0.0,5572279,0.3589195731225949,,
2024,PL,4.666666666666667,,,492.60703273334855,0.02050386532197936,0.0,0.0,36559233,0.12764673336190252,,
2024,PT,3.0,,,160.13611111111112,0.013181056278415301,0.0,0.0,10694681,0.280513275711543,,
2024,RO,1.0,,,62.69166666666667,0.004393685426138434,0.0,0.0,19051804,0.05248846775874872,,
2024,SE,5.333333333333334,,,1405.1895743145744,0.023432988939404983,0.0,0.0,10569709,0.5045865816488736,,
2024,SI,0.0,,,83.09920634920636,0.0,0.0,0.0,2127400,0.0,,
2024,SK,0.0,,,67.92380952380952,0.0,0.0,0.0,5422069,0.0,,
