,Company_Category,share_pct_genai,share_pct_ai
0,ETI,0.276885043263288,0.23428322819229933
1,GE,0.2719406674907293,0.15292582118773113
2,PME,0.4511742892459827,0.6127909506199696
